AMC,FundID,Fund,Category,Latest_Date,Current_NAV,Predicted_NAV_15D,Prediction_Method_NAV_15D,Prediction_Status_NAV_15D,Predicted_NAV_30D,Prediction_Method_NAV_30D,Prediction_Status_NAV_30D,Predicted_NAV_90D,Prediction_Method_NAV_90D,Prediction_Status_NAV_90D,Predicted_NAV_180D,Prediction_Method_NAV_180D,Prediction_Status_NAV_180D,Predicted_NAV_270D,Prediction_Method_NAV_270D,Prediction_Status_NAV_270D,Predicted_NAV_365D,Prediction_Method_NAV_365D,Prediction_Status_NAV_365D,Predicted_NAV_730D,Prediction_Method_NAV_730D,Prediction_Status_NAV_730D,Predicted_NAV_1095D,Prediction_Method_NAV_1095D,Prediction_Status_NAV_1095D,Change_NAV_15D_Percent,Change_NAV_30D_Percent,Change_NAV_90D_Percent,Change_NAV_180D_Percent,Change_NAV_270D_Percent,Change_NAV_365D_Percent,Change_NAV_730D_Percent,Change_NAV_1095D_Percent
ABL Asset Management Company Limited,9557dd30-5dfa-4b79-9bc5-f1635f1232f6,ABL Cash Fund,,2026-08-08,10.3763,10.571188974623569,LightGBM,Model prediction,13.050029754638672,LSTM,Model prediction,10.80137825012207,LSTM,Model prediction,10.872716903686523,LSTM,Model prediction,10.396490440537352,LightGBM,Model prediction,10.61199951171875,LSTM,Model prediction,10.43664562941544,LightGBM,Model prediction,10.193771362304688,LSTM,Model prediction,1.8782126058765478,25.76766048243277,4.096626447983094,4.784141781622765,0.19458227438828735,2.2715178986608855,0.5815717492308313,-1.7590917542410398
ABL Asset Management Company Limited,5dc02e11-3a81-460b-96db-757b79b82a2a,ABL Financial Sector Fund Plan I,,2026-08-08,10.1312,10.401766720303481,LightGBM,Model prediction,10.866071701049805,LSTM,Model prediction,11.074812889099121,LSTM,Model prediction,10.862028121948242,LSTM,Model prediction,10.162030286091836,LightGBM,Model prediction,10.859842300415039,LSTM,Model prediction,10.250093161079,LightGBM,Model prediction,10.073980331420898,LSTM,Model prediction,2.670628556375172,7.253550428871258,9.313930127715585,7.213638285180851,0.30431030965568107,7.192063135808585,1.1735348337709326,-0.5647866844904978
ABL Asset Management Company Limited,4ea3bfbc-4426-4f2b-9693-444c600323ba,ABL Fixed Rate Plan XXIX,,2026-08-07,10.0051,10.0051,Fallback_Latest_NAV,Fallback - only 4 rows (need 30),10.0051,Fallback_Latest_NAV,Fallback - only 4 rows (need 30),10.0051,Fallback_Latest_NAV,Fallback - only 4 rows (need 30),10.0051,Fallback_Latest_NAV,Fallback - only 4 rows (need 30),10.0051,Fallback_Latest_NAV,Fallback - only 4 rows (need 30),10.0051,Fallback_Latest_NAV,Fallback - only 4 rows (need 30),10.0051,Fallback_Latest_NAV,Fallback - only 4 rows (need 30),10.0051,Fallback_Latest_NAV,Fallback - only 4 rows (need 30),0.0,0.0,0.0,0.0,0.0,0.0,0.0,0.0
ABL Asset Management Company Limited,6d770c7a-4605-499d-8a1a-d52d93fac086,ABL Fixed Rate Plan XXVII,,2026-08-07,10.1194,10.334483230748523,LightGBM,Model prediction,11.98289680480957,LSTM,Model prediction,12.037391662597656,LSTM,Model prediction,12.489556312561035,LSTM,Model prediction,9.902571648639162,LightGBM,Model prediction,13.805477142333984,LSTM,Model prediction,9.77837677804564,LightGBM,Model prediction,15.92336654663086,LSTM,Model prediction,2.125454382162207,18.4150918513901,18.953610516410613,23.421905573067914,-2.1426996794359217,36.42584681239978,-3.3699944853880712,57.35484857433107
ABL Asset Management Company Limited,b6a08e1b-fab3-47dd-9ea1-02900a1ef3c6,ABL Fixed Rate Plan XXVIII,,2026-08-07,10.0707,10.0707,Fallback_Latest_NAV,Fallback - only 24 rows (need 30),10.0707,Fallback_Latest_NAV,Fallback - only 24 rows (need 30),10.0707,Fallback_Latest_NAV,Fallback - only 24 rows (need 30),10.0707,Fallback_Latest_NAV,Fallback - only 24 rows (need 30),10.0707,Fallback_Latest_NAV,Fallback - only 24 rows (need 30),10.0707,Fallback_Latest_NAV,Fallback - only 24 rows (need 30),10.0707,Fallback_Latest_NAV,Fallback - only 24 rows (need 30),10.0707,Fallback_Latest_NAV,Fallback - only 24 rows (need 30),0.0,0.0,0.0,0.0,0.0,0.0,0.0,0.0
ABL Asset Management Company Limited,75b0b3b7-946b-4477-983c-7f3ab45d5b78,ABL GOB Islamic Pension Fund,,2026-08-07,100.2048,100.2048,Fallback_Latest_NAV,Fallback - only 12 rows (need 30),100.2048,Fallback_Latest_NAV,Fallback - only 12 rows (need 30),100.2048,Fallback_Latest_NAV,Fallback - only 12 rows (need 30),100.2048,Fallback_Latest_NAV,Fallback - only 12 rows (need 30),100.2048,Fallback_Latest_NAV,Fallback - only 12 rows (need 30),100.2048,Fallback_Latest_NAV,Fallback - only 12 rows (need 30),100.2048,Fallback_Latest_NAV,Fallback - only 12 rows (need 30),100.2048,Fallback_Latest_NAV,Fallback - only 12 rows (need 30),0.0,0.0,0.0,0.0,0.0,0.0,0.0,0.0
ABL Asset Management Company Limited,b7793cb8-d73b-42b0-b35e-0a06da7e161f,ABL GOB Pension Fund,,2026-08-07,100.295,100.295,Fallback_Latest_NAV,Fallback - only 12 rows (need 30),100.295,Fallback_Latest_NAV,Fallback - only 12 rows (need 30),100.295,Fallback_Latest_NAV,Fallback - only 12 rows (need 30),100.295,Fallback_Latest_NAV,Fallback - only 12 rows (need 30),100.295,Fallback_Latest_NAV,Fallback - only 12 rows (need 30),100.295,Fallback_Latest_NAV,Fallback - only 12 rows (need 30),100.295,Fallback_Latest_NAV,Fallback - only 12 rows (need 30),100.295,Fallback_Latest_NAV,Fallback - only 12 rows (need 30),0.0,0.0,0.0,0.0,0.0,0.0,0.0,0.0
ABL Asset Management Company Limited,6695a37d-6617-4491-83d1-1ca6389dbbb4,ABL GOKP Islamic Pension Fund,,2026-08-07,125.7732,125.08736345260748,LightGBM,Model prediction,125.28898620605469,LSTM,Model prediction,125.52510070800781,LSTM,Model prediction,126.10345458984375,LSTM,Model prediction,122.08868125904596,LightGBM,Model prediction,125.35173034667969,LSTM,Model prediction,124.69584031125004,LightGBM,Model prediction,125.79115295410156,LSTM,Model prediction,-0.5452962534089345,-0.3849896432191558,-0.19725926667381466,0.26257946036496427,-2.9294943127423387,-0.3351029100955651,-0.8565892326425384,0.014274069596352582
ABL Asset Management Company Limited,8e4b7cec-5d0e-4f3a-bc49-4e3147f70d6f,ABL GOKP Pension Fund,,2026-08-07,133.8391,134.1852489708001,LightGBM,Model prediction,133.2056121826172,LSTM,Model prediction,133.4757080078125,LSTM,Model prediction,133.9141082763672,LSTM,Model prediction,133.12527186244924,LightGBM,Model prediction,133.5863494873047,LSTM,Model prediction,131.782423864983,LightGBM,Model prediction,133.89364624023438,LSTM,Model prediction,0.2586306772834703,-0.47332044027703,-0.2715140733817711,0.0560436198145277,-0.533347980934393,-0.18884654237462328,-1.536678097071035,0.04075508594601506
ABL Asset Management Company Limited,21f15a98-4daf-4af0-8f24-eef1c3eb26d4,ABL GOPB Islamic Pension Fund,,2026-08-07,104.9129,104.85770470182656,LightGBM,Model prediction,107.93412780761719,LSTM,Model prediction,106.24229431152344,LSTM,Model prediction,114.182861328125,LSTM,Model prediction,104.5552200136085,LightGBM,Model prediction,96.61018371582031,LSTM,Model prediction,104.52579598708684,LightGBM,Model prediction,110.87078094482422,LSTM,Model prediction,-0.05261059238037485,2.8797486368379808,1.2671409440816566,8.835864157910999,-0.34093041598458207,-7.913913621851727,-0.3689765633331609,5.678883097144608
ABL Asset Management Company Limited,6550fa7d-9e38-45ff-adf3-760446ea5af0,ABL GOPB Pension Fund,,2026-08-07,106.786,106.40988635436241,LightGBM,Model prediction,109.22496795654297,LSTM,Model prediction,107.97250366210938,LSTM,Model prediction,114.22369384765625,LSTM,Model prediction,106.445310554973,LightGBM,Model prediction,99.65158081054688,LSTM,Model prediction,106.43429212557176,LightGBM,Model prediction,112.46229553222656,LSTM,Model prediction,-0.3522125050452194,2.2839772596997427,1.111104135475974,6.965045837147424,-0.31903942935122204,-6.681043572615443,-0.32935766339055955,5.315580256050944
ABL Asset Management Company Limited,fcf3e8d3-c525-48dd-9230-911a217fd74e,ABL Government Securities Fund,,2026-08-07,10.2943,10.486207330003067,LightGBM,Model prediction,10.837841987609863,LSTM,Model prediction,11.158681869506836,LSTM,Model prediction,10.896506309509277,LSTM,Model prediction,10.254593973898942,LightGBM,Model prediction,10.935867309570312,LSTM,Model prediction,10.391088396217432,LightGBM,Model prediction,10.069995880126953,LSTM,Model prediction,1.8642096111738258,5.280028633417168,8.39670370502935,5.849900522709437,-0.38570884956779966,6.232257750117179,0.9402134794734202,-2.178915709402744
ABL Asset Management Company Limited,e0d1bf23-1a04-458d-ad31-60abf94434c4,ABL Income Fund,,2026-08-07,10.3236,10.529591327829491,LightGBM,Model prediction,10.861747741699219,LSTM,Model prediction,11.176888465881348,LSTM,Model prediction,10.904998779296875,LSTM,Model prediction,10.267455704541632,LightGBM,Model prediction,10.952839851379395,LSTM,Model prediction,10.391088396217432,LightGBM,Model prediction,10.07552719116211,LSTM,Model prediction,1.9953439481333128,5.212791484552074,8.26541580341496,5.631744539665177,-0.5438441576423788,6.0951591632705036,0.6537292825897099,-2.4029680425228737
ABL Asset Management Company Limited,2be5a242-5dfb-431d-99f6-0aba9de08c7d,ABL Islamic Asset Allocation Fund,,2026-08-08,10.0264,10.401766720303481,LightGBM,Model prediction,11.80775260925293,LSTM,Model prediction,11.211524963378906,LSTM,Model prediction,11.085479736328125,LSTM,Model prediction,9.949757140855269,LightGBM,Model prediction,11.23056411743164,LSTM,Model prediction,9.928339115902153,LightGBM,Model prediction,10.707944869995117,LSTM,Model prediction,3.743783614293071,17.766622209895168,11.820044715739503,10.56291127750862,-0.7644105476016506,12.009934946058804,-0.9780268500942275,6.797503291262233
ABL Asset Management Company Limited,a5e60f4e-689c-4844-a434-b0af693477cf,ABL Islamic Cash Fund,,2026-08-08,10.1364,10.401766720303481,LightGBM,Model prediction,12.52678394317627,LSTM,Model prediction,10.931633949279785,LSTM,Model prediction,11.337486267089844,LSTM,Model prediction,10.17201892235336,LightGBM,Model prediction,10.463285446166992,LSTM,Model prediction,10.206430814654237,LightGBM,Model prediction,10.330463409423828,LSTM,Model prediction,2.6179582524711047,23.58217851679363,7.845329202476077,11.849239050252985,0.35139617964325986,3.2248672720787663,0.6908844822050881,1.914520040880668
ABL Asset Management Company Limited,ba051fe4-9c5a-49fc-bfd8-c9718f79146b,ABL Islamic Dedicated Stock Fund,,2026-08-07,17.669,17.51039449625966,LightGBM,Model prediction,15.09483528137207,LSTM,Model prediction,14.9923734664917,LSTM,Model prediction,10.873259544372559,LSTM,Model prediction,17.228686139473346,LightGBM,Model prediction,10.73527717590332,LSTM,Model prediction,17.31790868624005,LightGBM,Model prediction,9.970684051513672,LSTM,Model prediction,-0.8976484449620227,-14.56881950663835,-15.148715453666314,-38.46137560488676,-2.4920134728997345,-39.24230473765737,-1.9870468830151768,-43.56961881536209
ABL Asset Management Company Limited,0dac6a27-ca7d-40af-8522-a6b1adb6732e,ABL Islamic Financial Planning Fund (Active Allocation Plan),,2026-08-06,83.4233,83.74222415882598,LightGBM,Model prediction,85.88455963134766,LSTM,Model prediction,83.61434173583984,LSTM,Model prediction,83.32402038574219,LSTM,Model prediction,85.11875812168975,LightGBM,Model prediction,83.72920227050781,LSTM,Model prediction,84.3415856650175,LightGBM,Model prediction,82.79553985595703,LSTM,Model prediction,0.3822962635450516,2.950326385251673,0.22900285152930439,-0.11900705709053715,2.0323556149058524,0.36668684948667213,1.1007544235453488,-0.7524997740954461
ABL Asset Management Company Limited,b5b56f84-fff8-40f5-ad3a-27274fd3bd77,ABL Islamic Financial Planning Fund (Capital Preservation Plan I),,2026-08-06,101.0474,100.84590365629215,LightGBM,Model prediction,105.43712615966797,LSTM,Model prediction,101.72819519042969,LSTM,Model prediction,101.83784484863281,LSTM,Model prediction,100.59634060092993,LightGBM,Model prediction,100.55255889892578,LSTM,Model prediction,100.99196632570317,LightGBM,Model prediction,100.89940643310547,LSTM,Model prediction,-0.19940774696612182,4.344224749640241,0.6737384538639207,0.7822515459406342,-0.44638397333336766,-0.48971185906239534,-0.054859080289865726,-0.14645954957230703
ABL Asset Management Company Limited,b065e664-7996-4dd6-a0dc-c8d61bb6ffff,ABL Islamic Financial Planning Fund (Conservative Allocation Plan),,2026-08-06,116.9587,116.51648493550661,LightGBM,Model prediction,117.0142593383789,LSTM,Model prediction,116.96080017089844,LSTM,Model prediction,117.68525695800781,LSTM,Model prediction,116.88397310912367,LightGBM,Model prediction,116.2936019897461,LSTM,Model prediction,116.4797043570392,LightGBM,Model prediction,116.82608795166016,LSTM,Model prediction,-0.3780950579079472,0.047503382287006464,0.0017956517116249377,0.6212081341600234,-0.0638916907218705,-0.56866057014476,-0.409542550456526,-0.11338365452064444
ABL Asset Management Company Limited,9464798d-3ec5-4ff2-a61b-6af5c2511b0e,ABL Islamic Income Fund,,2026-08-08,10.4018,10.571188974623569,LightGBM,Model prediction,12.272626876831055,LSTM,Model prediction,11.474756240844727,LSTM,Model prediction,11.393593788146973,LSTM,Model prediction,10.396490440537352,LightGBM,Model prediction,11.316227912902832,LSTM,Model prediction,10.600745286550595,LightGBM,Model prediction,10.803081512451172,LSTM,Model prediction,1.628458292060692,17.985607075996988,10.31510162514879,9.534828473408188,-0.05104462172554105,8.791054556930842,1.9126044199138128,3.8578083836564074
ABL Asset Management Company Limited,bc148449-d667-4cb2-9cd9-86d900a2e1ed,ABL Islamic Money Market Plan I,,2026-08-08,10.1342,10.401766720303481,LightGBM,Model prediction,12.357873916625977,LSTM,Model prediction,11.648183822631836,LSTM,Model prediction,11.86734390258789,LSTM,Model prediction,10.17201892235336,LightGBM,Model prediction,11.733349800109863,LSTM,Model prediction,10.232945147713119,LightGBM,Model prediction,12.356073379516602,LSTM,Model prediction,2.640235246033049,21.94227385117697,14.939352120856467,17.10193111037764,0.3731811327323281,15.779733971205061,0.9743753598026402,21.924506912401586
ABL Asset Management Company Limited,01fc8b8a-b36d-4059-9c0d-c35ef0ccce07,ABL Islamic Pension Fund,,2026-08-07,233.2011,227.5525970085538,LightGBM,Model prediction,233.8296661376953,LSTM,Model prediction,230.87286376953125,LSTM,Model prediction,229.0726776123047,LSTM,Model prediction,248.62753277712758,LightGBM,Model prediction,247.48226928710938,LSTM,Model prediction,294.21950332941844,LightGBM,Model prediction,232.65785217285156,LSTM,Model prediction,-2.4221596688206906,0.269538238754155,-0.9983813243028213,-1.7703271501272118,6.615077191800377,6.1239716652748974,26.16557268787259,-0.2329525148673974
ABL Asset Management Company Limited,da920268-91cf-40e1-97df-d30ea4733ed2,ABL Islamic Pension Fund,,2026-08-07,236.7007,236.7007,Fallback_Latest_NAV,Fallback - only 1 rows (need 30),236.7007,Fallback_Latest_NAV,Fallback - only 1 rows (need 30),236.7007,Fallback_Latest_NAV,Fallback - only 1 rows (need 30),236.7007,Fallback_Latest_NAV,Fallback - only 1 rows (need 30),236.7007,Fallback_Latest_NAV,Fallback - only 1 rows (need 30),236.7007,Fallback_Latest_NAV,Fallback - only 1 rows (need 30),236.7007,Fallback_Latest_NAV,Fallback - only 1 rows (need 30),236.7007,Fallback_Latest_NAV,Fallback - only 1 rows (need 30),0.0,0.0,0.0,0.0,0.0,0.0,0.0,0.0
ABL Asset Management Company Limited,e9cb1e10-f4c2-4583-94e6-609719009796,ABL Islamic Pension Fund,,2026-08-07,613.2671,613.2671,Fallback_Latest_NAV,Fallback - only 2 rows (need 30),613.2671,Fallback_Latest_NAV,Fallback - only 2 rows (need 30),613.2671,Fallback_Latest_NAV,Fallback - only 2 rows (need 30),613.2671,Fallback_Latest_NAV,Fallback - only 2 rows (need 30),613.2671,Fallback_Latest_NAV,Fallback - only 2 rows (need 30),613.2671,Fallback_Latest_NAV,Fallback - only 2 rows (need 30),613.2671,Fallback_Latest_NAV,Fallback - only 2 rows (need 30),613.2671,Fallback_Latest_NAV,Fallback - only 2 rows (need 30),0.0,0.0,0.0,0.0,0.0,0.0,0.0,0.0
ABL Asset Management Company Limited,5538ee56-0488-47b8-9bbb-cdb403223628,ABL Islamic Sovereign Plan I,,2026-08-07,10.1847,10.422368844961886,LightGBM,Model prediction,11.985527038574219,LSTM,Model prediction,11.34874153137207,LSTM,Model prediction,11.294875144958496,LSTM,Model prediction,10.185855448029809,LightGBM,Model prediction,11.22046947479248,LSTM,Model prediction,10.300611873014564,LightGBM,Model prediction,10.657205581665039,LSTM,Model prediction,2.3335870959565472,17.68168957921411,11.429315849971731,10.90042067963216,0.011344939269782042,10.169857480264328,1.138098058995987,4.6393667134529215
ABL Asset Management Company Limited,6aaa0979-eead-4b43-9bea-ed85446833ea,ABL Islamic Stock Fund,,2026-08-07,32.9003,34.22879986414068,LightGBM,Model prediction,33.93343734741211,LSTM,Model prediction,33.200416564941406,LSTM,Model prediction,34.745601654052734,LSTM,Model prediction,33.013666159913015,LightGBM,Model prediction,34.77618408203125,LSTM,Model prediction,33.381152148067954,LightGBM,Model prediction,34.74787139892578,LSTM,Model prediction,4.037956687752639,3.140206464415546,0.9122000861433021,5.608768473396087,0.34457485163665247,5.701723333924762,1.4615433539145632,5.615667331075339
ABL Asset Management Company Limited,b05df539-9fff-4857-9d11-6acf6e75d754,ABL Money Market Plan I,,2026-08-08,10.1305,10.401766720303481,LightGBM,Model prediction,11.787095069885254,LSTM,Model prediction,11.20904541015625,LSTM,Model prediction,11.142492294311523,LSTM,Model prediction,10.162030286091836,LightGBM,Model prediction,11.067481994628906,LSTM,Model prediction,10.232945147713119,LightGBM,Model prediction,10.352378845214844,LSTM,Model prediction,2.6777229189426146,16.35254992236567,10.646517054007704,9.989559195612495,0.31124116373166677,9.249118944068966,1.011254604541922,2.1902062604495747
ABL Asset Management Company Limited,c11dfbb3-b43b-4561-85fd-b2957830d250,ABL Optimal Asset Allocation Fund,,2026-08-07,10.1164,10.401766720303481,LightGBM,Model prediction,10.720855712890625,LSTM,Model prediction,10.44323444366455,LSTM,Model prediction,11.193414688110352,LSTM,Model prediction,10.987365254690758,LightGBM,Model prediction,9.31410026550293,LSTM,Model prediction,10.51067500599712,LightGBM,Model prediction,10.437549591064453,LSTM,Model prediction,2.820832710287065,5.975008035374485,3.2307386388888366,10.6462248241504,8.609438680664637,-7.930684181102672,3.8973845043406707,3.174544215970628
ABL Asset Management Company Limited,74cb36fb-0746-4449-a95b-973892f0b821,ABL Pension Fund,,2026-08-05,385.3274,392.3657684066309,LightGBM,Model prediction,395.2542724609375,LSTM,Model prediction,402.9327087402344,LSTM,Model prediction,393.2771301269531,LSTM,Model prediction,322.6715500826452,LightGBM,Model prediction,418.08349609375,LSTM,Model prediction,372.53699650758597,LightGBM,Model prediction,397.74072265625,LSTM,Model prediction,1.8265943212527491,2.5762176426948846,4.568922101110474,2.063110520288231,-16.260419040367964,8.500847874755335,-3.31935997606556,3.2215001207414753
ABL Asset Management Company Limited,3233f83b-1098-48b8-8982-50455a6096b8,ABL Special Saving Fund (ABL Special Saving Plan I),,2026-08-07,10.234,10.422368844961886,LightGBM,Model prediction,11.737541198730469,LSTM,Model prediction,11.247426986694336,LSTM,Model prediction,11.1260986328125,LSTM,Model prediction,10.241007453324947,LightGBM,Model prediction,11.090574264526367,LSTM,Model prediction,10.347994677235388,LightGBM,Model prediction,10.311273574829102,LSTM,Model prediction,1.8406179886836613,14.69162789457171,9.902550192440257,8.717008333129764,0.0684722818540856,8.369887282845097,1.113881935073165,0.7550671763640959
ABL Asset Management Company Limited,fa1931ea-7906-4a88-9855-398e599ad23f,ABL Special Saving Fund (ABL Special Saving Plan II),,2026-08-07,10.8742,10.962660375855023,LightGBM,Model prediction,11.970967292785645,LSTM,Model prediction,11.669840812683105,LSTM,Model prediction,11.32223892211914,LSTM,Model prediction,10.67828261695635,LightGBM,Model prediction,11.384005546569824,LSTM,Model prediction,10.810495345677024,LightGBM,Model prediction,10.48386001586914,LSTM,Model prediction,0.8134885863330001,10.085958440948708,7.316775603567209,4.1202012296917525,-1.8016716911924537,4.688211974856303,-0.5858330205714055,-3.5895972497366193
ABL Asset Management Company Limited,35babae6-19fd-48dd-9a98-5215dd4f7b67,ABL Special Saving Fund (ABL Special Saving Plan III),,2026-08-07,10.3428,10.529591327829491,LightGBM,Model prediction,11.7548246383667,LSTM,Model prediction,11.31081485748291,LSTM,Model prediction,11.152037620544434,LSTM,Model prediction,10.267455704541632,LightGBM,Model prediction,11.133797645568848,LSTM,Model prediction,10.47177004893634,LightGBM,Model prediction,10.328109741210938,LSTM,Model prediction,1.8060034790336372,13.652247344690979,9.359311380698744,7.824163868047658,-0.7284709697409627,7.647809544502912,1.2469548762070244,-0.14203367356095967
ABL Asset Management Company Limited,1a6bb393-432c-4a7b-affe-fe1e07c3470d,ABL Special Saving Fund (ABL Special Saving Plan IV),,2026-08-07,10.2753,10.456273104763978,LightGBM,Model prediction,11.306680679321289,LSTM,Model prediction,11.23482894897461,LSTM,Model prediction,11.054003715515137,LSTM,Model prediction,10.254593973898942,LightGBM,Model prediction,10.991077423095703,LSTM,Model prediction,10.353601390364858,LightGBM,Model prediction,10.190263748168945,LSTM,Model prediction,1.7612440003112189,10.037475103610499,9.33820860680087,7.578403701255798,-0.2015126186199709,6.966000244233292,0.7620350779525502,-0.8275792612483757
ABL Asset Management Company Limited,16d6e240-4aea-492d-b65a-fa806629bf3b,ABL Special Saving Fund (ABL Special Saving Plan V),,2026-08-07,10.2697,10.456273104763978,LightGBM,Model prediction,11.711923599243164,LSTM,Model prediction,11.274665832519531,LSTM,Model prediction,11.128002166748047,LSTM,Model prediction,10.241007453324947,LightGBM,Model prediction,11.108359336853027,LSTM,Model prediction,10.343395034718501,LightGBM,Model prediction,10.308727264404297,LSTM,Model prediction,1.8167337387068563,14.043483249200694,9.785736998349815,8.357616743897548,-0.2793903100874725,8.166346990204456,0.7175967625003731,0.38002341260500894
ABL Asset Management Company Limited,b4c9837c-fa61-4263-9c22-58befbf4a233,ABL Special Saving Fund (ABL Special Saving Plan VI),,2026-08-07,10.1962,10.422368844961886,LightGBM,Model prediction,11.71965217590332,LSTM,Model prediction,11.224408149719238,LSTM,Model prediction,11.116912841796875,LSTM,Model prediction,10.241007453324947,LightGBM,Model prediction,11.070502281188965,LSTM,Model prediction,10.313432780954637,LightGBM,Model prediction,10.300527572631836,LSTM,Model prediction,2.218167993584734,14.941372039615947,10.08422892567073,9.029960591170003,0.4394524756767016,8.574785519987502,1.1497693351899474,1.023200531882826
ABL Asset Management Company Limited,ddd878cb-8ef6-4408-a966-690b07fa51a4,ABL Stock Fund,,2026-08-07,38.7189,39.49908692655233,LightGBM,Model prediction,39.73764419555664,LSTM,Model prediction,38.641143798828125,LSTM,Model prediction,40.619136810302734,LSTM,Model prediction,40.21242589964558,LightGBM,Model prediction,40.06358337402344,LSTM,Model prediction,39.611299508971356,LightGBM,Model prediction,40.722537994384766,LSTM,Model prediction,2.0150028191718574,2.631128972043738,-0.2008223404380622,4.907775815693981,3.8573562256303333,3.472937955426006,2.304816275698325,5.174831915123539
ABL Asset Management Company Limited,b91cf7cb-a701-4b78-b871-a8a4cbbfe733,Allied Finergy Fund,,2026-08-07,17.216,17.471909077345355,LightGBM,Model prediction,16.074323654174805,LSTM,Model prediction,17.36761474609375,LSTM,Model prediction,16.53485870361328,LSTM,Model prediction,16.484752852427007,LightGBM,Model prediction,16.96452522277832,LSTM,Model prediction,16.456928281888178,LightGBM,Model prediction,16.868030548095703,LSTM,Model prediction,1.4864607187810992,-6.631484350750444,0.8806618616040249,-3.95644340373327,-4.247485754954656,-1.4607038639735175,-4.409106169329826,-2.0211980245370462
AL Habib Asset Management Limited,1ec0527b-a58a-4dda-9407-f24cdecd8263,AL Habib Asset Allocation Fund,,2026-08-06,105.9059,105.70055973798796,LightGBM,Model prediction,103.90338134765625,LSTM,Model prediction,105.88016510009766,LSTM,Model prediction,105.35637664794922,LSTM,Model prediction,105.09451171552965,LightGBM,Model prediction,104.76309967041016,LSTM,Model prediction,105.74018291202471,LightGBM,Model prediction,105.16336059570312,LSTM,Model prediction,-0.1938893508407404,-1.8908471127139777,-0.024299779240199403,-0.5188788840383621,-0.7661407763593473,-1.07907144888986,-0.15647578461190112,-0.7011312913604224
AL Habib Asset Management Limited,2c6a2944-2209-4172-9204-4c61b3bfd4d3,AL Habib Cash Fund,,2026-08-07,103.0109,102.90846295513279,LightGBM,Model prediction,104.29647064208984,LSTM,Model prediction,103.63623809814453,LSTM,Model prediction,103.93159484863281,LSTM,Model prediction,102.98574920246051,LightGBM,Model prediction,102.40519714355469,LSTM,Model prediction,103.07004809243139,LightGBM,Model prediction,102.98612976074219,LSTM,Model prediction,-0.09944291804771713,1.2479947676312284,0.6070601248455499,0.8937839089191589,-0.02441566624453896,-0.5879988005592797,0.057419256050947644,-0.024046231280203424
AL Habib Asset Management Limited,2e63811a-3286-4d96-9da1-6dda953b165e,AL Habib Fixed Return Fund Plan 19,,2026-08-06,101.0858,101.0237614293643,LightGBM,Model prediction,105.95836639404297,LSTM,Model prediction,101.81109619140625,LSTM,Model prediction,102.29586029052734,LSTM,Model prediction,101.01076598636405,LightGBM,Model prediction,100.71260833740234,LSTM,Model prediction,101.22946948968311,LightGBM,Model prediction,101.16938018798828,LSTM,Model prediction,-0.06137219138168461,4.820228354569052,0.717505516508,1.1970625849796288,-0.07422804551772538,-0.369183072793273,0.14212628250763773,0.08268242224751167
AL Habib Asset Management Limited,79e0293d-f58c-469f-98e9-848669918fb5,AL Habib Fixed Return Fund Plan 23,,2026-08-06,101.1896,101.13235204125276,LightGBM,Model prediction,104.0645523071289,LSTM,Model prediction,101.88282775878906,LSTM,Model prediction,102.39897918701172,LSTM,Model prediction,101.12110957132062,LightGBM,Model prediction,100.75614929199219,LSTM,Model prediction,101.5358131536868,LightGBM,Model prediction,101.23324584960938,LSTM,Model prediction,-0.05657494322266329,2.8411539398603294,0.6850780700675404,1.1951615452691977,-0.06768524500480522,-0.4283549969639283,0.3421430203171119,0.043132742504542305
AL Habib Asset Management Limited,2497c7f0-2919-4d07-b6f8-bf72a50b8bc9,AL Habib Fixed Return Fund Plan 28,,2026-08-06,101.167,101.0415150703409,LightGBM,Model prediction,102.3917465209961,LSTM,Model prediction,101.7415771484375,LSTM,Model prediction,102.24815368652344,LSTM,Model prediction,101.10673572517919,LightGBM,Model prediction,100.56080627441406,LSTM,Model prediction,101.37662800616431,LightGBM,Model prediction,101.0954360961914,LSTM,Model prediction,-0.12403741304881508,1.2106186019117817,0.5679491814895158,1.068682165650297,-0.05956910338431481,-0.5992010493401397,0.20720986701622918,-0.07073838683423976
AL Habib Asset Management Limited,1a810230-c2e9-47bb-a679-985286004369,AL Habib Fixed Return Fund Plan 31,,2026-08-06,100.8892,100.68483612404204,LightGBM,Model prediction,88.1068115234375,LSTM,Model prediction,85.12115478515625,LSTM,Model prediction,81.19351196289062,LSTM,Model prediction,100.54461904739746,LightGBM,Model prediction,84.44447326660156,LSTM,Model prediction,99.87975415800125,LightGBM,Model prediction,91.8700180053711,LSTM,Model prediction,-0.20256268853154394,-12.669729244123754,-15.629071510968224,-19.522097545732723,-0.34154394385379344,-16.299789009525735,-1.0005489606407372,-8.939690268759103
AL Habib Asset Management Limited,71661593-ff93-41a8-b285-2dd4c0be8f9f,AL Habib Fixed Return Fund Plan 32,,2026-07-03,100.0,100.0,Fallback_Latest_NAV,Fallback - only 18 rows (need 30),100.0,Fallback_Latest_NAV,Fallback - only 18 rows (need 30),100.0,Fallback_Latest_NAV,Fallback - only 18 rows (need 30),100.0,Fallback_Latest_NAV,Fallback - only 18 rows (need 30),100.0,Fallback_Latest_NAV,Fallback - only 18 rows (need 30),100.0,Fallback_Latest_NAV,Fallback - only 18 rows (need 30),100.0,Fallback_Latest_NAV,Fallback - only 18 rows (need 30),100.0,Fallback_Latest_NAV,Fallback - only 18 rows (need 30),0.0,0.0,0.0,0.0,0.0,0.0,0.0,0.0
AL Habib Asset Management Limited,5210066e-03ca-4450-9bff-cfd58e349288,AL Habib Fixed Return Fund Plan 33,,2026-08-06,100.434,100.434,Fallback_Latest_NAV,Fallback - only 21 rows (need 30),100.434,Fallback_Latest_NAV,Fallback - only 21 rows (need 30),100.434,Fallback_Latest_NAV,Fallback - only 21 rows (need 30),100.434,Fallback_Latest_NAV,Fallback - only 21 rows (need 30),100.434,Fallback_Latest_NAV,Fallback - only 21 rows (need 30),100.434,Fallback_Latest_NAV,Fallback - only 21 rows (need 30),100.434,Fallback_Latest_NAV,Fallback - only 21 rows (need 30),100.434,Fallback_Latest_NAV,Fallback - only 21 rows (need 30),0.0,0.0,0.0,0.0,0.0,0.0,0.0,0.0
AL Habib Asset Management Limited,9ddce357-9d75-4c09-9a36-5fdbc982d352,AL Habib GOKP Islamic Pension Fund,,2026-08-06,136.3175,137.00772424061225,LightGBM,Model prediction,135.5590057373047,LSTM,Model prediction,135.57618713378906,LSTM,Model prediction,136.07521057128906,LSTM,Model prediction,134.01666626374504,LightGBM,Model prediction,135.8755340576172,LSTM,Model prediction,138.40097663576452,LightGBM,Model prediction,136.52818298339844,LSTM,Model prediction,0.5063357533788784,-0.5564173805236363,-0.5438134254302881,-0.1777390494330757,-1.6878491288755724,-0.32421805152149064,1.528399974885489,0.15455314497290668
AL Habib Asset Management Limited,1e104377-eba8-4f78-9e00-dc4bbfeba99e,AL Habib GOKP Pension Fund,,2026-08-06,141.5909,143.5354827155594,LightGBM,Model prediction,140.3007354736328,LSTM,Model prediction,140.68019104003906,LSTM,Model prediction,141.06898498535156,LSTM,Model prediction,142.19534680554594,LightGBM,Model prediction,141.3917694091797,LSTM,Model prediction,142.80001643397492,LightGBM,Model prediction,141.9525604248047,LSTM,Model prediction,1.3733811392959518,-0.9111916983133749,-0.64319738059504,-0.3686077386671335,0.4268966476983572,-0.14063798649511894,0.8539506663033519,0.25542631963260537
AL Habib Asset Management Limited,919028b1-f93b-42f3-bdce-7250877a0ac6,AL Habib Government Securities Fund,,2026-08-06,101.9282,101.81174632513041,LightGBM,Model prediction,103.46417999267578,LSTM,Model prediction,102.56260681152344,LSTM,Model prediction,102.75054931640625,LSTM,Model prediction,101.87471354827132,LightGBM,Model prediction,101.37423706054688,LSTM,Model prediction,101.86468808516229,LightGBM,Model prediction,101.9551010131836,LSTM,Model prediction,-0.11425069300702795,1.506923493867033,0.622405586994996,0.8067927388163884,-0.05247463580116956,-0.543483490783835,-0.06231044484030775,0.026392120319587552
AL Habib Asset Management Limited,66c1689b-8475-440d-9569-d2199210cefc,AL Habib Income Fund,,2026-08-06,104.2435,104.35789999719601,LightGBM,Model prediction,106.3221206665039,LSTM,Model prediction,104.83271789550781,LSTM,Model prediction,105.13561248779297,LSTM,Model prediction,103.88907292671148,LightGBM,Model prediction,103.57205200195312,LSTM,Model prediction,104.1049878004063,LightGBM,Model prediction,104.19313049316406,LSTM,Model prediction,0.10974305083388126,1.994005061710235,0.5652322643693037,0.8557967525965373,-0.33999920694193836,-0.6441149789165487,-0.13287370396589843,-0.048319086404365635
AL Habib Asset Management Limited,5490a49d-24d9-4dc2-8f5b-97f72bf80677,AL Habib Islamic Cash Fund,,2026-08-07,101.9945,101.9872622531134,LightGBM,Model prediction,103.78685760498047,LSTM,Model prediction,102.685302734375,LSTM,Model prediction,103.13628387451172,LSTM,Model prediction,101.93870803597605,LightGBM,Model prediction,101.36748504638672,LSTM,Model prediction,101.82984232032652,LightGBM,Model prediction,101.9188461303711,LSTM,Model prediction,-0.007096212919914585,1.7573080950251891,0.6772941034810679,1.1194563182443333,-0.05470095350627068,-0.6147536912414722,-0.1614378026986573,-0.07417446002373501
AL Habib Asset Management Limited,68d670c9-c6dc-472e-94b8-5765068198f9,AL Habib Islamic Income Fund,,2026-08-06,103.1952,103.09700211656356,LightGBM,Model prediction,104.8793716430664,LSTM,Model prediction,103.77562713623047,LSTM,Model prediction,104.08489990234375,LSTM,Model prediction,103.02996327187763,LightGBM,Model prediction,102.55253601074219,LSTM,Model prediction,103.14079215663483,LightGBM,Model prediction,103.14613342285156,LSTM,Model prediction,-0.09515741375222996,1.6320251746848753,0.5624555562957084,0.8621524085846534,-0.16012055611342982,-0.6227653895315018,-0.052723230697909525,-0.047547344400163304
AL Habib Asset Management Limited,16f21e81-fd8f-41db-b34f-eb3e639f1a8a,AL Habib Islamic Money Market Fund,,2026-08-07,101.3352,101.17590295169087,LightGBM,Model prediction,104.49533081054688,LSTM,Model prediction,101.21192169189453,LSTM,Model prediction,98.66403198242188,LSTM,Model prediction,101.63249324819229,LightGBM,Model prediction,100.52071380615234,LSTM,Model prediction,102.84282350642272,LightGBM,Model prediction,101.66368103027344,LSTM,Model prediction,-0.15719813876039898,3.118492696068962,-0.12165398410963726,-2.6359725125900235,0.29337609063019526,-0.8037544642411094,1.4877589489365173,0.3241529402156774
AL Habib Asset Management Limited,b4ed0a1d-94c1-4037-a67d-4d8cfa845f0e,AL Habib Islamic Munafa Fund Plan 8,,2026-08-06,101.1634,101.08506598077902,LightGBM,Model prediction,88.20568084716797,LSTM,Model prediction,85.41837310791016,LSTM,Model prediction,81.57451629638672,LSTM,Model prediction,100.85970720638261,LightGBM,Model prediction,84.73600769042969,LSTM,Model prediction,100.1748520446758,LightGBM,Model prediction,92.17706298828125,LSTM,Model prediction,-0.07743316181640292,-12.808702705555595,-15.563955829964037,-19.36360749402776,-0.3002002637489317,-16.238473904169204,-0.9771794496074604,-8.882992279538595
AL Habib Asset Management Limited,79f0367c-04b4-4bcc-adaa-125a64d6c49d,AL Habib Islamic Munafa Fund Plan 9,,2026-08-06,100.2627,100.2627,Fallback_Latest_NAV,Fallback - only 10 rows (need 30),100.2627,Fallback_Latest_NAV,Fallback - only 10 rows (need 30),100.2627,Fallback_Latest_NAV,Fallback - only 10 rows (need 30),100.2627,Fallback_Latest_NAV,Fallback - only 10 rows (need 30),100.2627,Fallback_Latest_NAV,Fallback - only 10 rows (need 30),100.2627,Fallback_Latest_NAV,Fallback - only 10 rows (need 30),100.2627,Fallback_Latest_NAV,Fallback - only 10 rows (need 30),100.2627,Fallback_Latest_NAV,Fallback - only 10 rows (need 30),0.0,0.0,0.0,0.0,0.0,0.0,0.0,0.0
AL Habib Asset Management Limited,020de6c4-d1e0-406d-ae80-03e0970fca3b,AL Habib Islamic Pension Fund,,2026-08-06,169.9986,169.9986,Fallback_Latest_NAV,Fallback - only 2 rows (need 30),169.9986,Fallback_Latest_NAV,Fallback - only 2 rows (need 30),169.9986,Fallback_Latest_NAV,Fallback - only 2 rows (need 30),169.9986,Fallback_Latest_NAV,Fallback - only 2 rows (need 30),169.9986,Fallback_Latest_NAV,Fallback - only 2 rows (need 30),169.9986,Fallback_Latest_NAV,Fallback - only 2 rows (need 30),169.9986,Fallback_Latest_NAV,Fallback - only 2 rows (need 30),169.9986,Fallback_Latest_NAV,Fallback - only 2 rows (need 30),0.0,0.0,0.0,0.0,0.0,0.0,0.0,0.0
AL Habib Asset Management Limited,63696cbd-bc4a-4d50-a078-7568a1d45459,AL Habib Islamic Pension Fund,,2026-08-06,168.6669,168.6669,Fallback_Latest_NAV,Fallback - only 1 rows (need 30),168.6669,Fallback_Latest_NAV,Fallback - only 1 rows (need 30),168.6669,Fallback_Latest_NAV,Fallback - only 1 rows (need 30),168.6669,Fallback_Latest_NAV,Fallback - only 1 rows (need 30),168.6669,Fallback_Latest_NAV,Fallback - only 1 rows (need 30),168.6669,Fallback_Latest_NAV,Fallback - only 1 rows (need 30),168.6669,Fallback_Latest_NAV,Fallback - only 1 rows (need 30),168.6669,Fallback_Latest_NAV,Fallback - only 1 rows (need 30),0.0,0.0,0.0,0.0,0.0,0.0,0.0,0.0
AL Habib Asset Management Limited,a56a55a8-e488-4002-9a97-8871f7259c3c,AL Habib Islamic Pension Fund,,2026-08-06,462.1552,472.2343534515626,LightGBM,Model prediction,457.3475341796875,LSTM,Model prediction,468.154296875,LSTM,Model prediction,451.38128662109375,LSTM,Model prediction,482.3982170475332,LightGBM,Model prediction,475.40936279296875,LSTM,Model prediction,493.96301509938485,LightGBM,Model prediction,461.1256408691406,LSTM,Model prediction,2.180902314106301,-1.040270848475248,1.2980697555712932,-2.331232750146754,4.380133999905922,2.867902988642943,6.882496420982577,-0.2227734602703495
AL Habib Asset Management Limited,ee5d8a4d-62b9-49a7-a7db-2249e63a38fb,AL Habib Islamic Savings Fund,,2026-08-07,102.083,102.0509787465298,LightGBM,Model prediction,104.06550598144531,LSTM,Model prediction,102.75828552246094,LSTM,Model prediction,103.09416961669922,LSTM,Model prediction,101.94231735688976,LightGBM,Model prediction,101.4621810913086,LSTM,Model prediction,102.26053724631699,LightGBM,Model prediction,102.03590393066406,LSTM,Model prediction,-0.03136786092709377,1.942053017099139,0.661506345288578,0.9905367364783759,-0.13781201875947888,-0.6081511208442195,0.17391460509290216,-0.04613507570891912
AL Habib Asset Management Limited,a90441e1-ecae-4dc4-835a-f9b23e3b75c4,AL Habib Islamic Stock Fund,,2026-08-06,168.4085,167.6525504406459,LightGBM,Model prediction,162.78463745117188,LSTM,Model prediction,166.5063018798828,LSTM,Model prediction,167.32119750976562,LSTM,Model prediction,160.80552330187587,LightGBM,Model prediction,173.5959930419922,LSTM,Model prediction,151.31701965001346,LightGBM,Model prediction,168.08700561523438,LSTM,Model prediction,-0.4488785063426686,-3.3394172793108003,-1.1295143179335907,-0.6456339734837485,-4.514603893582651,3.0803035725585017,-10.148822862258461,-0.19090151908343617
AL Habib Asset Management Limited,c4952e08-f290-4b3f-ad4e-24c578558840,AL Habib Money Market Fund,,2026-08-07,102.23,102.10992050819729,LightGBM,Model prediction,104.3193130493164,LSTM,Model prediction,102.91828155517578,LSTM,Model prediction,103.25302124023438,LSTM,Model prediction,102.15273871191621,LightGBM,Model prediction,101.62159729003906,LSTM,Model prediction,102.28091821873477,LightGBM,Model prediction,102.19915771484375,LSTM,Model prediction,-0.11746013088399963,2.0437376986368014,0.6732676857828204,1.0007055074189288,-0.07557594452097206,-0.5951312823642194,0.04980751123424118,-0.0301695051905057
AL Habib Asset Management Limited,133edc1b-028d-45b9-a2ec-027e1ceb0002,AL Habib Pension Fund,,2026-08-06,184.4549,184.4549,Fallback_Latest_NAV,Fallback - only 1 rows (need 30),184.4549,Fallback_Latest_NAV,Fallback - only 1 rows (need 30),184.4549,Fallback_Latest_NAV,Fallback - only 1 rows (need 30),184.4549,Fallback_Latest_NAV,Fallback - only 1 rows (need 30),184.4549,Fallback_Latest_NAV,Fallback - only 1 rows (need 30),184.4549,Fallback_Latest_NAV,Fallback - only 1 rows (need 30),184.4549,Fallback_Latest_NAV,Fallback - only 1 rows (need 30),184.4549,Fallback_Latest_NAV,Fallback - only 1 rows (need 30),0.0,0.0,0.0,0.0,0.0,0.0,0.0,0.0
AL Habib Asset Management Limited,31c18202-70f8-4a33-888e-9d6c7ec76916,AL Habib Pension Fund,,2026-08-06,544.4373,559.967133205738,LightGBM,Model prediction,525.8907470703125,LSTM,Model prediction,535.581787109375,LSTM,Model prediction,521.66357421875,LSTM,Model prediction,583.8844467258308,LightGBM,Model prediction,537.7646484375,LSTM,Model prediction,529.991741144539,LightGBM,Model prediction,533.2079467773438,LSTM,Model prediction,2.852455775116434,-3.406554424115972,-1.6265441200713195,-4.182984116123206,7.245489375145815,-1.2256051454409993,-2.6533007300309985,-2.0625613312416875
AL Habib Asset Management Limited,60bc6804-cf94-4964-ac41-4a9c9101d483,AL Habib Pension Fund,,2026-08-06,188.9689,188.9689,Fallback_Latest_NAV,Fallback - only 2 rows (need 30),188.9689,Fallback_Latest_NAV,Fallback - only 2 rows (need 30),188.9689,Fallback_Latest_NAV,Fallback - only 2 rows (need 30),188.9689,Fallback_Latest_NAV,Fallback - only 2 rows (need 30),188.9689,Fallback_Latest_NAV,Fallback - only 2 rows (need 30),188.9689,Fallback_Latest_NAV,Fallback - only 2 rows (need 30),188.9689,Fallback_Latest_NAV,Fallback - only 2 rows (need 30),188.9689,Fallback_Latest_NAV,Fallback - only 2 rows (need 30),0.0,0.0,0.0,0.0,0.0,0.0,0.0,0.0
AL Habib Asset Management Limited,1dc69964-5f36-4f92-9e01-a0527c4e93ee,AL Habib Sovereign Income Fund Plan 1,,2026-08-06,101.4737,101.33353224493244,LightGBM,Model prediction,102.88375854492188,LSTM,Model prediction,102.11974334716797,LSTM,Model prediction,102.32229614257812,LSTM,Model prediction,101.52106832638744,LightGBM,Model prediction,100.94722747802734,LSTM,Model prediction,101.6594075182385,LightGBM,Model prediction,101.51708221435547,LSTM,Model prediction,-0.13813210227630562,1.389580300040189,0.6366608758407105,0.8362720020834278,0.046680397371380015,-0.5188265747406965,0.18301049260892405,0.042752175544476016
AL Habib Asset Management Limited,bc6a1478-666c-4d9c-b26f-a77b45c45e81,AL Habib Sovereign Income Fund Plan 2,,2026-08-06,101.3927,101.21788656738387,LightGBM,Model prediction,102.75103759765625,LSTM,Model prediction,102.04804992675781,LSTM,Model prediction,102.24575805664062,LSTM,Model prediction,101.26598122312288,LightGBM,Model prediction,100.86857604980469,LSTM,Model prediction,101.442781513391,LightGBM,Model prediction,101.43824005126953,LSTM,Model prediction,-0.1724122472487008,1.3396798760228745,0.6463482348904876,0.8413407046470013,-0.12497820541037619,-0.5169247393503846,0.04939360860396501,0.04491452665677737
AL Habib Asset Management Limited,c1291273-fd3c-4aca-871b-39109a001ab1,AL Habib Sovereign Income Fund Plan 3,,2026-08-06,101.4298,101.21788656738387,LightGBM,Model prediction,102.8355712890625,LSTM,Model prediction,102.10186767578125,LSTM,Model prediction,102.32827758789062,LSTM,Model prediction,101.26598122312288,LightGBM,Model prediction,100.9229965209961,LSTM,Model prediction,101.46562049117419,LightGBM,Model prediction,101.50537109375,LSTM,Model prediction,-0.20892620572664908,1.3859549058190983,0.6625939080834723,0.885812244419909,-0.16150951384812132,-0.49965934962299685,0.03531554944818206,0.07450580968315014
AL Habib Asset Management Limited,bd6cc51a-fc3c-42e1-b42e-0a380c285977,AL Habib Stock Fund,,2026-08-06,157.7977,158.7350509274187,LightGBM,Model prediction,155.1325225830078,LSTM,Model prediction,156.03677368164062,LSTM,Model prediction,156.91708374023438,LSTM,Model prediction,154.98559028222397,LightGBM,Model prediction,160.83157348632812,LSTM,Model prediction,143.32967867166903,LightGBM,Model prediction,157.31109619140625,LSTM,Model prediction,0.5940206526576243,-1.6889836905051085,-1.1159391539669887,-0.5580666003152245,-1.7820980393098411,1.9226347952651612,-9.168714961200934,-0.30837192721677303
Al Meezan Investment Management Limited,ea6b13b2-f1e1-460a-904f-29a8747521da,Al Meezan Mutual Fund,,2026-08-07,51.4443,51.56072882039499,LightGBM,Model prediction,53.36672592163086,LSTM,Model prediction,50.91191101074219,LSTM,Model prediction,52.542266845703125,LSTM,Model prediction,50.93740087473064,LightGBM,Model prediction,52.83338928222656,LSTM,Model prediction,49.54826456620406,LightGBM,Model prediction,52.79754638671875,LSTM,Model prediction,0.22632015674232847,3.7369075322841616,-1.0348843103275016,2.1342827984890973,-0.9853358394795078,2.700181132266479,-3.6856083838169384,2.630507921613768
Al Meezan Investment Management Limited,a0aac2a4-0ec4-4718-b2e5-4580f5cd8ddd,KSE Meezan Index Fund,,2026-08-07,183.3585,185.85699619758708,LightGBM,Model prediction,175.6232452392578,LSTM,Model prediction,181.02133178710938,LSTM,Model prediction,181.96475219726562,LSTM,Model prediction,174.46434224381963,LightGBM,Model prediction,192.9041748046875,LSTM,Model prediction,156.30965197018241,LightGBM,Model prediction,183.81614685058594,LSTM,Model prediction,1.3626290559680012,-4.218650763799977,-1.2746440513478337,-0.7601217302357771,-4.850692908253702,5.206017067486649,-14.751892074715695,0.24959129278759656
Al Meezan Investment Management Limited,53c770de-13ae-4a3b-8fbc-f74f0cf53c6e,Meezan Asset Allocation Fund,,2026-08-07,118.9767,118.50358400872203,LightGBM,Model prediction,117.79251098632812,LSTM,Model prediction,118.66957092285156,LSTM,Model prediction,118.19400024414062,LSTM,Model prediction,117.12564378879428,LightGBM,Model prediction,117.71217346191406,LSTM,Model prediction,116.47246731452476,LightGBM,Model prediction,117.81605529785156,LSTM,Model prediction,-0.39765432330697065,-0.9953116985694417,-0.25814220527921133,-0.6578596950994345,-1.5558140469568544,-1.0628354443230745,-2.104809332814938,-0.9755226881804854
Al Meezan Investment Management Limited,f6bcc825-99fe-47f8-a09c-805f9e46697c,Meezan Balanced Fund,,2026-08-07,27.7872,29.09155085746692,LightGBM,Model prediction,28.393835067749023,LSTM,Model prediction,28.662870407104492,LSTM,Model prediction,28.17904281616211,LSTM,Model prediction,27.73316587586219,LightGBM,Model prediction,29.90367317199707,LSTM,Model prediction,24.818361507931805,LightGBM,Model prediction,28.14236068725586,LSTM,Model prediction,4.694070858045869,2.183145720867971,3.151344529511767,1.410155813331717,-0.19445688711999512,7.616719827823861,-10.684194492673585,1.2781449273617378
Al Meezan Investment Management Limited,5574fc16-dffd-4a70-84cc-b4623e55c91b,Meezan Capital Protected Fund III (Meezan Capital Secure Plan I),,2026-08-07,50.3772,50.4351542478965,LightGBM,Model prediction,53.08073806762695,LSTM,Model prediction,48.536739349365234,LSTM,Model prediction,50.190921783447266,LSTM,Model prediction,50.19560321987446,LightGBM,Model prediction,52.19050216674805,LSTM,Model prediction,50.125977096610875,LightGBM,Model prediction,51.64113998413086,LSTM,Model prediction,0.1150406292856624,5.366590575948943,-3.6533603507832266,-0.36976691152492863,-0.3604741433139304,3.5994500820769013,-0.49868373666882504,2.5089524311213354
Al Meezan Investment Management Limited,a0674272-8a64-4fb8-b708-4e60a1e7f135,Meezan Cash Fund,,2026-08-07,52.1339,52.18978786494206,LightGBM,Model prediction,55.08623123168945,LSTM,Model prediction,52.042755126953125,LSTM,Model prediction,53.64779281616211,LSTM,Model prediction,52.546783197124846,LightGBM,Model prediction,54.63925552368164,LSTM,Model prediction,52.26410178830231,LightGBM,Model prediction,54.25986862182617,LSTM,Model prediction,0.10720062174912079,5.662977892867129,-0.17482841883471606,2.9038549123739306,0.7919668337201874,4.8056169281055965,0.24974496115256184,4.0779006017700095
Al Meezan Investment Management Limited,e60ffab4-0c95-4fb5-bacf-b042a6db44e7,Meezan Daily Income Fund (MDIP I),,2026-08-07,50.0,50.17211721827624,LightGBM,Model prediction,51.883296966552734,LSTM,Model prediction,50.497493743896484,LSTM,Model prediction,51.30253219604492,LSTM,Model prediction,50.14518434064603,LightGBM,Model prediction,52.13497543334961,LSTM,Model prediction,49.99166606565161,LightGBM,Model prediction,52.08486557006836,LSTM,Model prediction,0.3442344365524832,3.7665939331054688,0.9949874877929689,2.6050643920898438,0.2903686812920654,4.269950866699219,-0.016667868696785604,4.169731140136719
Al Meezan Investment Management Limited,f59d97bf-9cf6-48ae-9353-f4d1f9087be2,Meezan Daily Income Fund (Meezan Mahana Munafa Plan),,2026-08-07,50.0,50.17211721827624,LightGBM,Model prediction,51.8799934387207,LSTM,Model prediction,50.4971923828125,LSTM,Model prediction,51.29981994628906,LSTM,Model prediction,50.14518434064603,LightGBM,Model prediction,52.13225173950195,LSTM,Model prediction,49.99166606565161,LightGBM,Model prediction,52.08131790161133,LSTM,Model prediction,0.3442344365524832,3.7599868774414062,0.9943847656249999,2.599639892578125,0.2903686812920654,4.264503479003906,-0.016667868696785604,4.162635803222656
Al Meezan Investment Management Limited,4021c591-4da4-48f5-ba76-5b7b6059298c,Meezan Daily Income Fund (Meezan Munafa Plan I),,2026-08-07,51.0845,51.19986547626304,LightGBM,Model prediction,53.717010498046875,LSTM,Model prediction,51.37067794799805,LSTM,Model prediction,52.57585525512695,LSTM,Model prediction,51.5589430952935,LightGBM,Model prediction,53.43906784057617,LSTM,Model prediction,51.34832228058455,LightGBM,Model prediction,53.21556091308594,LSTM,Model prediction,0.2258326425100448,5.1532470672060535,0.5602050484942565,2.919388963632716,0.9287417813495326,4.60916293704778,0.5164429143567006,4.171638976765828
Al Meezan Investment Management Limited,59388468-886e-43d6-9bcd-3d31015ad484,Meezan Daily Income Fund (Meezan Sehl Account Plan) (MSHP),,2026-08-07,51.1802,51.19986547626304,LightGBM,Model prediction,53.76309585571289,LSTM,Model prediction,51.42539978027344,LSTM,Model prediction,52.66580581665039,LSTM,Model prediction,51.5589430952935,LightGBM,Model prediction,53.48686981201172,LSTM,Model prediction,51.4551386744949,LightGBM,Model prediction,53.28738784790039,LSTM,Model prediction,0.03842399260464603,5.046670110145899,0.47909109435570446,2.902696387764001,0.740018787135457,4.506957401518008,0.5371973429078,4.11719346133933
Al Meezan Investment Management Limited,bb74d84b-df7c-4b88-9c0f-3c8dee5ee5a3,Meezan Daily Income Fund (Meezan Super Saver Plan) (MSSP),,2026-08-07,51.1166,51.19986547626304,LightGBM,Model prediction,53.69752883911133,LSTM,Model prediction,51.372459411621094,LSTM,Model prediction,52.604248046875,LSTM,Model prediction,51.5589430952935,LightGBM,Model prediction,53.468017578125,LSTM,Model prediction,51.4159523058895,LightGBM,Model prediction,53.22967529296875,LSTM,Model prediction,0.16289322111221022,5.04910115131157,0.5005407472740665,2.9103032026288953,0.8653609498548459,4.600105598034693,0.585626402948356,4.133833809308037
Al Meezan Investment Management Limited,e88b6193-2b53-4b92-9167-1b4df4015355,Meezan Dedicated Equity Fund,,2026-08-07,97.4945,97.84844641484929,LightGBM,Model prediction,101.75625610351562,LSTM,Model prediction,97.36012268066406,LSTM,Model prediction,97.94879150390625,LSTM,Model prediction,98.23607454820308,LightGBM,Model prediction,96.17618560791016,LSTM,Model prediction,96.75015884267629,LightGBM,Model prediction,96.13546752929688,LSTM,Model prediction,0.36304244326530183,4.371278485981899,-0.13783066668985397,0.4659662892842651,0.7606321876650229,-1.3521936028082053,-0.763469895556895,-1.393958090664732
Al Meezan Investment Management Limited,577b4243-ec39-479b-bf89-fbd18187ede2,Meezan Dynamic Asset Allocation Fund (Meezan Dividend Yield Plan),,2026-08-07,85.9338,86.74261279280616,LightGBM,Model prediction,87.6599349975586,LSTM,Model prediction,86.41316986083984,LSTM,Model prediction,86.63716125488281,LSTM,Model prediction,87.64325992589035,LightGBM,Model prediction,85.54830932617188,LSTM,Model prediction,86.4459169063095,LightGBM,Model prediction,85.4711685180664,LSTM,Model prediction,0.9412045002154578,2.0086799345060835,0.5578362190893905,0.8184919727543847,1.9892753792923656,-0.4485902797596871,0.5959435126917476,-0.5383579940996428
Al Meezan Investment Management Limited,25ec9842-c58c-4b3a-bb7c-eb2a08778fae,Meezan Energy Fund,,2026-08-07,63.7744,63.771143831463135,LightGBM,Model prediction,66.25588989257812,LSTM,Model prediction,62.25478744506836,LSTM,Model prediction,64.4078598022461,LSTM,Model prediction,63.89359594841096,LightGBM,Model prediction,64.23544311523438,LSTM,Model prediction,63.74855974370567,LightGBM,Model prediction,64.30653381347656,LSTM,Model prediction,-0.005105761146894105,3.8910438868544825,-2.3827939658101696,0.9932822609794741,0.18690250070712025,0.7229281894214215,-0.04051822721080918,0.8344003447724518
Al Meezan Investment Management Limited,9b8ed6b7-6c3f-4a08-ac96-d67a6433e593,Meezan Financial Planning Fund of Funds (Aggressive),,2026-08-06,185.8877,180.62668003790594,LightGBM,Model prediction,178.5978546142578,LSTM,Model prediction,182.7488555908203,LSTM,Model prediction,183.3096160888672,LSTM,Model prediction,174.14719936839967,LightGBM,Model prediction,193.83961486816406,LSTM,Model prediction,155.59158356891317,LightGBM,Model prediction,185.57046508789062,LSTM,Model prediction,-2.8302141357895403,-3.921639455295957,-1.6885702546105434,-1.386903980808202,-6.315910429576743,4.27780583016739,-16.298074822103253,-0.17065944229196997
Al Meezan Investment Management Limited,f38648ed-8c0b-4544-847a-c495c4ed2b8d,Meezan Financial Planning Fund of Funds (Conservative),,2026-08-06,126.8026,126.38595131777174,LightGBM,Model prediction,126.2512435913086,LSTM,Model prediction,126.40377807617188,LSTM,Model prediction,126.54270935058594,LSTM,Model prediction,123.01060506516306,LightGBM,Model prediction,125.86511993408203,LSTM,Model prediction,124.08676458589298,LightGBM,Model prediction,126.1751708984375,LSTM,Model prediction,-0.3285805513674455,-0.4348147504005474,-0.3145218819078814,-0.2049568773937291,-2.9904709641891696,-0.7393224318097318,-2.141782119693933,-0.4948077575400648
Al Meezan Investment Management Limited,28d5daa6-1b6f-4405-aa34-cdbe40e7d1c3,Meezan Financial Planning Fund of Funds (MAAP I),,2026-08-06,145.4158,143.8353567141567,LightGBM,Model prediction,141.81661987304688,LSTM,Model prediction,144.0254669189453,LSTM,Model prediction,143.58277893066406,LSTM,Model prediction,145.46779705212376,LightGBM,Model prediction,145.2821502685547,LSTM,Model prediction,137.50650070971332,LightGBM,Model prediction,144.42373657226562,LSTM,Model prediction,-1.0868442671589347,-2.4750956408816065,-0.95610867667384,-1.260537760914514,0.03575749823868294,-0.09190867254129378,-5.439092100230284,-0.6822253343408111
Al Meezan Investment Management Limited,6c480a77-4e77-486b-8ae4-a1381d65b474,Meezan Financial Planning Fund of Funds (Moderate),,2026-08-06,147.9067,147.713635294525,LightGBM,Model prediction,145.0630340576172,LSTM,Model prediction,146.64614868164062,LSTM,Model prediction,146.44473266601562,LSTM,Model prediction,147.22574349121334,LightGBM,Model prediction,148.0605010986328,LSTM,Model prediction,141.01061974707565,LightGBM,Model prediction,147.43048095703125,LSTM,Model prediction,-0.13053141302929175,-1.922607929446613,-0.852261133781888,-0.9884388834206805,-0.4603959852979375,0.10398521407942424,-4.662452919931518,-0.32197259689300806
Al Meezan Investment Management Limited,d1b83dad-2e25-42ca-b556-f9be6f9bd623,Meezan Financial Planning Fund of Funds (Very Conservative Allocation Plan),,2026-08-06,53.0515,53.18587414444133,LightGBM,Model prediction,55.96291732788086,LSTM,Model prediction,52.605140686035156,LSTM,Model prediction,54.42749786376953,LSTM,Model prediction,53.112314369278465,LightGBM,Model prediction,55.42253494262695,LSTM,Model prediction,52.98739592404733,LightGBM,Model prediction,55.106563568115234,LSTM,Model prediction,0.2532900001721556,5.48790765177396,-0.8413698273655618,2.5937020890446716,0.11463270459547413,4.4693080169777595,-0.12083367285123006,3.873714349481612
Al Meezan Investment Management Limited,9ed85430-ff8f-4b65-8ebc-63e10a6be33c,Meezan GOKP Pension Fund,,2026-08-07,145.4253,144.33105292782037,LightGBM,Model prediction,154.56558227539062,LSTM,Model prediction,146.0457000732422,LSTM,Model prediction,153.02969360351562,LSTM,Model prediction,152.01437029263752,LightGBM,Model prediction,145.76126098632812,LSTM,Model prediction,151.74772432886297,LightGBM,Model prediction,146.6480255126953,LSTM,Model prediction,-0.7524461508276944,6.285207783921115,0.4266108257931699,5.229071972700509,4.530896819630099,0.2310196274844419,4.34754085352616,0.8407928418888047
Al Meezan Investment Management Limited,7e59207d-798c-43ab-bc76-4a44d2f90a64,Meezan Gold Fund,,2026-08-06,287.4709,241.51508943783753,LightGBM,Model prediction,285.4743347167969,LSTM,Model prediction,325.9657287597656,LSTM,Model prediction,313.5145568847656,LSTM,Model prediction,250.9703002457139,LightGBM,Model prediction,332.23797607421875,LSTM,Model prediction,305.12410090188786,LightGBM,Model prediction,325.92486572265625,LSTM,Model prediction,-15.986247847055978,-0.6945277881006728,13.390861043592814,9.059580251345668,-12.69714595609019,15.572733126803021,6.140865354332521,13.37664637452218
Al Meezan Investment Management Limited,6df5d8ca-155c-4193-93ad-1c3cb37bf2a4,Meezan Government Securities Fund Plan I,,2026-08-07,50.6846,50.4351542478965,LightGBM,Model prediction,40.67147445678711,LSTM,Model prediction,42.51874923706055,LSTM,Model prediction,43.907657623291016,LSTM,Model prediction,50.254699840564676,LightGBM,Model prediction,46.12553024291992,LSTM,Model prediction,49.18267770980698,LightGBM,Model prediction,45.11090850830078,LSTM,Model prediction,-0.4921529460694264,-19.75575528506271,-16.111108231966824,-13.370811600977392,-0.8481869432437606,-8.99498024465041,-2.963271467453668,-10.996814597923672
Al Meezan Investment Management Limited,ec53a9c4-3217-4ebf-bddf-f323835b3010,Meezan Islamic Asaan Cash Fund,,2026-08-07,50.6032,50.4351542478965,LightGBM,Model prediction,53.59860610961914,LSTM,Model prediction,50.8619499206543,LSTM,Model prediction,52.04576873779297,LSTM,Model prediction,51.00560459089072,LightGBM,Model prediction,52.96076583862305,LSTM,Model prediction,50.361203782377366,LightGBM,Model prediction,52.73126983642578,LSTM,Model prediction,-0.3320852280162171,5.919400570752718,0.5113311424065984,2.8507460749378843,0.7952156995816831,4.658926389285748,-0.4782231511497986,4.205405658981606
Al Meezan Investment Management Limited,698bac51-81aa-4e0c-ad94-93d630e1e2a4,Meezan Islamic Fund,,2026-08-07,167.9478,166.08041975886738,LightGBM,Model prediction,162.15992736816406,LSTM,Model prediction,165.6782989501953,LSTM,Model prediction,166.80633544921875,LSTM,Model prediction,160.02658726257718,LightGBM,Model prediction,172.70396423339844,LSTM,Model prediction,152.318192777392,LightGBM,Model prediction,166.77383422851562,LSTM,Model prediction,-1.1118813352319126,-3.446233074702936,-1.3513133543902858,-0.6796543633088679,-4.7164730573564055,2.8319300600534434,-9.30622921086671,-0.6990063409490186
Al Meezan Investment Management Limited,bc3d116a-87e5-4d51-addf-936748458da3,Meezan Islamic Government of Balochistan Pension Fund,,2026-08-07,100.2718,100.2718,Fallback_Latest_NAV,Fallback - only 17 rows (need 30),100.2718,Fallback_Latest_NAV,Fallback - only 17 rows (need 30),100.2718,Fallback_Latest_NAV,Fallback - only 17 rows (need 30),100.2718,Fallback_Latest_NAV,Fallback - only 17 rows (need 30),100.2718,Fallback_Latest_NAV,Fallback - only 17 rows (need 30),100.2718,Fallback_Latest_NAV,Fallback - only 17 rows (need 30),100.2718,Fallback_Latest_NAV,Fallback - only 17 rows (need 30),100.2718,Fallback_Latest_NAV,Fallback - only 17 rows (need 30),0.0,0.0,0.0,0.0,0.0,0.0,0.0,0.0
Al Meezan Investment Management Limited,a9259e05-ed12-4bdc-9a7e-516612d571f9,Meezan Islamic Government of Punjab Pension Fund,,2026-08-07,107.9403,107.59779287952296,LightGBM,Model prediction,79.21548461914062,LSTM,Model prediction,109.40230560302734,LSTM,Model prediction,140.32630920410156,LSTM,Model prediction,107.86000833816252,LightGBM,Model prediction,98.79822540283203,LSTM,Model prediction,107.00582576777623,LightGBM,Model prediction,113.12583923339844,LSTM,Model prediction,-0.31731162547911906,-26.61176166905166,1.3544576057573958,30.00363089976734,-0.07438524984410647,-8.469565673958627,-0.8657324764001616,4.804080805221446
Al Meezan Investment Management Limited,b4323cd2-b729-4122-9678-7150f95c868a,Meezan Islamic Income Fund,,2026-08-07,52.4826,52.563233496183365,LightGBM,Model prediction,55.109535217285156,LSTM,Model prediction,52.35557556152344,LSTM,Model prediction,53.91476058959961,LSTM,Model prediction,52.69117989472751,LightGBM,Model prediction,54.77829360961914,LSTM,Model prediction,52.4253219017506,LightGBM,Model prediction,54.52161407470703,LSTM,Model prediction,0.15363853197701147,5.0053450425191555,-0.24203152754734028,2.728829344582036,0.3974267561582577,4.374199467288478,-0.10913731074565307,3.885123973863782
Al Meezan Investment Management Limited,7d2120cd-26d7-4c8e-9a9e-996d8c3d53f8,Meezan Paidaar Munafa Plan 34,,2026-08-06,50.7403,50.997277437840076,LightGBM,Model prediction,53.718223571777344,LSTM,Model prediction,50.758975982666016,LSTM,Model prediction,52.03944396972656,LSTM,Model prediction,51.00083130261697,LightGBM,Model prediction,53.620079040527344,LSTM,Model prediction,50.80577781239935,LightGBM,Model prediction,53.20158004760742,LSTM,Model prediction,0.5064562839401383,5.868951448409541,0.03680700087705017,2.5603789684463134,0.5134603118566018,5.675526239551887,0.12904498475442777,4.850740038209124
Al Meezan Investment Management Limited,5c1fe664-8181-4949-b8ff-faf525ec615a,Meezan Paidaar Munafa Plan 39,,2026-08-06,50.8689,50.997277437840076,LightGBM,Model prediction,53.90068054199219,LSTM,Model prediction,50.84837341308594,LSTM,Model prediction,52.168701171875,LSTM,Model prediction,51.00083130261697,LightGBM,Model prediction,53.75413513183594,LSTM,Model prediction,51.58189667973432,LightGBM,Model prediction,53.329952239990234,LSTM,Model prediction,0.2523692036589729,5.959988405474054,-0.0403519378521237,2.5551981109774413,0.25935552492186115,5.671903917395386,1.4016357336886083,4.838029208396954
Al Meezan Investment Management Limited,d3a870b8-9a66-4833-a023-44c453e95962,Meezan Paidaar Munafa Plan 43,,2026-08-06,50.832,50.997277437840076,LightGBM,Model prediction,53.7591667175293,LSTM,Model prediction,50.82821273803711,LSTM,Model prediction,52.134727478027344,LSTM,Model prediction,51.00083130261697,LightGBM,Model prediction,53.695892333984375,LSTM,Model prediction,50.81535460520541,LightGBM,Model prediction,53.26633071899414,LSTM,Model prediction,0.3251444716715356,5.758511798727762,-0.007450546826588298,2.5628098009666016,0.3321358644495049,5.6340343366075984,-0.03274589784898081,4.788972928458726
Al Meezan Investment Management Limited,861d9190-a6e4-45a6-9dfa-e60a2ac1efec,Meezan Paidaar Munafa Plan 45,,2026-08-03,50.0,50.31242467850297,LightGBM,Model prediction,41.74733352661133,LSTM,Model prediction,42.596221923828125,LSTM,Model prediction,44.03714370727539,LSTM,Model prediction,49.66691362700658,LightGBM,Model prediction,46.89729309082031,LSTM,Model prediction,48.597083487818075,LightGBM,Model prediction,45.4275016784668,LSTM,Model prediction,0.6248493570059424,-16.505332946777344,-14.807556152343752,-11.925712585449219,-0.6661727459868416,-6.205413818359375,-2.8058330243638494,-9.144996643066406
Al Meezan Investment Management Limited,86aece06-42ee-4397-96a0-079298b98a66,Meezan Paidaar Munafa Plan 47,,2026-08-06,50.6077,50.6077,Fallback_Latest_NAV,Fallback - only 12 rows (need 30),50.6077,Fallback_Latest_NAV,Fallback - only 12 rows (need 30),50.6077,Fallback_Latest_NAV,Fallback - only 12 rows (need 30),50.6077,Fallback_Latest_NAV,Fallback - only 12 rows (need 30),50.6077,Fallback_Latest_NAV,Fallback - only 12 rows (need 30),50.6077,Fallback_Latest_NAV,Fallback - only 12 rows (need 30),50.6077,Fallback_Latest_NAV,Fallback - only 12 rows (need 30),50.6077,Fallback_Latest_NAV,Fallback - only 12 rows (need 30),0.0,0.0,0.0,0.0,0.0,0.0,0.0,0.0
Al Meezan Investment Management Limited,62e102c2-4e23-4f1c-8b00-cafb8d6e57da,Meezan Paidaar Munafa Plan 48,,2026-08-06,50.5724,50.4351542478965,LightGBM,Model prediction,42.1862678527832,LSTM,Model prediction,42.688804626464844,LSTM,Model prediction,44.28300857543945,LSTM,Model prediction,50.227847015826356,LightGBM,Model prediction,47.32661819458008,LSTM,Model prediction,48.677021820352074,LightGBM,Model prediction,45.714935302734375,LSTM,Model prediction,-0.27138469225012674,-16.582428651234267,-15.588730955096372,-12.436410818075766,-0.6813063729893101,-6.418089324255767,-3.7478509614887323,-9.60497167875289
Al Meezan Investment Management Limited,8063667b-3eae-49bc-a7ed-44450b179bd4,Meezan Paidaar Munafa Plan 49,,2026-08-06,50.5366,50.4351542478965,LightGBM,Model prediction,42.16194534301758,LSTM,Model prediction,42.65884017944336,LSTM,Model prediction,44.26329803466797,LSTM,Model prediction,50.227847015826356,LightGBM,Model prediction,47.30098342895508,LSTM,Model prediction,48.677021820352074,LightGBM,Model prediction,45.690338134765625,LSTM,Model prediction,-0.20073719265542453,-16.571464358469747,-15.588226791190227,-12.413383498953296,-0.6109492608795289,-6.40252128367346,-3.6796661818324266,-9.589608056803138
Al Meezan Investment Management Limited,a157d0e3-81e3-4755-9f8a-98098b80074d,Meezan Paidaar Munafa Plan 50,,2026-08-06,50.123,50.123,Fallback_Latest_NAV,Fallback - only 9 rows (need 30),50.123,Fallback_Latest_NAV,Fallback - only 9 rows (need 30),50.123,Fallback_Latest_NAV,Fallback - only 9 rows (need 30),50.123,Fallback_Latest_NAV,Fallback - only 9 rows (need 30),50.123,Fallback_Latest_NAV,Fallback - only 9 rows (need 30),50.123,Fallback_Latest_NAV,Fallback - only 9 rows (need 30),50.123,Fallback_Latest_NAV,Fallback - only 9 rows (need 30),50.123,Fallback_Latest_NAV,Fallback - only 9 rows (need 30),0.0,0.0,0.0,0.0,0.0,0.0,0.0,0.0
Al Meezan Investment Management Limited,e19c8f0d-8dfe-4b03-8543-72cd086197a6,Meezan Paidaar Munafa Plan 51,,2026-08-05,50.0,50.0,Fallback_Latest_NAV,Fallback - only 1 rows (need 30),50.0,Fallback_Latest_NAV,Fallback - only 1 rows (need 30),50.0,Fallback_Latest_NAV,Fallback - only 1 rows (need 30),50.0,Fallback_Latest_NAV,Fallback - only 1 rows (need 30),50.0,Fallback_Latest_NAV,Fallback - only 1 rows (need 30),50.0,Fallback_Latest_NAV,Fallback - only 1 rows (need 30),50.0,Fallback_Latest_NAV,Fallback - only 1 rows (need 30),50.0,Fallback_Latest_NAV,Fallback - only 1 rows (need 30),0.0,0.0,0.0,0.0,0.0,0.0,0.0,0.0
Al Meezan Investment Management Limited,5cbc1fd5-28e7-4ff3-a44e-4a82ef09a56b,Meezan Paidaar Munafa Plan 52,,2026-08-05,50.0,50.0,Fallback_Latest_NAV,Fallback - only 1 rows (need 30),50.0,Fallback_Latest_NAV,Fallback - only 1 rows (need 30),50.0,Fallback_Latest_NAV,Fallback - only 1 rows (need 30),50.0,Fallback_Latest_NAV,Fallback - only 1 rows (need 30),50.0,Fallback_Latest_NAV,Fallback - only 1 rows (need 30),50.0,Fallback_Latest_NAV,Fallback - only 1 rows (need 30),50.0,Fallback_Latest_NAV,Fallback - only 1 rows (need 30),50.0,Fallback_Latest_NAV,Fallback - only 1 rows (need 30),0.0,0.0,0.0,0.0,0.0,0.0,0.0,0.0
Al Meezan Investment Management Limited,8043a7d9-4671-4fa5-b520-b9da520f1b45,Meezan Pakistan ETF,,2026-08-07,18.1412,18.53487794886424,LightGBM,Model prediction,19.635997772216797,LSTM,Model prediction,17.580528259277344,LSTM,Model prediction,14.556435585021973,LSTM,Model prediction,17.25038952568262,LightGBM,Model prediction,18.061084747314453,LSTM,Model prediction,17.35072989127337,LightGBM,Model prediction,14.591144561767578,LSTM,Model prediction,2.170076670034161,8.239795450228184,-3.090598972078239,-19.760348901825836,-4.910427503789055,-0.44162046990027226,-4.357319850542578,-19.569022105662377
Al Meezan Investment Management Limited,5385b72f-44fe-4f98-bee3-0f275a05b148,Meezan Rozana Amdani Fund,,2026-08-07,50.0,50.17211721827624,LightGBM,Model prediction,52.23459243774414,LSTM,Model prediction,50.43982696533203,LSTM,Model prediction,51.390899658203125,LSTM,Model prediction,50.12910790527614,LightGBM,Model prediction,52.30246353149414,LSTM,Model prediction,49.97795326357729,LightGBM,Model prediction,52.15361404418945,LSTM,Model prediction,0.3442344365524832,4.469184875488281,0.8796539306640625,2.78179931640625,0.2582158105522865,4.604927062988281,-0.04409347284541809,4.307228088378906
Al Meezan Investment Management Limited,291ba484-9b26-49c7-9ff8-2cea7e1b7894,Meezan Sovereign Fund,,2026-08-07,53.0592,53.18587414444133,LightGBM,Model prediction,55.629005432128906,LSTM,Model prediction,52.74282455444336,LSTM,Model prediction,54.43824005126953,LSTM,Model prediction,53.128390804648355,LightGBM,Model prediction,55.2841796875,LSTM,Model prediction,52.90505700830118,LightGBM,Model prediction,55.04033660888672,LSTM,Model prediction,0.23874115034024507,4.843279642604694,-0.5962687819579595,2.599059260730532,0.13040303029136813,4.193390943512158,-0.2905113377111213,3.7338229918406642
Al Meezan Investment Management Limited,027edfe4-d427-44aa-bcf9-d99cc9f19da1,Meezan Strategic Allocation Fund (MSAP I),,2026-08-06,96.1,96.32427456359271,LightGBM,Model prediction,94.93115234375,LSTM,Model prediction,95.76006317138672,LSTM,Model prediction,95.37543487548828,LSTM,Model prediction,95.67036745643429,LightGBM,Model prediction,94.55027770996094,LSTM,Model prediction,94.88957616364286,LightGBM,Model prediction,94.54432678222656,LSTM,Model prediction,0.2333762368290479,-1.216282680801243,-0.35373239189726907,-0.7539699526656743,-0.44706820350229187,-1.6126142456181654,-1.259546135647385,-1.6188066782241748
Al Meezan Investment Management Limited,8ea37a2c-a0b3-4a6a-942b-e51f8b3cc746,Meezan Strategic Allocation Fund (MSAP II),,2026-08-06,82.7515,83.38907405506657,LightGBM,Model prediction,82.34891510009766,LSTM,Model prediction,82.44942474365234,LSTM,Model prediction,81.94635772705078,LSTM,Model prediction,85.03491923643094,LightGBM,Model prediction,81.68453216552734,LSTM,Model prediction,83.83571355621942,LightGBM,Model prediction,81.41319274902344,LSTM,Model prediction,0.7704682755799951,-0.4864986132001677,-0.3650390099848936,-0.9729639619211878,2.7593689980615994,-1.2893637389928272,1.3102041125773243,-1.6172604133780724
Al Meezan Investment Management Limited,99d6ce35-70b5-41cd-93ed-7e397f7adba7,Meezan Strategic Allocation Fund (MSAP III),,2026-08-06,91.1581,91.21466807667862,LightGBM,Model prediction,90.37354278564453,LSTM,Model prediction,90.8149185180664,LSTM,Model prediction,90.42083740234375,LSTM,Model prediction,91.64103872460804,LightGBM,Model prediction,89.79574584960938,LSTM,Model prediction,90.4493117118203,LightGBM,Model prediction,89.60733032226562,LSTM,Model prediction,0.06205490974319983,-0.8606555142718785,-0.3764684454081407,-0.8087735458025722,0.5297814726371358,-1.4944959914594858,-0.7775373644028389,-1.7011869244031845
Al Meezan Investment Management Limited,beb27a2f-680e-4425-9e5d-da98497b0643,Meezan Strategic Allocation Fund (MSAP IV),,2026-08-06,96.7566,96.32427456359271,LightGBM,Model prediction,95.25236511230469,LSTM,Model prediction,96.3416976928711,LSTM,Model prediction,95.89737701416016,LSTM,Model prediction,96.0100137385147,LightGBM,Model prediction,95.11528778076172,LSTM,Model prediction,94.94008126611499,LightGBM,Model prediction,95.08160400390625,LSTM,Model prediction,-0.44681751571189626,-1.5546586875678954,-0.42881034175334,-0.888025195014965,-0.7716127493993227,-1.6963310195255796,-1.877410671607951,-1.731143917927827
Al Meezan Investment Management Limited,c214b9a5-9edd-45b2-bea6-37ed8204aeba,Meezan Strategic Allocation Fund (MSAP V),,2026-08-06,106.1683,105.80170463300388,LightGBM,Model prediction,103.81855773925781,LSTM,Model prediction,105.83487701416016,LSTM,Model prediction,105.49720001220703,LSTM,Model prediction,106.12288073997603,LightGBM,Model prediction,104.4660873413086,LSTM,Model prediction,105.8614419166238,LightGBM,Model prediction,104.73285675048828,LSTM,Model prediction,-0.3452964462990578,-2.2132239667981777,-0.3140513560449267,-0.6321095730015182,-0.042780434483717315,-1.6033153574950414,-0.2890298548400968,-1.3520450544199358
Al Meezan Investment Management Limited,0bc90775-03d4-4e19-8032-37d840c121d3,Meezan Tahaffuz Pension Fund,,2019-10-26,138.8155,138.8155,Fallback_Latest_NAV,Fallback - only 4 rows (need 30),138.8155,Fallback_Latest_NAV,Fallback - only 4 rows (need 30),138.8155,Fallback_Latest_NAV,Fallback - only 4 rows (need 30),138.8155,Fallback_Latest_NAV,Fallback - only 4 rows (need 30),138.8155,Fallback_Latest_NAV,Fallback - only 4 rows (need 30),138.8155,Fallback_Latest_NAV,Fallback - only 4 rows (need 30),138.8155,Fallback_Latest_NAV,Fallback - only 4 rows (need 30),138.8155,Fallback_Latest_NAV,Fallback - only 4 rows (need 30),0.0,0.0,0.0,0.0,0.0,0.0,0.0,0.0
Al Meezan Investment Management Limited,8da887e9-1f61-4d78-be61-e1e1bc7ac21d,Meezan Tahaffuz Pension Fund,,2026-08-07,1859.1775,732.8349547898999,LightGBM,Model prediction,789.2562255859375,LSTM,Model prediction,840.5879516601562,LSTM,Model prediction,807.4363403320312,LSTM,Model prediction,567.9630250110156,LightGBM,Model prediction,823.5368041992188,LSTM,Model prediction,637.1227414464105,LightGBM,Model prediction,1150.0352783203125,LSTM,Model prediction,-60.582840810525084,-57.54809717813723,-54.78710603693535,-56.57023924116814,-69.45084452608664,-55.70423995561378,-65.73093524171789,-38.14279280379026
Al Meezan Investment Management Limited,a4cd7e0a-df7a-4ba7-b618-a7c88235178f,Meezan Tahaffuz Pension Fund,,2026-08-07,533.0651,533.0651,Fallback_Latest_NAV,Fallback - only 1 rows (need 30),533.0651,Fallback_Latest_NAV,Fallback - only 1 rows (need 30),533.0651,Fallback_Latest_NAV,Fallback - only 1 rows (need 30),533.0651,Fallback_Latest_NAV,Fallback - only 1 rows (need 30),533.0651,Fallback_Latest_NAV,Fallback - only 1 rows (need 30),533.0651,Fallback_Latest_NAV,Fallback - only 1 rows (need 30),533.0651,Fallback_Latest_NAV,Fallback - only 1 rows (need 30),533.0651,Fallback_Latest_NAV,Fallback - only 1 rows (need 30),0.0,0.0,0.0,0.0,0.0,0.0,0.0,0.0
Al Meezan Investment Management Limited,dba0fd3a-83d2-456b-911f-2313033dd7e4,Meezan Tahaffuz Pension Fund,,2026-08-07,532.045,532.045,Fallback_Latest_NAV,Fallback - only 1 rows (need 30),532.045,Fallback_Latest_NAV,Fallback - only 1 rows (need 30),532.045,Fallback_Latest_NAV,Fallback - only 1 rows (need 30),532.045,Fallback_Latest_NAV,Fallback - only 1 rows (need 30),532.045,Fallback_Latest_NAV,Fallback - only 1 rows (need 30),532.045,Fallback_Latest_NAV,Fallback - only 1 rows (need 30),532.045,Fallback_Latest_NAV,Fallback - only 1 rows (need 30),532.045,Fallback_Latest_NAV,Fallback - only 1 rows (need 30),0.0,0.0,0.0,0.0,0.0,0.0,0.0,0.0
Alfalah Asset Management Limited,379f5ac0-6083-48cd-9d53-5c372eb6f6dd,Alfalah Asset Allocation Fund,,2026-08-07,64.1158,64.44227026798515,LightGBM,Model prediction,71.10765075683594,LSTM,Model prediction,68.39167022705078,LSTM,Model prediction,69.63677215576172,LSTM,Model prediction,65.64886064578667,LightGBM,Model prediction,68.756103515625,LSTM,Model prediction,65.51911132100278,LightGBM,Model prediction,70.2187271118164,LSTM,Model prediction,0.5091884808193271,10.90503550893219,6.668980543096692,8.61093857639104,2.3910808970435937,7.237379110336309,2.188713735152317,9.51860089372107
Alfalah Asset Management Limited,3d2f3e63-eb99-453f-bc72-dbef8fc5e22e,Alfalah Balochistan Islamic Pension Fund,,2026-08-05,100.1076,100.1076,Fallback_Latest_NAV,Fallback - only 8 rows (need 30),100.1076,Fallback_Latest_NAV,Fallback - only 8 rows (need 30),100.1076,Fallback_Latest_NAV,Fallback - only 8 rows (need 30),100.1076,Fallback_Latest_NAV,Fallback - only 8 rows (need 30),100.1076,Fallback_Latest_NAV,Fallback - only 8 rows (need 30),100.1076,Fallback_Latest_NAV,Fallback - only 8 rows (need 30),100.1076,Fallback_Latest_NAV,Fallback - only 8 rows (need 30),100.1076,Fallback_Latest_NAV,Fallback - only 8 rows (need 30),0.0,0.0,0.0,0.0,0.0,0.0,0.0,0.0
Alfalah Asset Management Limited,28dae220-7ffc-4a31-94db-2cecd7347c49,Alfalah Balochistan Pension Fund,,2026-08-06,100.1317,100.1317,Fallback_Latest_NAV,Fallback - only 8 rows (need 30),100.1317,Fallback_Latest_NAV,Fallback - only 8 rows (need 30),100.1317,Fallback_Latest_NAV,Fallback - only 8 rows (need 30),100.1317,Fallback_Latest_NAV,Fallback - only 8 rows (need 30),100.1317,Fallback_Latest_NAV,Fallback - only 8 rows (need 30),100.1317,Fallback_Latest_NAV,Fallback - only 8 rows (need 30),100.1317,Fallback_Latest_NAV,Fallback - only 8 rows (need 30),100.1317,Fallback_Latest_NAV,Fallback - only 8 rows (need 30),0.0,0.0,0.0,0.0,0.0,0.0,0.0,0.0
Alfalah Asset Management Limited,c49545fa-d030-45df-99eb-23df3a78fdce,Alfalah Cash Fund - II,,2026-08-08,104.1465,104.35789999719601,LightGBM,Model prediction,106.78711700439453,LSTM,Model prediction,104.66323852539062,LSTM,Model prediction,105.01841735839844,LSTM,Model prediction,103.90996406230646,LightGBM,Model prediction,103.44816589355469,LSTM,Model prediction,104.17455288951874,LightGBM,Model prediction,104.06723022460938,LSTM,Model prediction,0.20298329487405836,2.5354831937650597,0.496165041927114,0.837202746514222,-0.2271184703216583,-0.6705305569033195,0.026935988745404867,-0.07611371999119335
Alfalah Asset Management Limited,2e9947be-ec09-4a48-92ac-30e083cefaf8,Alfalah Consumer Index Exchange Traded Fund,,2026-08-07,17.69,17.51039449625966,LightGBM,Model prediction,15.893454551696777,LSTM,Model prediction,17.34126091003418,LSTM,Model prediction,17.92902183532715,LSTM,Model prediction,16.969138924108254,LightGBM,Model prediction,18.677412033081055,LSTM,Model prediction,16.43690215178477,LightGBM,Model prediction,17.781356811523438,LSTM,Model prediction,-1.0152939725287766,-10.155711974580123,-1.9713911247361309,1.3511692217475815,-4.074963685086192,5.581752589491539,-7.083650922641209,0.5164319475604082
Alfalah Asset Management Limited,109954fd-d312-465a-aa03-52cfd36a0b84,Alfalah Financial Sector Income Fund,,2026-08-07,101.793,101.62934344871164,LightGBM,Model prediction,104.57621002197266,LSTM,Model prediction,102.42496490478516,LSTM,Model prediction,102.6659927368164,LSTM,Model prediction,101.71347762021875,LightGBM,Model prediction,101.22837829589844,LSTM,Model prediction,101.81360540375333,LightGBM,Model prediction,101.81400299072266,LSTM,Model prediction,-0.16077387569711982,2.7341860658126294,0.6208333625938423,0.8576156875388286,-0.0781216584453278,-0.5546763570201967,0.020242456508131296,0.02063304030989349
Alfalah Asset Management Limited,8dcdde5d-4bbc-4879-a0af-3a1cf8a8cf31,Alfalah Financial Sector Opportunity Fund,,2026-08-07,116.1749,115.63437103309124,LightGBM,Model prediction,117.58175659179688,LSTM,Model prediction,116.15328979492188,LSTM,Model prediction,116.7300796508789,LSTM,Model prediction,115.44907769751613,LightGBM,Model prediction,115.56328582763672,LSTM,Model prediction,115.98790531081784,LightGBM,Model prediction,115.96565246582031,LSTM,Model prediction,-0.46527172987345145,1.2109815388667269,-0.01860144065380632,0.47788261567594414,-0.62476688379664,-0.5264598225290275,-0.16095962999077856,-0.18011423653446773
Alfalah Asset Management Limited,a534f40e-33d1-49f0-b9ae-0c7da70c2e9b,Alfalah Financial Value Fund (Alfalah Financial Value Plan I),,2026-08-07,155.0154,153.19455387853,LightGBM,Model prediction,153.59771728515625,LSTM,Model prediction,153.83372497558594,LSTM,Model prediction,154.4910125732422,LSTM,Model prediction,152.00788712371067,LightGBM,Model prediction,155.6584014892578,LSTM,Model prediction,145.0653479622442,LightGBM,Model prediction,154.66363525390625,LSTM,Model prediction,-1.1746227287546902,-0.9145431452899193,-0.7622952457717505,-0.3382808590358197,-1.940138125818032,0.4147984582549946,-6.418750677517069,-0.22692245163625654
Alfalah Asset Management Limited,6896f149-d403-4f9c-8694-5a57afb4389c,Alfalah Financial Value Fund - II,,2026-08-07,119.8994,118.93354745147607,LightGBM,Model prediction,122.24348449707031,LSTM,Model prediction,113.81388092041016,LSTM,Model prediction,117.01514434814453,LSTM,Model prediction,118.08732088289483,LightGBM,Model prediction,116.18669891357422,LSTM,Model prediction,120.08021597613691,LightGBM,Model prediction,121.0125961303711,LSTM,Model prediction,-0.8055524452365289,1.9550427250430884,-5.075520877994255,-2.405563040228282,-1.51133293169538,-3.0965134824909724,0.15080640615125063,0.9284417856729005
Alfalah Asset Management Limited,3de7c0d8-06c6-42bd-b40e-248dded6c23b,Alfalah GHP Alpha Fund,,2026-08-07,118.63,117.81899994205868,LightGBM,Model prediction,114.82181549072266,LSTM,Model prediction,117.75496673583984,LSTM,Model prediction,117.17828369140625,LSTM,Model prediction,116.34309279965576,LightGBM,Model prediction,116.90581512451172,LSTM,Model prediction,116.50035016788121,LightGBM,Model prediction,117.02207946777344,LSTM,Model prediction,-0.6836382516575183,-3.210136145390997,-0.7376154970582077,-1.2237345600554208,-1.9277646466696714,-1.4534138712705698,-1.7952034326214168,-1.355408018398852
Alfalah Asset Management Limited,2602024a-9498-4898-ad61-eafc66dbe09a,Alfalah GHP Cash Fund,,2026-08-08,512.669,509.30122641998446,LightGBM,Model prediction,515.8757934570312,LSTM,Model prediction,515.4508666992188,LSTM,Model prediction,503.79541015625,LSTM,Model prediction,508.5254388548074,LightGBM,Model prediction,517.4002075195312,LSTM,Model prediction,510.017013154212,LightGBM,Model prediction,511.18951416015625,LSTM,Model prediction,-0.6569099321424785,0.6255095309120051,0.5426243247043936,-1.7308614025326248,-0.8082332158161629,0.922858124741552,-0.5172902683384355,-0.2885850012081348
Alfalah Asset Management Limited,daf446ea-4a4c-4e51-bdc9-a37837210201,Alfalah GHP Dedicated Equity Fund,,2026-08-07,212.5599,262.42395451475,LightGBM,Model prediction,202.03561401367188,LSTM,Model prediction,209.0220489501953,LSTM,Model prediction,206.80755615234375,LSTM,Model prediction,282.8009600233847,LightGBM,Model prediction,220.2896270751953,LSTM,Model prediction,312.13778733913233,LightGBM,Model prediction,210.81446838378906,LSTM,Model prediction,23.458824789976845,-4.951209511449772,-1.6644019167325004,-2.706222503706602,33.045301594225755,3.6364935602601025,46.846976941150395,-0.8211481169359491
Alfalah Asset Management Limited,cdc730e7-6272-416a-9bbd-ac299dfd53c3,Alfalah GHP Income Fund,,2026-08-07,115.9025,115.63437103309124,LightGBM,Model prediction,116.93856048583984,LSTM,Model prediction,115.86351013183594,LSTM,Model prediction,115.25840759277344,LSTM,Model prediction,115.70823938585406,LightGBM,Model prediction,115.6630630493164,LSTM,Model prediction,116.02408866969209,LightGBM,Model prediction,115.72674560546875,LSTM,Model prediction,-0.23134010647635886,0.8939069354326614,-0.03364023050759553,-0.5557191667363223,-0.1676069231862526,-0.2065848024706949,0.10490599399675382,-0.1516398649996794
Alfalah Asset Management Limited,a2182d2d-60b7-4e10-81c6-9a718ae259e0,Alfalah GHP Income Multiplier Fund,,2026-08-07,55.4552,55.753552188325365,LightGBM,Model prediction,58.40460968017578,LSTM,Model prediction,54.09183883666992,LSTM,Model prediction,56.14090347290039,LSTM,Model prediction,54.68287757388719,LightGBM,Model prediction,57.14260482788086,LSTM,Model prediction,56.65328642940228,LightGBM,Model prediction,57.551021575927734,LSTM,Model prediction,0.5380057926495031,5.31854484372211,-2.4584911123394666,1.2364998645760774,-1.3926961332982446,3.042825249716639,2.1604582246611335,3.7793057746212013
Alfalah Asset Management Limited,feee46d6-16bd-43ab-841d-74059dc155db,Alfalah GHP Islamic Dedicated Equity Fund,,2026-08-07,120.7687,120.73842825675345,LightGBM,Model prediction,120.1888198852539,LSTM,Model prediction,122.10826110839844,LSTM,Model prediction,120.55609130859375,LSTM,Model prediction,117.54403313246505,LightGBM,Model prediction,118.24077606201172,LSTM,Model prediction,116.1848977013791,LightGBM,Model prediction,118.49815368652344,LSTM,Model prediction,-0.02506588482491262,-0.48015761927228606,1.1091956015080415,-0.17604618697248997,-2.6701180583503423,-2.093194625750113,-3.795521768985586,-1.8800784586375094
Alfalah Asset Management Limited,66a76a69-e0a6-42e6-a782-962d34542a8e,Alfalah GHP Islamic Income Fund,,2026-08-07,104.7745,104.61590391577197,LightGBM,Model prediction,107.20358276367188,LSTM,Model prediction,105.33153533935547,LSTM,Model prediction,105.70014190673828,LSTM,Model prediction,104.43261678797172,LightGBM,Model prediction,104.0454330444336,LSTM,Model prediction,104.2507964809389,LightGBM,Model prediction,104.67303466796875,LSTM,Model prediction,-0.15136897262982613,2.3183911769293784,0.5316516321771666,0.8834610585001864,-0.3263038354067818,-0.6958438890821808,-0.49983871940319546,-0.09684162847949959
Alfalah Asset Management Limited,3d65980a-a405-4b9c-8ca1-e1f9bae290b7,Alfalah GHP Islamic Pension Fund,,2026-08-07,226.971,226.971,Fallback_Latest_NAV,Fallback - only 1 rows (need 30),226.971,Fallback_Latest_NAV,Fallback - only 1 rows (need 30),226.971,Fallback_Latest_NAV,Fallback - only 1 rows (need 30),226.971,Fallback_Latest_NAV,Fallback - only 1 rows (need 30),226.971,Fallback_Latest_NAV,Fallback - only 1 rows (need 30),226.971,Fallback_Latest_NAV,Fallback - only 1 rows (need 30),226.971,Fallback_Latest_NAV,Fallback - only 1 rows (need 30),226.971,Fallback_Latest_NAV,Fallback - only 1 rows (need 30),0.0,0.0,0.0,0.0,0.0,0.0,0.0,0.0
Alfalah Asset Management Limited,928c9be6-a01f-45a8-bda3-0451a8562752,Alfalah GHP Islamic Pension Fund,,2026-08-07,219.9046,219.212024641857,LightGBM,Model prediction,222.0642547607422,LSTM,Model prediction,217.16555786132812,LSTM,Model prediction,215.58775329589844,LSTM,Model prediction,242.28628053606565,LightGBM,Model prediction,227.66766357421875,LSTM,Model prediction,292.9455234829019,LightGBM,Model prediction,216.69322204589844,LSTM,Model prediction,-0.31494355195070445,0.9820871235718578,-1.2455592737359122,-1.9630542990467459,10.177904662324327,3.5301960824006238,33.21482291998525,-1.4603505129504115
Alfalah Asset Management Limited,e08fc302-74c9-4bbc-a189-e45d1af2b9ba,Alfalah GHP Islamic Pension Fund,,2026-08-07,332.5607,332.5607,Fallback_Latest_NAV,Fallback - only 2 rows (need 30),332.5607,Fallback_Latest_NAV,Fallback - only 2 rows (need 30),332.5607,Fallback_Latest_NAV,Fallback - only 2 rows (need 30),332.5607,Fallback_Latest_NAV,Fallback - only 2 rows (need 30),332.5607,Fallback_Latest_NAV,Fallback - only 2 rows (need 30),332.5607,Fallback_Latest_NAV,Fallback - only 2 rows (need 30),332.5607,Fallback_Latest_NAV,Fallback - only 2 rows (need 30),332.5607,Fallback_Latest_NAV,Fallback - only 2 rows (need 30),0.0,0.0,0.0,0.0,0.0,0.0,0.0,0.0
Alfalah Asset Management Limited,acdfed9c-9568-4175-9dcf-8f48ca6fe3fd,Alfalah GHP Islamic Prosperity Planning Fund (Alfalah GHP Islamic Active Allocation Plan II),,2026-08-06,104.977,104.33115042988713,LightGBM,Model prediction,100.50389862060547,LSTM,Model prediction,104.64518737792969,LSTM,Model prediction,104.23587799072266,LSTM,Model prediction,104.65998500873019,LightGBM,Model prediction,103.35370635986328,LSTM,Model prediction,104.36617530968839,LightGBM,Model prediction,103.6299819946289,LSTM,Model prediction,-0.6152295932564967,-4.261029920263043,-0.31608125786631014,-0.7059851293877207,-0.3019851884411014,-1.5463326634755448,-0.5818652564958198,-1.2831553629567405
Alfalah Asset Management Limited,9929b3fe-ac83-4e72-9b39-30976da0dcaa,Alfalah GHP Islamic Prosperity Planning Fund (Alfalah GHP Islamic Balance Allocation Plan),,2026-08-06,103.7914,103.43670105564985,LightGBM,Model prediction,106.79219055175781,LSTM,Model prediction,104.24352264404297,LSTM,Model prediction,104.65569305419922,LSTM,Model prediction,103.54936085836293,LightGBM,Model prediction,103.08047485351562,LSTM,Model prediction,103.49801320976938,LightGBM,Model prediction,103.64237976074219,LSTM,Model prediction,-0.341742133115217,2.8911745595086074,0.43560703877486273,0.8327212603348861,-0.23319768462229518,-0.6849557347568015,-0.28266965300652397,-0.14357667326754278
Alfalah Asset Management Limited,45c3bb33-fa72-4672-a790-3aae10379e2e,Alfalah GHP Islamic Prosperity Planning Fund (Alfalah GHP Islamic Moderate Allocation Plan),,2026-08-06,113.6717,113.1847780224301,LightGBM,Model prediction,115.02549743652344,LSTM,Model prediction,113.36610412597656,LSTM,Model prediction,113.96035766601562,LSTM,Model prediction,112.90260167641908,LightGBM,Model prediction,112.61180114746094,LSTM,Model prediction,113.16832658298085,LightGBM,Model prediction,113.18939208984375,LSTM,Model prediction,-0.4283581380149206,1.190971399674181,-0.268840770414658,0.25393978097945547,-0.6765961304184945,-0.9324210445863516,-0.4428309042788557,-0.42429902091395777
Alfalah Asset Management Limited,d16c512e-cdb3-414f-a600-9edf18a6ec73,Alfalah GHP Islamic Stock Fund,,2026-08-07,74.0476,73.94681805563297,LightGBM,Model prediction,74.4190444946289,LSTM,Model prediction,73.60153198242188,LSTM,Model prediction,73.92991638183594,LSTM,Model prediction,73.39658954934788,LightGBM,Model prediction,73.5285873413086,LSTM,Model prediction,74.37932525651135,LightGBM,Model prediction,73.79061889648438,LSTM,Model prediction,-0.13610426856107233,0.5016293500787379,-0.6024071240366031,-0.15892968599126137,-0.8791783267143338,-0.7009175971826352,0.44798920763312755,-0.34704852488889276
Alfalah Asset Management Limited,1e7ca84c-1c44-4f39-a911-edc8a9b990d5,Alfalah GHP Islamic Value Fund,,2026-08-07,143.2871,143.5354827155594,LightGBM,Model prediction,142.8274688720703,LSTM,Model prediction,142.5250244140625,LSTM,Model prediction,142.8478240966797,LSTM,Model prediction,143.3276895128416,LightGBM,Model prediction,142.83193969726562,LSTM,Model prediction,139.35620178271918,LightGBM,Model prediction,142.78916931152344,LSTM,Model prediction,0.17334618089094356,-0.32077634897328294,-0.5318521946061505,-0.3065704472491396,0.028327402007293098,-0.31765616216280773,-2.7433720253119973,-0.3475055943462963
Alfalah Asset Management Limited,11920db7-1363-4bd6-bf25-d71f583be266,Alfalah GHP Money Market Fund,,2026-08-07,100.477,100.23909491925292,LightGBM,Model prediction,103.42881774902344,LSTM,Model prediction,101.11178588867188,LSTM,Model prediction,101.4014663696289,LSTM,Model prediction,100.1432681803268,LightGBM,Model prediction,99.92658996582031,LSTM,Model prediction,100.81719330263316,LightGBM,Model prediction,100.5769271850586,LSTM,Model prediction,-0.23677566084485333,2.9378044219308235,0.631772334635659,0.9200775994793856,-0.3321474762116745,-0.5477970422879777,0.33857828421743624,0.09945279522536488
Alfalah Asset Management Limited,b17bbc64-ff09-4937-8221-31851eb502a6,Alfalah GHP Pension Fund,,2026-08-07,259.2765,259.2765,Fallback_Latest_NAV,Fallback - only 1 rows (need 30),259.2765,Fallback_Latest_NAV,Fallback - only 1 rows (need 30),259.2765,Fallback_Latest_NAV,Fallback - only 1 rows (need 30),259.2765,Fallback_Latest_NAV,Fallback - only 1 rows (need 30),259.2765,Fallback_Latest_NAV,Fallback - only 1 rows (need 30),259.2765,Fallback_Latest_NAV,Fallback - only 1 rows (need 30),259.2765,Fallback_Latest_NAV,Fallback - only 1 rows (need 30),259.2765,Fallback_Latest_NAV,Fallback - only 1 rows (need 30),0.0,0.0,0.0,0.0,0.0,0.0,0.0,0.0
Alfalah Asset Management Limited,b9cdaf90-89ab-4192-9ecf-c1243b9c8014,Alfalah GHP Pension Fund,,2026-08-07,253.8361,253.8361,Fallback_Latest_NAV,Fallback - only 1 rows (need 30),253.8361,Fallback_Latest_NAV,Fallback - only 1 rows (need 30),253.8361,Fallback_Latest_NAV,Fallback - only 1 rows (need 30),253.8361,Fallback_Latest_NAV,Fallback - only 1 rows (need 30),253.8361,Fallback_Latest_NAV,Fallback - only 1 rows (need 30),253.8361,Fallback_Latest_NAV,Fallback - only 1 rows (need 30),253.8361,Fallback_Latest_NAV,Fallback - only 1 rows (need 30),253.8361,Fallback_Latest_NAV,Fallback - only 1 rows (need 30),0.0,0.0,0.0,0.0,0.0,0.0,0.0,0.0
Alfalah Asset Management Limited,c257e52f-7b5c-4be3-9497-00d4ab79218d,Alfalah GHP Pension Fund,,2026-08-07,346.3762,336.82268830821494,LightGBM,Model prediction,341.3753662109375,LSTM,Model prediction,363.7082824707031,LSTM,Model prediction,349.15167236328125,LSTM,Model prediction,349.26369764826126,LightGBM,Model prediction,367.4980163574219,LSTM,Model prediction,352.448973264584,LightGBM,Model prediction,353.5097961425781,LSTM,Model prediction,-2.7581316764214883,-1.443757910925313,5.003831807931129,0.8012884151050987,0.8336305000924641,6.097941012523924,1.7532305235128867,2.059493736168404
Alfalah Asset Management Limited,7d61fc57-494b-40e0-8a5a-e59e7cb9b61a,Alfalah GHP Prosperity Planning Fund (Alfalah GHP Active Allocation Plan),,2026-08-06,125.6961,124.01255533524026,LightGBM,Model prediction,117.88367462158203,LSTM,Model prediction,124.32344055175781,LSTM,Model prediction,123.96118927001953,LSTM,Model prediction,122.38040208493497,LightGBM,Model prediction,123.86158752441406,LSTM,Model prediction,121.91316671942333,LightGBM,Model prediction,123.81611633300781,LSTM,Model prediction,-1.339377009119405,-6.215328382040469,-1.092046171871831,-1.3802422907158376,-2.637868569561848,-1.459482414797228,-3.0095868372818817,-1.495657913803363
Alfalah Asset Management Limited,6fff0000-5530-46ce-84fa-a98f6422d047,Alfalah GHP Prosperity Planning Fund (Alfalah GHP Conservative Allocation Plan),,2026-08-06,115.8589,115.55231281320712,LightGBM,Model prediction,122.05925750732422,LSTM,Model prediction,115.63377380371094,LSTM,Model prediction,116.08016204833984,LSTM,Model prediction,115.72930311714312,LightGBM,Model prediction,115.00244140625,LSTM,Model prediction,114.91850606384409,LightGBM,Model prediction,115.3660659790039,LSTM,Model prediction,-0.264621178686214,5.351645412932639,-0.19431066261553326,0.19097544369904962,-0.11185751190188015,-0.7392255525902676,-0.8116717284178547,-0.42537433118741785
Alfalah Asset Management Limited,53c69b9c-6f0c-4746-9c34-d62a636567be,Alfalah GHP Prosperity Planning Fund (Alfalah GHP Moderate Allocation Plan),,2026-08-06,100.8644,100.66426514295549,LightGBM,Model prediction,100.5442886352539,LSTM,Model prediction,101.09847259521484,LSTM,Model prediction,101.00423431396484,LSTM,Model prediction,99.5919929125651,LightGBM,Model prediction,99.01300048828125,LSTM,Model prediction,100.3524125561776,LightGBM,Model prediction,100.35334777832031,LSTM,Model prediction,-0.19841971701067707,-0.3173680354476873,0.2320666114256768,0.1386359448574922,-1.2615026584552127,-1.835533163057286,-0.5075997515698362,-0.5066725442075607
Alfalah Asset Management Limited,5238ae7a-9bd4-423f-b94a-9ecc58a0f99a,Alfalah GHP Sovereign Fund,,2026-08-07,109.4667,109.0817236739285,LightGBM,Model prediction,111.12154388427734,LSTM,Model prediction,109.82240295410156,LSTM,Model prediction,110.22928619384766,LSTM,Model prediction,109.40542233376841,LightGBM,Model prediction,108.72631072998047,LSTM,Model prediction,109.35909058405935,LightGBM,Model prediction,109.29872131347656,LSTM,Model prediction,-0.3516835038157808,1.5117326860838416,0.324941698344391,0.6966376019809251,-0.05597836258112237,-0.6763602721371287,-0.09830333420177823,-0.1534518593539775
Alfalah Asset Management Limited,0ff41c7a-91e2-43ed-8e47-e04d8243f9b7,Alfalah GHP Stock Fund,,2026-08-07,203.3768,215.0759616026743,LightGBM,Model prediction,195.90380859375,LSTM,Model prediction,200.77716064453125,LSTM,Model prediction,203.84393310546875,LSTM,Model prediction,224.5387680902613,LightGBM,Model prediction,223.88211059570312,LSTM,Model prediction,311.43546421369695,LightGBM,Model prediction,205.15457153320312,LSTM,Model prediction,5.752456328683659,-3.6744561848991637,-1.2782379088808324,0.22968849223153628,10.405300943992282,10.082423656829649,53.132247244374454,0.8741270062284007
Alfalah Asset Management Limited,8db694bb-6647-434d-9a98-38f73d510f96,Alfalah GHP Value Fund,,2026-08-07,91.3936,91.87503356772136,LightGBM,Model prediction,94.2353286743164,LSTM,Model prediction,91.61105346679688,LSTM,Model prediction,91.34308624267578,LSTM,Model prediction,91.91846949639672,LightGBM,Model prediction,90.66283416748047,LSTM,Model prediction,91.04190855078625,LightGBM,Model prediction,90.89940643310547,LSTM,Model prediction,0.5267694540113897,3.1093300562800894,0.23793073781628976,-0.05527056306374313,0.5742956797814269,-0.7995809690389016,-0.38480971229250205,-0.5407310434150068
Alfalah Asset Management Limited,7399f833-54b4-4c8c-bb9b-93588106058f,Alfalah GOPB Islamic Pension Fund,,2026-08-07,102.5442,102.49925389981223,LightGBM,Model prediction,106.3888931274414,LSTM,Model prediction,103.7850341796875,LSTM,Model prediction,116.98372650146484,LSTM,Model prediction,102.41866736365058,LightGBM,Model prediction,92.57499694824219,LSTM,Model prediction,102.53761600589021,LightGBM,Model prediction,108.65332794189453,LSTM,Model prediction,-0.043830953079523005,3.7493033515707395,1.2100481350359127,14.081270809528807,-0.12241807566826708,-9.721859502300292,-0.0064206401822718,5.957555807051523
Alfalah Asset Management Limited,e8473aaf-61cd-4711-9d5c-db1e49d347f5,Alfalah GOPB Pension Fund,,2026-08-07,104.7458,104.61590391577197,LightGBM,Model prediction,108.80760192871094,LSTM,Model prediction,105.76274871826172,LSTM,Model prediction,114.55713653564453,LSTM,Model prediction,104.42116112705205,LightGBM,Model prediction,96.31721496582031,LSTM,Model prediction,104.08448552999053,LightGBM,Model prediction,110.31800079345703,LSTM,Model prediction,-0.12401078060221656,3.877770687427023,0.9708730261850271,9.366806626752126,-0.30993020526642373,-8.046704530567993,-0.6313517773595431,5.319736727827777
Alfalah Asset Management Limited,9d535928-2ed0-41d5-be5e-3ac1c188ddd0,Alfalah Government Securities Fund - II,,2026-08-07,138.8281,139.1979931484712,LightGBM,Model prediction,139.73553466796875,LSTM,Model prediction,138.27984619140625,LSTM,Model prediction,138.53529357910156,LSTM,Model prediction,139.62835243923155,LightGBM,Model prediction,138.25180053710938,LSTM,Model prediction,137.47185038226746,LightGBM,Model prediction,138.18963623046875,LSTM,Model prediction,0.26643968221937203,0.6536390456750065,-0.3949155888424291,-0.21091293542045433,0.5764340499016714,-0.4151173018219159,-0.9769273063108579,-0.45989520099407555
Alfalah Asset Management Limited,85953e95-b9ee-4fa6-9ff6-eb9aab9f7720,Alfalah Government Securities Fund Plan I,,2026-08-07,101.8595,101.80123507261825,LightGBM,Model prediction,104.74761199951172,LSTM,Model prediction,102.6464614868164,LSTM,Model prediction,102.82752227783203,LSTM,Model prediction,101.81455308758655,LightGBM,Model prediction,101.3260269165039,LSTM,Model prediction,101.7720896327072,LightGBM,Model prediction,102.42725372314453,LSTM,Model prediction,-0.05720126977036249,2.835387960388301,0.7725950812800075,0.9503505100967846,-0.04412638233395113,-0.5237342452064764,-0.08581464398783635,0.5573890733260365
Alfalah Asset Management Limited,9a7338a7-cc24-4c86-af3e-e0fa1946d529,Alfalah Government Securities Fund Plan II,,2026-08-07,107.2869,107.17207862186059,LightGBM,Model prediction,109.68663787841797,LSTM,Model prediction,107.68894958496094,LSTM,Model prediction,107.82469177246094,LSTM,Model prediction,107.26979946584306,LightGBM,Model prediction,106.50664520263672,LSTM,Model prediction,106.83774029485062,LightGBM,Model prediction,107.10746765136719,LSTM,Model prediction,-0.10702273822751009,2.2367482688175033,0.37474247551279294,0.501265086847448,-0.01593907006068621,-0.7272600824175962,-0.4186528878636479,-0.1672453474122333
Alfalah Asset Management Limited,371dd402-c658-4ef4-b6b4-6b49c96e710d,Alfalah Income & Growth Fund,,2026-08-07,119.5931,119.56848869199955,LightGBM,Model prediction,121.20409393310547,LSTM,Model prediction,119.51062774658203,LSTM,Model prediction,120.2242431640625,LSTM,Model prediction,118.31840806700711,LightGBM,Model prediction,118.87199401855469,LSTM,Model prediction,119.57457202905965,LightGBM,Model prediction,119.35196685791016,LSTM,Model prediction,-0.02057920398456021,1.3470626090514102,-0.06896071212969275,0.527742122298438,-1.065857422370433,-0.6029662091252082,-0.015492508297179788,-0.2016279719230044
Alfalah Asset Management Limited,217a0d5a-200c-47a5-b668-34f65d4deba2,Alfalah Islamic Amdani Fund,,2026-08-08,101.6034,101.53049657116887,LightGBM,Model prediction,104.02001190185547,LSTM,Model prediction,102.1698226928711,LSTM,Model prediction,102.42668151855469,LSTM,Model prediction,101.53197980574511,LightGBM,Model prediction,100.89728546142578,LSTM,Model prediction,101.54453628179044,LightGBM,Model prediction,101.41742706298828,LSTM,Model prediction,-0.07175294215658673,2.378475426861183,0.5574839945032354,0.8102893392885415,-0.07029311445766973,-0.6949713676650706,-0.05793479175849535,-0.18303810405135285
Alfalah Asset Management Limited,25524af1-9c58-4f1f-bc38-5dbf05950d8c,Alfalah Islamic Asset Allocation Fund Plan I,,2026-08-06,101.6919,101.54781591630112,LightGBM,Model prediction,85.88155364990234,LSTM,Model prediction,93.77210235595703,LSTM,Model prediction,86.63141632080078,LSTM,Model prediction,101.01556370482012,LightGBM,Model prediction,91.80683898925781,LSTM,Model prediction,99.29694408922933,LightGBM,Model prediction,90.92929077148438,LSTM,Model prediction,-0.1416868833199945,-15.54730155508714,-7.7880319317890345,-14.809914731851034,-0.665083743326538,-9.720598209633403,-2.3551098079303032,-10.5835462101855
Alfalah Asset Management Limited,8757123e-1fc2-4009-9e46-c0ab724aceb3,Alfalah Islamic Income Growth Fund,,2026-08-07,101.4533,101.33353224493244,LightGBM,Model prediction,106.10912322998047,LSTM,Model prediction,96.89363861083984,LSTM,Model prediction,99.9214859008789,LSTM,Model prediction,101.88004990309713,LightGBM,Model prediction,97.45852661132812,LSTM,Model prediction,103.03930037616414,LightGBM,Model prediction,104.586669921875,LSTM,Model prediction,-0.11805210384241462,4.589129412232495,-4.494345072225501,-1.509871141817065,0.42063678864771503,-3.937548989211661,1.5632812103343476,3.0884849698087704
Alfalah Asset Management Limited,c1608485-35f6-486b-9949-2c37cb3a7332,Alfalah Islamic KPK Employee Pension Fund,,2026-08-07,135.1947,134.2212487188012,LightGBM,Model prediction,135.60975646972656,LSTM,Model prediction,134.4980926513672,LSTM,Model prediction,134.99842834472656,LSTM,Model prediction,133.71780172140106,LightGBM,Model prediction,134.66151428222656,LSTM,Model prediction,134.28050516094672,LightGBM,Model prediction,135.29812622070312,LSTM,Model prediction,-0.7200365703676292,0.307006465287878,-0.5152623206625881,-0.14517703376940747,-1.0924232078616634,-0.3943835947514578,-0.6762061227646456,0.07650168290851146
Alfalah Asset Management Limited,173efcbf-4302-4513-9727-8000f31c618c,Alfalah Islamic Money Market Fund,,2026-08-08,101.7581,101.62934344871164,LightGBM,Model prediction,103.91036224365234,LSTM,Model prediction,102.37962341308594,LSTM,Model prediction,102.73750305175781,LSTM,Model prediction,101.71264483902037,LightGBM,Model prediction,101.16522979736328,LSTM,Model prediction,101.79667021074256,LightGBM,Model prediction,101.69273376464844,LSTM,Model prediction,-0.12653199233118712,2.1150770736210136,0.6107851985109182,0.9624816616640971,-0.044669820859104405,-0.5826270367044173,0.03790382361950837,-0.06423688664741321
Alfalah Asset Management Limited,fe161e1f-4585-472e-a190-39bac7d74714,Alfalah Islamic Sovereign Fund (Alfalah Islamic Sovereign Plan I),,2026-08-07,100.2204,100.03573261916533,LightGBM,Model prediction,102.49471282958984,LSTM,Model prediction,100.83072662353516,LSTM,Model prediction,100.83853149414062,LSTM,Model prediction,99.71869382279601,LightGBM,Model prediction,99.56640625,LSTM,Model prediction,100.27123365526124,LightGBM,Model prediction,100.0274887084961,LSTM,Model prediction,-0.1842612689977968,2.269311267556152,0.6089844218693583,0.6167721283697003,-0.5006028485258343,-0.6525555176391213,0.050721864272387056,-0.19248705004560368
Alfalah Asset Management Limited,3c72f89f-70f4-4e2f-b54d-f4a05df8c391,Alfalah Islamic Sovereign Fund (Alfalah Islamic Sovereign Plan II),,2026-08-07,111.7673,111.59488256146614,LightGBM,Model prediction,113.3200454711914,LSTM,Model prediction,111.9727783203125,LSTM,Model prediction,112.42095947265625,LSTM,Model prediction,111.1890612621407,LightGBM,Model prediction,110.92622375488281,LSTM,Model prediction,111.4614173082497,LightGBM,Model prediction,111.48927307128906,LSTM,Model prediction,-0.15426465391386382,1.3892663338842401,0.18384475630394054,0.5848396379408326,-0.517359494109018,-0.7525244370376607,-0.2736781614571637,-0.24875516247680973
Alfalah Asset Management Limited,1b9275a5-fc24-448b-9045-a01ad6a833f8,Alfalah Islamic Sovereign Fund (Alfalah Islamic Sovereign Plan III),,2026-08-07,101.9616,101.81174632513041,LightGBM,Model prediction,104.16564178466797,LSTM,Model prediction,102.59549713134766,LSTM,Model prediction,102.80005645751953,LSTM,Model prediction,101.80746593840921,LightGBM,Model prediction,101.32508850097656,LSTM,Model prediction,101.70798849657048,LightGBM,Model prediction,101.87068939208984,LSTM,Model prediction,-0.14697069766420864,2.161639072619461,0.6217018282840324,0.8223257162691906,-0.15116873567185643,-0.6242658991457978,-0.24873236927384917,-0.08916161369590167
Alfalah Asset Management Limited,965c2dd3-f85f-4c19-9f01-93ac32d1dc59,Alfalah Islamic Stable Return Fund Plan XIX,,2026-08-06,100.4943,100.4943,Fallback_Latest_NAV,Fallback - only 17 rows (need 30),100.4943,Fallback_Latest_NAV,Fallback - only 17 rows (need 30),100.4943,Fallback_Latest_NAV,Fallback - only 17 rows (need 30),100.4943,Fallback_Latest_NAV,Fallback - only 17 rows (need 30),100.4943,Fallback_Latest_NAV,Fallback - only 17 rows (need 30),100.4943,Fallback_Latest_NAV,Fallback - only 17 rows (need 30),100.4943,Fallback_Latest_NAV,Fallback - only 17 rows (need 30),100.4943,Fallback_Latest_NAV,Fallback - only 17 rows (need 30),0.0,0.0,0.0,0.0,0.0,0.0,0.0,0.0
Alfalah Asset Management Limited,bc7209de-db77-4d3b-b17b-8446340f11f3,Alfalah KPK Employee Pension Fund,,2026-08-07,140.6017,139.1979931484712,LightGBM,Model prediction,140.5434112548828,LSTM,Model prediction,139.73545837402344,LSTM,Model prediction,140.13587951660156,LSTM,Model prediction,139.51387869260455,LightGBM,Model prediction,140.33094787597656,LSTM,Model prediction,140.7026395219704,LightGBM,Model prediction,140.9122314453125,LSTM,Model prediction,-0.9983569555195958,-0.04145664321070187,-0.6160961254213544,-0.3313050150876067,-0.7736900104304886,-0.192566749920827,0.07179111061275749,0.22085895498596825
Alfalah Asset Management Limited,2359183e-0047-4c6b-b6fa-9af83b7640ae,Alfalah KTrade Islamic Plan VII,,2026-08-06,127.0976,126.38595131777174,LightGBM,Model prediction,127.00365447998047,LSTM,Model prediction,126.74439239501953,LSTM,Model prediction,127.41693115234375,LSTM,Model prediction,122.81577244875595,LightGBM,Model prediction,126.6698226928711,LSTM,Model prediction,124.80636507435801,LightGBM,Model prediction,127.01248931884766,LSTM,Model prediction,-0.559922990070826,-0.07391604563699956,-0.27790265510951323,0.2512487665728937,-3.3689287218987998,-0.33657386695650127,-1.8027365785364846,-0.06696482164285057
Alfalah Asset Management Limited,c6d1216b-54cf-4894-92ca-1ba34c18cd7c,Alfalah MTS Fund,,2026-08-07,105.0472,105.00621929994712,LightGBM,Model prediction,107.65472412109375,LSTM,Model prediction,105.53875732421875,LSTM,Model prediction,105.89190673828125,LSTM,Model prediction,104.68291048787694,LightGBM,Model prediction,104.37496948242188,LSTM,Model prediction,104.6035751787299,LightGBM,Model prediction,105.01617431640625,LSTM,Model prediction,-0.039011701456949203,2.4822404796070208,0.4679394826504145,0.8041211362903974,-0.346786503707919,-0.6399318759358923,-0.4223099913849259,-0.029534993406538854
Alfalah Asset Management Limited,ecd6f301-d879-4e35-8faf-9c13780e40e1,Alfalah Money Market Fund - II,,2026-08-08,104.9902,104.85770470182656,LightGBM,Model prediction,107.55142974853516,LSTM,Model prediction,105.4504165649414,LSTM,Model prediction,105.8081283569336,LSTM,Model prediction,104.6403505683837,LightGBM,Model prediction,104.26069641113281,LSTM,Model prediction,104.69798015588376,LightGBM,Model prediction,104.89201354980469,LSTM,Model prediction,-0.12619777671957802,2.4394941132935783,0.43834240237794075,0.77905209908505,-0.3332210355026527,-0.694830173546854,-0.2783305909658677,-0.09351963344703984
Alfalah Asset Management Limited,2dec11ee-ab83-4627-a515-ba21f611e964,Alfalah Pension Fund - II,,2026-08-07,0.0002,0.0002,Fallback_Latest_NAV,Fallback - only 1 rows (need 30),0.0002,Fallback_Latest_NAV,Fallback - only 1 rows (need 30),0.0002,Fallback_Latest_NAV,Fallback - only 1 rows (need 30),0.0002,Fallback_Latest_NAV,Fallback - only 1 rows (need 30),0.0002,Fallback_Latest_NAV,Fallback - only 1 rows (need 30),0.0002,Fallback_Latest_NAV,Fallback - only 1 rows (need 30),0.0002,Fallback_Latest_NAV,Fallback - only 1 rows (need 30),0.0002,Fallback_Latest_NAV,Fallback - only 1 rows (need 30),0.0,0.0,0.0,0.0,0.0,0.0,0.0,0.0
Alfalah Asset Management Limited,ea07f544-bd74-4126-a197-bd883e352d95,Alfalah Pension Fund - II,,2026-06-17,27.2767,29.934069286812118,LightGBM,Model prediction,49.89368438720703,LSTM,Model prediction,41.45716094970703,LSTM,Model prediction,35.95588302612305,LSTM,Model prediction,27.651763677054262,LightGBM,Model prediction,35.198486328125,LSTM,Model prediction,21.58260453497809,LightGBM,Model prediction,44.93296813964844,LSTM,Model prediction,9.742268261234372,82.91686452982593,51.987450643615354,31.81903612285593,1.3750331860315235,29.042319371936482,-20.87530920170663,64.73022080987963
Alfalah Asset Management Limited,270d0eab-ce62-4eb6-b778-82000cc4d84f,Alfalah Savings Growth Fund,,2026-08-07,105.9341,105.72864803116182,LightGBM,Model prediction,107.48945617675781,LSTM,Model prediction,106.37535858154297,LSTM,Model prediction,106.62907409667969,LSTM,Model prediction,105.26051573288126,LightGBM,Model prediction,105.28058624267578,LSTM,Model prediction,105.78483781703702,LightGBM,Model prediction,105.88555908203125,LSTM,Model prediction,-0.19394318622443196,1.4682299436704627,0.4165406432328853,0.6560438014574029,-0.63585216386295,-0.6169059418300807,-0.14090097802594767,-0.04582180616888313
Alfalah Asset Management Limited,3d1300ba-0f6d-44c6-a2c2-4d61986e7777,Alfalah Special Savings Fund - I,,2026-08-07,149.4263,147.5752413154068,LightGBM,Model prediction,149.1965789794922,LSTM,Model prediction,148.47637939453125,LSTM,Model prediction,148.73606872558594,LSTM,Model prediction,148.70429135951912,LightGBM,Model prediction,149.3878173828125,LSTM,Model prediction,142.005259478672,LightGBM,Model prediction,148.9856414794922,LSTM,Model prediction,-1.2387770322849445,-0.1537353334103904,-0.6357117893361126,-0.4619208763210092,-0.48318712333831443,-0.025753576972392195,-4.966354999975236,-0.2949002421312782
Alfalah Asset Management Limited,8a37c143-5401-4549-ae71-e2b0071f2ca2,Alfalah Special Savings Fund - II,,2026-08-07,118.692,118.27064519803908,LightGBM,Model prediction,120.0210952758789,LSTM,Model prediction,118.642333984375,LSTM,Model prediction,118.8442611694336,LSTM,Model prediction,117.56351206692541,LightGBM,Model prediction,117.8100814819336,LSTM,Model prediction,117.11288903322058,LightGBM,Model prediction,118.13075256347656,LSTM,Model prediction,-0.35499848512192594,1.119785053650552,-0.041844450868628945,0.1282825880713112,-0.9507700039384128,-0.7430311377905835,-1.330427465018207,-0.47286037519245666
Alfalah Asset Management Limited,ab8ded68-e5b3-4ee0-98c5-237366faef1d,Alfalah Stable Return Fund Plan XX,,2026-08-07,101.3334,102.04918214372816,LightGBM,Model prediction,86.73572540283203,LSTM,Model prediction,92.34747314453125,LSTM,Model prediction,89.94625091552734,LSTM,Model prediction,100.29656851323082,LightGBM,Model prediction,93.77922058105469,LSTM,Model prediction,98.69659782241747,LightGBM,Model prediction,93.92324829101562,LSTM,Model prediction,0.7063634929136521,-14.405590454053616,-8.867685141788145,-11.237310782498815,-1.023188294056228,-7.454777416868782,-2.6021057001763723,-7.312644901862932
Alfalah Asset Management Limited,4687ce79-acaf-42bf-b651-75c11ae7e8f3,Alfalah Stable Return Fund Plan XXII,,2026-08-07,101.4673,101.33353224493244,LightGBM,Model prediction,103.72859191894531,LSTM,Model prediction,102.13948059082031,LSTM,Model prediction,102.7430191040039,LSTM,Model prediction,101.51597644527419,LightGBM,Model prediction,100.90093994140625,LSTM,Model prediction,101.64594784488482,LightGBM,Model prediction,101.46168518066406,LSTM,Model prediction,-0.13183336411587993,2.2285917915873568,0.6624603106816856,1.2572711642114374,0.047972544134116675,-0.5581700297472629,0.17606445119247427,-0.005533624464169242
Alfalah Asset Management Limited,38df0795-0793-4d16-9c10-97d772f80583,Alfalah Stable Return Fund Plan XXVI,,2026-08-07,101.4718,101.33353224493244,LightGBM,Model prediction,103.67311096191406,LSTM,Model prediction,102.09970092773438,LSTM,Model prediction,102.69171142578125,LSTM,Model prediction,101.5043791388481,LightGBM,Model prediction,100.87268829345703,LSTM,Model prediction,101.75855935133289,LightGBM,Model prediction,101.43006134033203,LSTM,Model prediction,-0.13626224731162698,2.1693819976723194,0.6187935246387402,1.2022171931327208,0.032106593997635074,-0.5904218773521023,0.2826000438869615,-0.041133260342253244
Alfalah Asset Management Limited,5b4079e3-eeea-46c3-a89e-0a0b44bb44ce,Alfalah Stable Return Fund Plan XXVII,,2026-08-07,101.135,101.0237614293643,LightGBM,Model prediction,103.19734191894531,LSTM,Model prediction,101.69283294677734,LSTM,Model prediction,102.26133728027344,LSTM,Model prediction,101.10951226489452,LightGBM,Model prediction,100.4859848022461,LSTM,Model prediction,101.33075166873613,LightGBM,Model prediction,101.03123474121094,LSTM,Model prediction,-0.10999018206922032,2.0391970326250135,0.5515725977923949,1.1136968213510974,-0.02520169585750319,-0.6417315447213243,0.19355482151196127,-0.10260074038569002
Alfalah Asset Management Limited,ff7ce3c1-b4d0-4c82-af25-5637f2a451e2,Alfalah Stable Return Fund Plan XXVIII,,2026-08-07,103.09,103.09,Fallback_Latest_NAV,Fallback - only 14 rows (need 30),103.09,Fallback_Latest_NAV,Fallback - only 14 rows (need 30),103.09,Fallback_Latest_NAV,Fallback - only 14 rows (need 30),103.09,Fallback_Latest_NAV,Fallback - only 14 rows (need 30),103.09,Fallback_Latest_NAV,Fallback - only 14 rows (need 30),103.09,Fallback_Latest_NAV,Fallback - only 14 rows (need 30),103.09,Fallback_Latest_NAV,Fallback - only 14 rows (need 30),103.09,Fallback_Latest_NAV,Fallback - only 14 rows (need 30),0.0,0.0,0.0,0.0,0.0,0.0,0.0,0.0
Alfalah Asset Management Limited,ac9277cf-2233-4a50-a710-ccebc24222c7,Alfalah Stable Return Fund Plan XXX,,2026-08-06,101.1583,101.0415150703409,LightGBM,Model prediction,84.8956069946289,LSTM,Model prediction,93.61865997314453,LSTM,Model prediction,86.771484375,LSTM,Model prediction,100.48416286851248,LightGBM,Model prediction,91.08203125,LSTM,Model prediction,98.75634501747473,LightGBM,Model prediction,90.22545623779297,LSTM,Model prediction,-0.11544769896201315,-16.07647914740668,-7.453308356165995,-14.222081257791006,-0.6664180116584724,-9.960891740964406,-2.374451708387021,-10.807658652040445
Alfalah Asset Management Limited,c43b3751-82ec-4e8d-81c9-8fd3a98db842,Alfalah Stable Return Fund Plan XXXI,,2026-08-06,100.121,100.121,Fallback_Latest_NAV,Fallback - only 4 rows (need 30),100.121,Fallback_Latest_NAV,Fallback - only 4 rows (need 30),100.121,Fallback_Latest_NAV,Fallback - only 4 rows (need 30),100.121,Fallback_Latest_NAV,Fallback - only 4 rows (need 30),100.121,Fallback_Latest_NAV,Fallback - only 4 rows (need 30),100.121,Fallback_Latest_NAV,Fallback - only 4 rows (need 30),100.121,Fallback_Latest_NAV,Fallback - only 4 rows (need 30),100.121,Fallback_Latest_NAV,Fallback - only 4 rows (need 30),0.0,0.0,0.0,0.0,0.0,0.0,0.0,0.0
Alfalah Asset Management Limited,ddf1c3ab-df73-4962-87ec-32cef5f52486,Alfalah Stock Fund - II,,2026-08-07,83.0633,83.74222415882598,LightGBM,Model prediction,82.10147857666016,LSTM,Model prediction,82.84113311767578,LSTM,Model prediction,82.49414825439453,LSTM,Model prediction,84.75893997024349,LightGBM,Model prediction,82.38800811767578,LSTM,Model prediction,83.92040217802571,LightGBM,Model prediction,82.34510803222656,LSTM,Model prediction,0.8173575560156875,-1.1579378899463926,-0.26746695872210335,-0.6852024246634397,2.041382861315997,-0.8129846542627331,1.0318662731022157,-0.864632115234328
Alfalah Asset Management Limited,3acdcb34-4138-472f-b57d-27f50956b250,Alfalah Strategic Allocation Capital Preservation Plan II,,2026-08-06,100.3854,100.32189811374252,LightGBM,Model prediction,100.71540832519531,LSTM,Model prediction,100.81676483154297,LSTM,Model prediction,100.77559661865234,LSTM,Model prediction,99.17502284497475,LightGBM,Model prediction,99.6114730834961,LSTM,Model prediction,99.97465889489686,LightGBM,Model prediction,100.00554656982422,LSTM,Model prediction,-0.06325808958024162,0.32874135600924864,0.4297087340818132,0.38869857434680694,-1.205730270562508,-0.7709556534156465,-0.40916418632902984,-0.3783950954778139
Alfalah Asset Management Limited,6aee2a23-efa8-4251-b792-6522583416a3,Alfalah Strategic Allocation Fund Plan - I,,2026-08-06,101.1413,101.0237614293643,LightGBM,Model prediction,103.34996795654297,LSTM,Model prediction,102.01889038085938,LSTM,Model prediction,102.24362182617188,LSTM,Model prediction,101.09843344643515,LightGBM,Model prediction,99.63790130615234,LSTM,Model prediction,101.33452879520786,LightGBM,Model prediction,101.97065734863281,LSTM,Model prediction,-0.11621224033673874,2.1837448762700973,0.8676874638346294,1.0898829915888701,-0.04238283823210612,-1.48643402235057,0.191048360272073,0.8199987034305585
EFU Life Assurance Limited,14f6f3e7-cdc9-4080-b49c-89e22c9a90c8,EFU Hemayah Pension Fund,,2026-08-07,104.275,104.275,Fallback_Latest_NAV,Fallback - only 1 rows (need 30),104.275,Fallback_Latest_NAV,Fallback - only 1 rows (need 30),104.275,Fallback_Latest_NAV,Fallback - only 1 rows (need 30),104.275,Fallback_Latest_NAV,Fallback - only 1 rows (need 30),104.275,Fallback_Latest_NAV,Fallback - only 1 rows (need 30),104.275,Fallback_Latest_NAV,Fallback - only 1 rows (need 30),104.275,Fallback_Latest_NAV,Fallback - only 1 rows (need 30),104.275,Fallback_Latest_NAV,Fallback - only 1 rows (need 30),0.0,0.0,0.0,0.0,0.0,0.0,0.0,0.0
EFU Life Assurance Limited,5d47d273-21b1-4650-897b-1387a42d4e82,EFU Hemayah Pension Fund,,2026-08-07,93.7577,93.94594313912201,LightGBM,Model prediction,97.78202056884766,LSTM,Model prediction,93.8448715209961,LSTM,Model prediction,94.38469696044922,LSTM,Model prediction,94.4401307454222,LightGBM,Model prediction,92.7332992553711,LSTM,Model prediction,93.88787036273082,LightGBM,Model prediction,92.6341781616211,LSTM,Model prediction,0.20077619131229552,4.2922560694723275,0.0929753193562704,0.6687418318167136,0.7278663463610937,-1.0926043883637355,0.1388369837686108,-1.1983248718546915
EFU Life Assurance Limited,c52a70b3-4ed7-4ceb-b7db-73e9c032028b,EFU Hemayah Pension Fund,,2026-08-07,102.3155,102.3155,Fallback_Latest_NAV,Fallback - only 1 rows (need 30),102.3155,Fallback_Latest_NAV,Fallback - only 1 rows (need 30),102.3155,Fallback_Latest_NAV,Fallback - only 1 rows (need 30),102.3155,Fallback_Latest_NAV,Fallback - only 1 rows (need 30),102.3155,Fallback_Latest_NAV,Fallback - only 1 rows (need 30),102.3155,Fallback_Latest_NAV,Fallback - only 1 rows (need 30),102.3155,Fallback_Latest_NAV,Fallback - only 1 rows (need 30),102.3155,Fallback_Latest_NAV,Fallback - only 1 rows (need 30),0.0,0.0,0.0,0.0,0.0,0.0,0.0,0.0
Faysal Asset Management Limited,67d82e82-d77d-45e0-be84-3305b605f0c5,Faysal Halal Amdani Fund,,2026-08-08,103.1855,103.09700211656356,LightGBM,Model prediction,104.5233154296875,LSTM,Model prediction,103.76596069335938,LSTM,Model prediction,104.16162109375,LSTM,Model prediction,103.02635395096392,LightGBM,Model prediction,102.54830169677734,LSTM,Model prediction,103.41052714038437,LightGBM,Model prediction,103.1269760131836,LSTM,Model prediction,-0.08576581344902727,1.2965149460801133,0.562540951353989,0.9459866878098137,-0.1542329581540833,-0.617526981235407,0.218080195748792,-0.05671725854544574
Faysal Asset Management Limited,133bd61e-8c91-41ee-af94-d56cdb69494a,Faysal Halal Amdani Fund II,,2026-08-07,101.1155,101.0237614293643,LightGBM,Model prediction,102.78693389892578,LSTM,Model prediction,101.765869140625,LSTM,Model prediction,101.94123840332031,LSTM,Model prediction,101.09048181881113,LightGBM,Model prediction,100.5534896850586,LSTM,Model prediction,101.14235816043048,LightGBM,Model prediction,101.07876586914062,LSTM,Model prediction,-0.09072651634586006,1.652994742572389,0.643194308117947,0.8166289078532127,-0.02474218214701945,-0.5558102515849731,0.02656186285038249,-0.03632888217866922
Faysal Asset Management Limited,391f9dfa-8030-4222-a065-356e82c917d8,Faysal Halal Amdani Fund III,,2026-08-07,101.3681,101.21788656738387,LightGBM,Model prediction,103.37715911865234,LSTM,Model prediction,101.9170913696289,LSTM,Model prediction,102.30387115478516,LSTM,Model prediction,101.62058288729025,LightGBM,Model prediction,100.74925231933594,LSTM,Model prediction,102.37321348358441,LightGBM,Model prediction,101.63497161865234,LSTM,Model prediction,-0.14818609860116433,1.981944140861223,0.5415819864719847,0.9231416538192566,0.2490752882714148,-0.6104954918401951,0.9915481138389785,0.2632698241876344
Faysal Asset Management Limited,09886497-f946-44a8-8164-07e33fcca11f,Faysal Islamic Asset Allocation Fund,,2026-08-07,90.9993,91.21466807667862,LightGBM,Model prediction,89.12545013427734,LSTM,Model prediction,91.84392547607422,LSTM,Model prediction,91.93838500976562,LSTM,Model prediction,91.32393848200168,LightGBM,Model prediction,91.06095886230469,LSTM,Model prediction,90.9143869405477,LightGBM,Model prediction,91.39237976074219,LSTM,Model prediction,0.23667003666909,-2.0591915165530517,0.9281670035639983,1.031969487419815,0.35674832883513863,0.06775751275524351,-0.09331177212605443,0.4319591037977021
Faysal Asset Management Limited,da9001a3-993e-4532-9fc2-63092af98e66,Faysal Islamic Asset Allocation Fund II,,2026-08-07,121.7644,122.24872207610788,LightGBM,Model prediction,120.6515121459961,LSTM,Model prediction,121.7631607055664,LSTM,Model prediction,121.14730834960938,LSTM,Model prediction,119.28247410173704,LightGBM,Model prediction,120.91619873046875,LSTM,Model prediction,119.16575679262903,LightGBM,Model prediction,120.88177490234375,LSTM,Model prediction,0.3977534288411776,-0.9139681663966652,-0.0010177805939902069,-0.5067915173816155,-2.0383017517952355,-0.6965921644842374,-2.1341567875101175,-0.7248630122238067
Faysal Asset Management Limited,35aa9502-5a36-4aff-ab0f-b01b0f40efe9,Faysal Islamic Asset Allocation Fund III (Faysal Shariah Flex Plan I),,2026-08-07,108.7516,108.24735090791766,LightGBM,Model prediction,110.25991821289062,LSTM,Model prediction,108.8150634765625,LSTM,Model prediction,109.62664031982422,LSTM,Model prediction,109.47518294545591,LightGBM,Model prediction,107.84756469726562,LSTM,Model prediction,110.06510323079658,LightGBM,Model prediction,109.11038970947266,LSTM,Model prediction,-0.46367050423380674,1.3869388706838601,0.0583563612512402,0.804622938719267,0.665353838891489,-0.8312845997064607,1.207801292851401,0.32991671798176764
Faysal Asset Management Limited,833aa3f1-4139-4583-bf6e-645fcc1179b7,Faysal Islamic Asset Allocation Fund III (Faysal Shariah Flex Plan II),,2026-08-07,107.5031,107.3866879101161,LightGBM,Model prediction,108.69536590576172,LSTM,Model prediction,107.87103271484375,LSTM,Model prediction,107.98250579833984,LSTM,Model prediction,107.32122212662857,LightGBM,Model prediction,106.6001205444336,LSTM,Model prediction,106.53693428044274,LightGBM,Model prediction,107.19405364990234,LSTM,Model prediction,-0.108287193470615,1.1090525815178494,0.3422531209274398,0.4459460223378119,-0.16918384062546465,-0.8399566668927777,-0.8987328919419694,-0.28747668680964517
Faysal Asset Management Limited,dbacb646-975c-418b-b587-acf4a0bc64b2,Faysal Islamic Asset Allocation Fund III (Faysal Shariah Flex Plan III),,2026-08-07,106.5983,106.28920344238928,LightGBM,Model prediction,108.29120635986328,LSTM,Model prediction,106.76925659179688,LSTM,Model prediction,107.6229019165039,LSTM,Model prediction,106.89221351787923,LightGBM,Model prediction,105.78164672851562,LSTM,Model prediction,108.32830778587274,LightGBM,Model prediction,107.06056213378906,LSTM,Model prediction,-0.2899638714789215,1.5881175964938339,0.16037459490149494,0.9611803532550814,0.27572064271121843,-0.766103466457129,1.622922491139862,0.4336486921358669
Faysal Asset Management Limited,313ad8a0-1a51-4cb0-add0-a2090f134ef7,Faysal Islamic Asset Allocation Fund IV (Faysal Shariah Flex Plan IV),,2026-08-07,102.8434,102.8434,Fallback_Latest_NAV,Fallback - only 22 rows (need 30),102.8434,Fallback_Latest_NAV,Fallback - only 22 rows (need 30),102.8434,Fallback_Latest_NAV,Fallback - only 22 rows (need 30),102.8434,Fallback_Latest_NAV,Fallback - only 22 rows (need 30),102.8434,Fallback_Latest_NAV,Fallback - only 22 rows (need 30),102.8434,Fallback_Latest_NAV,Fallback - only 22 rows (need 30),102.8434,Fallback_Latest_NAV,Fallback - only 22 rows (need 30),102.8434,Fallback_Latest_NAV,Fallback - only 22 rows (need 30),0.0,0.0,0.0,0.0,0.0,0.0,0.0,0.0
Faysal Asset Management Limited,000fdecc-ddfc-4bf7-9763-a9777d475de8,Faysal Islamic Asset Allocation Fund IV (Faysal Shariah Flex Plan V),,2026-08-07,102.5229,102.5229,Fallback_Latest_NAV,Fallback - only 19 rows (need 30),102.5229,Fallback_Latest_NAV,Fallback - only 19 rows (need 30),102.5229,Fallback_Latest_NAV,Fallback - only 19 rows (need 30),102.5229,Fallback_Latest_NAV,Fallback - only 19 rows (need 30),102.5229,Fallback_Latest_NAV,Fallback - only 19 rows (need 30),102.5229,Fallback_Latest_NAV,Fallback - only 19 rows (need 30),102.5229,Fallback_Latest_NAV,Fallback - only 19 rows (need 30),102.5229,Fallback_Latest_NAV,Fallback - only 19 rows (need 30),0.0,0.0,0.0,0.0,0.0,0.0,0.0,0.0
Faysal Asset Management Limited,f71496f9-55f5-4f62-b200-acfe72b91e55,Faysal Islamic Asset Allocation Fund IV (Faysal Shariah Flex Plan VI),,2026-08-07,102.8037,102.8037,Fallback_Latest_NAV,Fallback - only 18 rows (need 30),102.8037,Fallback_Latest_NAV,Fallback - only 18 rows (need 30),102.8037,Fallback_Latest_NAV,Fallback - only 18 rows (need 30),102.8037,Fallback_Latest_NAV,Fallback - only 18 rows (need 30),102.8037,Fallback_Latest_NAV,Fallback - only 18 rows (need 30),102.8037,Fallback_Latest_NAV,Fallback - only 18 rows (need 30),102.8037,Fallback_Latest_NAV,Fallback - only 18 rows (need 30),102.8037,Fallback_Latest_NAV,Fallback - only 18 rows (need 30),0.0,0.0,0.0,0.0,0.0,0.0,0.0,0.0
Faysal Asset Management Limited,97c814f9-3854-4ac1-9043-044381d9ac72,Faysal Islamic Cash Fund,,2026-08-08,101.5557,101.53049657116887,LightGBM,Model prediction,103.36128997802734,LSTM,Model prediction,102.23915100097656,LSTM,Model prediction,102.65711212158203,LSTM,Model prediction,101.53428328300232,LightGBM,Model prediction,100.96073913574219,LSTM,Model prediction,101.6145986959349,LightGBM,Model prediction,101.48973846435547,LSTM,Model prediction,-0.02481734538891818,1.777930709972303,0.6729814288873602,1.0845399338314143,-0.021088641009492873,-0.5858468448918319,0.057996445236358024,-0.0649510915138519
Faysal Asset Management Limited,59579579-552b-4cf1-a75f-bd44773efd23,Faysal Islamic Dedicated Equity Fund,,2026-08-07,120.9519,120.72813878629982,LightGBM,Model prediction,120.3201675415039,LSTM,Model prediction,120.67594909667969,LSTM,Model prediction,120.6041259765625,LSTM,Model prediction,118.7763997165292,LightGBM,Model prediction,119.63383483886719,LSTM,Model prediction,119.2867093399522,LightGBM,Model prediction,119.78350830078125,LSTM,Model prediction,-0.1850001642803229,-0.5223005661722459,-0.22814929184271382,-0.2875308477481502,-1.7986491187577847,-1.0897432459786143,-1.3767379099028612,-0.965996978318443
Faysal Asset Management Limited,530f1f57-2bef-4ef7-b157-f445338fe3d7,Faysal Islamic Financial Growth Fund (Faysal Islamic Financial Growth Plan I),,2026-08-07,101.724,101.54781591630112,LightGBM,Model prediction,103.10063171386719,LSTM,Model prediction,102.35348510742188,LSTM,Model prediction,102.7208023071289,LSTM,Model prediction,101.56194067585834,LightGBM,Model prediction,101.13673400878906,LSTM,Model prediction,101.75435840703852,LightGBM,Model prediction,101.65879821777344,LSTM,Model prediction,-0.17319814763368063,1.353300807938327,0.6188167073865275,0.9799086814605231,-0.15931277195319263,-0.5773131131404008,0.029843898232983255,-0.06409675418442673
Faysal Asset Management Limited,9c58e740-2975-4ee9-8b7c-45b44da86bb8,Faysal Islamic Financial Growth Fund (Faysal Islamic Financial Growth Plan II),,2026-08-07,101.3686,101.21788656738387,LightGBM,Model prediction,103.16090393066406,LSTM,Model prediction,102.06732177734375,LSTM,Model prediction,102.50733947753906,LSTM,Model prediction,101.27919617973777,LightGBM,Model prediction,100.78825378417969,LSTM,Model prediction,101.50464567322248,LightGBM,Model prediction,101.31182861328125,LSTM,Model prediction,-0.14867861706300495,1.7681056369172128,0.6892881793215545,1.1233651027429221,-0.08819675941290897,-0.5725108325658175,0.13420889034916464,-0.056004903607972
Faysal Asset Management Limited,65c67c7e-d20a-4455-beb6-fb486ff43173,Faysal Islamic Financial Growth Fund II,,2026-08-07,101.2131,101.17590295169087,LightGBM,Model prediction,103.41756439208984,LSTM,Model prediction,101.77975463867188,LSTM,Model prediction,102.31127166748047,LSTM,Model prediction,101.49271347750327,LightGBM,Model prediction,100.44757080078125,LSTM,Model prediction,102.98300137525466,LightGBM,Model prediction,101.61428833007812,LSTM,Model prediction,-0.036751219268182304,2.178042557820921,0.5598629413305964,1.0850094182279484,0.27626214146516165,-0.7563538704167219,1.7486880406337342,0.3963798461643086
Faysal Asset Management Limited,434140df-8a14-4434-9ef1-35817405f079,Faysal Islamic Financial Planning Fund II (Faysal Priority Ascend Plan I),,2026-08-06,119.6678,119.55819922154592,LightGBM,Model prediction,119.36164855957031,LSTM,Model prediction,119.44880676269531,LSTM,Model prediction,119.60066986083984,LSTM,Model prediction,118.37069999344311,LightGBM,Model prediction,118.52992248535156,LSTM,Model prediction,117.58173561704605,LightGBM,Model prediction,118.96641540527344,LSTM,Model prediction,-0.09158752684855928,-0.25583443535327566,-0.18300097211170194,-0.056097078044516545,-1.0839173165687752,-0.9508635695219911,-1.7432127798404835,-0.5861097093174289
Faysal Asset Management Limited,782dace7-9f12-4d1d-a22a-c3b872cedb52,Faysal Islamic Financial Planning Fund II (Faysal Priority Ascend Plan II),,2026-08-06,109.7158,109.26383701145491,LightGBM,Model prediction,111.41368103027344,LSTM,Model prediction,109.86231231689453,LSTM,Model prediction,110.68287658691406,LSTM,Model prediction,110.1183107619338,LightGBM,Model prediction,108.59652709960938,LSTM,Model prediction,111.76826961315959,LightGBM,Model prediction,109.99412536621094,LSTM,Model prediction,-0.41193974664094973,1.5475264549622167,0.13353802906648787,0.8814378484357411,0.3668667246958025,-1.020156532049738,1.8707147130673865,0.25367847311958347
Faysal Asset Management Limited,ccf8cd11-1354-4afc-9ef1-d8d7d1a5098e,Faysal Islamic Financial Planning Fund II (Faysal Priority Ascend Plan III),,2026-08-06,111.05,110.25667227227812,LightGBM,Model prediction,93.17416381835938,LSTM,Model prediction,104.56305694580078,LSTM,Model prediction,95.1707763671875,LSTM,Model prediction,110.27526588109127,LightGBM,Model prediction,100.05221557617188,LSTM,Model prediction,107.28096774076309,LightGBM,Model prediction,99.48271942138672,LSTM,Model prediction,-0.7143878682772387,-16.097105971761028,-5.841461552633243,-14.29916581072715,-0.6976444114441469,-9.903452880529603,-3.393995730965248,-10.41628147556351
Faysal Asset Management Limited,444b6895-4753-413e-a8c7-0ed664ecff21,Faysal Islamic KPK Government Pension Fund,,2026-08-07,136.7696,137.00772424061225,LightGBM,Model prediction,135.9283905029297,LSTM,Model prediction,136.02821350097656,LSTM,Model prediction,136.51075744628906,LSTM,Model prediction,134.2362794242377,LightGBM,Model prediction,136.35618591308594,LSTM,Model prediction,138.9172650549915,LightGBM,Model prediction,136.984130859375,LSTM,Model prediction,0.17410611759649147,-0.6150559020939664,-0.5420696551159282,-0.1892544496079059,-1.8522541381727395,-0.30227045111929807,1.5702795467644173,0.1568556604501315
Faysal Asset Management Limited,419640f2-e9c8-403d-9474-c2c579ec4282,Faysal Islamic Mustakil Munafa Fund (Faysal Islamic Mehdood Muddat Plan XXI),,2026-08-07,102.8824,102.8824,Fallback_Latest_NAV,Fallback - only 12 rows (need 30),102.8824,Fallback_Latest_NAV,Fallback - only 12 rows (need 30),102.8824,Fallback_Latest_NAV,Fallback - only 12 rows (need 30),102.8824,Fallback_Latest_NAV,Fallback - only 12 rows (need 30),102.8824,Fallback_Latest_NAV,Fallback - only 12 rows (need 30),102.8824,Fallback_Latest_NAV,Fallback - only 12 rows (need 30),102.8824,Fallback_Latest_NAV,Fallback - only 12 rows (need 30),102.8824,Fallback_Latest_NAV,Fallback - only 12 rows (need 30),0.0,0.0,0.0,0.0,0.0,0.0,0.0,0.0
Faysal Asset Management Limited,19841a22-b4aa-48e1-a5b8-33ad86fd0614,Faysal Islamic Mustakil Munafa Fund (Faysal Islamic Mehdood Muddat Plan XXIX),,2026-08-07,100.0,100.0,Fallback_Latest_NAV,Fallback - only 1 rows (need 30),100.0,Fallback_Latest_NAV,Fallback - only 1 rows (need 30),100.0,Fallback_Latest_NAV,Fallback - only 1 rows (need 30),100.0,Fallback_Latest_NAV,Fallback - only 1 rows (need 30),100.0,Fallback_Latest_NAV,Fallback - only 1 rows (need 30),100.0,Fallback_Latest_NAV,Fallback - only 1 rows (need 30),100.0,Fallback_Latest_NAV,Fallback - only 1 rows (need 30),100.0,Fallback_Latest_NAV,Fallback - only 1 rows (need 30),0.0,0.0,0.0,0.0,0.0,0.0,0.0,0.0
Faysal Asset Management Limited,5c8b81d7-b7db-4c62-bb2e-704dc1101cfe,Faysal Islamic Mustakil Munafa Fund (Faysal Islamic Mehdood Muddat Plan XXV),,2026-08-07,100.8927,100.68483612404204,LightGBM,Model prediction,78.3897476196289,LSTM,Model prediction,85.86341094970703,LSTM,Model prediction,80.19036102294922,LSTM,Model prediction,100.20049722978841,LightGBM,Model prediction,83.82844543457031,LSTM,Model prediction,97.92363226354603,LightGBM,Model prediction,81.81365966796875,LSTM,Model prediction,-0.2060246935189255,-22.3038459475969,-14.896309693657692,-20.519164396483376,-0.6860781505615312,-16.913269805872666,-2.94279738420518,-18.910228720245623
Faysal Asset Management Limited,f9445bce-ece2-48f2-ab38-52934bcf8852,Faysal Islamic Mustakil Munafa Fund (Faysal Islamic Mehdood Muddat Plan XXVI),,2026-08-07,100.7006,100.7006,Fallback_Latest_NAV,Fallback - only 24 rows (need 30),100.7006,Fallback_Latest_NAV,Fallback - only 24 rows (need 30),100.7006,Fallback_Latest_NAV,Fallback - only 24 rows (need 30),100.7006,Fallback_Latest_NAV,Fallback - only 24 rows (need 30),100.7006,Fallback_Latest_NAV,Fallback - only 24 rows (need 30),100.7006,Fallback_Latest_NAV,Fallback - only 24 rows (need 30),100.7006,Fallback_Latest_NAV,Fallback - only 24 rows (need 30),100.7006,Fallback_Latest_NAV,Fallback - only 24 rows (need 30),0.0,0.0,0.0,0.0,0.0,0.0,0.0,0.0
Faysal Asset Management Limited,8848eda1-04cf-47f2-8b80-3ef7a7248b71,Faysal Islamic Mustakil Munafa Fund (Faysal Islamic Mehdood Muddat Plan XXVII),,2026-08-07,100.7138,100.7138,Fallback_Latest_NAV,Fallback - only 23 rows (need 30),100.7138,Fallback_Latest_NAV,Fallback - only 23 rows (need 30),100.7138,Fallback_Latest_NAV,Fallback - only 23 rows (need 30),100.7138,Fallback_Latest_NAV,Fallback - only 23 rows (need 30),100.7138,Fallback_Latest_NAV,Fallback - only 23 rows (need 30),100.7138,Fallback_Latest_NAV,Fallback - only 23 rows (need 30),100.7138,Fallback_Latest_NAV,Fallback - only 23 rows (need 30),100.7138,Fallback_Latest_NAV,Fallback - only 23 rows (need 30),0.0,0.0,0.0,0.0,0.0,0.0,0.0,0.0
Faysal Asset Management Limited,bf980402-2ca5-47ea-bb75-00c880ccaf55,Faysal Islamic Mustakil Munafa Fund (Faysal Islamic Mehdood Muddat Plan XXVIII),,2026-08-07,100.2843,100.2843,Fallback_Latest_NAV,Fallback - only 10 rows (need 30),100.2843,Fallback_Latest_NAV,Fallback - only 10 rows (need 30),100.2843,Fallback_Latest_NAV,Fallback - only 10 rows (need 30),100.2843,Fallback_Latest_NAV,Fallback - only 10 rows (need 30),100.2843,Fallback_Latest_NAV,Fallback - only 10 rows (need 30),100.2843,Fallback_Latest_NAV,Fallback - only 10 rows (need 30),100.2843,Fallback_Latest_NAV,Fallback - only 10 rows (need 30),100.2843,Fallback_Latest_NAV,Fallback - only 10 rows (need 30),0.0,0.0,0.0,0.0,0.0,0.0,0.0,0.0
Faysal Asset Management Limited,2c38c846-b2a6-4a64-8e5c-733567a177a2,Faysal Islamic Pension Fund,,2026-08-07,184.2969,183.4453548635344,LightGBM,Model prediction,182.63287353515625,LSTM,Model prediction,182.27293395996094,LSTM,Model prediction,182.3599090576172,LSTM,Model prediction,178.24093112345045,LightGBM,Model prediction,186.0168914794922,LSTM,Model prediction,173.98591167087918,LightGBM,Model prediction,184.57603454589844,LSTM,Model prediction,-0.46205071081803495,-0.9029052929505291,-1.0982094869957424,-1.0510165620706622,-3.2859852100331275,0.9332720623581807,-5.594770356485008,0.15145916502037948
Faysal Asset Management Limited,411e3ff9-b5cc-49d4-88b1-74d49ec39efb,Faysal Islamic Pension Fund,,2026-08-07,190.1608,190.1608,Fallback_Latest_NAV,Fallback - only 1 rows (need 30),190.1608,Fallback_Latest_NAV,Fallback - only 1 rows (need 30),190.1608,Fallback_Latest_NAV,Fallback - only 1 rows (need 30),190.1608,Fallback_Latest_NAV,Fallback - only 1 rows (need 30),190.1608,Fallback_Latest_NAV,Fallback - only 1 rows (need 30),190.1608,Fallback_Latest_NAV,Fallback - only 1 rows (need 30),190.1608,Fallback_Latest_NAV,Fallback - only 1 rows (need 30),190.1608,Fallback_Latest_NAV,Fallback - only 1 rows (need 30),0.0,0.0,0.0,0.0,0.0,0.0,0.0,0.0
Faysal Asset Management Limited,8b647993-eb7b-4629-b059-02931f51728a,Faysal Islamic Pension Fund,,2026-08-07,366.9701,366.9701,Fallback_Latest_NAV,Fallback - only 1 rows (need 30),366.9701,Fallback_Latest_NAV,Fallback - only 1 rows (need 30),366.9701,Fallback_Latest_NAV,Fallback - only 1 rows (need 30),366.9701,Fallback_Latest_NAV,Fallback - only 1 rows (need 30),366.9701,Fallback_Latest_NAV,Fallback - only 1 rows (need 30),366.9701,Fallback_Latest_NAV,Fallback - only 1 rows (need 30),366.9701,Fallback_Latest_NAV,Fallback - only 1 rows (need 30),366.9701,Fallback_Latest_NAV,Fallback - only 1 rows (need 30),0.0,0.0,0.0,0.0,0.0,0.0,0.0,0.0
Faysal Asset Management Limited,9f0daccc-3a99-4cd7-9eaf-77c9848bcf09,Faysal Islamic Punjab Pension Fund,,2026-08-07,105.4452,105.28698075197035,LightGBM,Model prediction,108.04450225830078,LSTM,Model prediction,106.52738952636719,LSTM,Model prediction,114.89974212646484,LSTM,Model prediction,104.67740177926872,LightGBM,Model prediction,97.2793197631836,LSTM,Model prediction,104.83591900887286,LightGBM,Model prediction,111.25237274169922,LSTM,Model prediction,-0.15004879124858478,2.465074046330019,1.0263051579087408,8.966308685900206,-0.7281490487298421,-7.7441934168804325,-0.5778176637031709,5.507289797638223
Faysal Asset Management Limited,9bd6552f-e713-450c-9251-1f78fd4d7231,Faysal Islamic Savings Growth Fund,,2026-08-07,106.875,106.48773904380838,LightGBM,Model prediction,108.21353912353516,LSTM,Model prediction,107.28797149658203,LSTM,Model prediction,107.66996002197266,LSTM,Model prediction,106.7512713840577,LightGBM,Model prediction,106.139892578125,LSTM,Model prediction,106.69558972417757,LightGBM,Model prediction,106.77283477783203,LSTM,Model prediction,-0.36234943269391806,1.252434267635234,0.3864060786732456,0.7438222427814328,-0.11576946520916762,-0.6878198099415205,-0.16786926392742368,-0.09559319033260234
Faysal Asset Management Limited,f9218019-37af-458f-915f-2bb15e27b419,Faysal Islamic Sovereign Fund (Faysal Islamic Sovereign Plan I),,2026-08-07,102.0296,101.9872622531134,LightGBM,Model prediction,103.48091888427734,LSTM,Model prediction,102.65072631835938,LSTM,Model prediction,102.87895202636719,LSTM,Model prediction,101.94231735688976,LightGBM,Model prediction,101.44037628173828,LSTM,Model prediction,102.18702220922805,LightGBM,Model prediction,101.99819946289062,LSTM,Model prediction,-0.041495553140071306,1.4224488621707247,0.6087707080684164,0.8324564894571628,-0.08554639350761198,-0.5775027229957981,0.15429072467994098,-0.030775909255134855
Faysal Asset Management Limited,e57f69dc-cb15-4b8b-9b85-ce37f6b20da1,Faysal Islamic Sovereign Fund (Faysal Islamic Sovereign Plan II),,2026-08-07,101.8184,101.80123507261825,LightGBM,Model prediction,103.50316619873047,LSTM,Model prediction,102.44053649902344,LSTM,Model prediction,102.65386962890625,LSTM,Model prediction,101.6953630243391,LightGBM,Model prediction,101.2165756225586,LSTM,Model prediction,101.75632728323758,LightGBM,Model prediction,101.77207946777344,LSTM,Model prediction,-0.016858374696265357,1.6546775423012656,0.6110256093431449,0.820548770071277,-0.12083962786774798,-0.5910762469665631,-0.06096414475420486,-0.04549328237976575
Faysal Asset Management Limited,51701abd-905f-4224-81a0-1a02f6aea799,Faysal Islamic Special Income Plan I,,2026-08-08,10.229,10.422368844961886,LightGBM,Model prediction,12.014627456665039,LSTM,Model prediction,11.39737606048584,LSTM,Model prediction,11.369674682617188,LSTM,Model prediction,10.23476683887493,LightGBM,Model prediction,11.274236679077148,LSTM,Model prediction,10.347994677235388,LightGBM,Model prediction,10.677780151367188,LSTM,Model prediction,1.8903983279097338,17.45652025285991,11.422192398923068,11.151380219153275,0.056377347491755596,10.218366204684225,1.1633070411124107,4.387331619583422
Faysal Asset Management Limited,f7e8db0e-65de-4846-a81f-c757f6ed448d,Faysal Islamic Stock Fund,,2026-08-07,123.1661,122.58936389456282,LightGBM,Model prediction,121.56755828857422,LSTM,Model prediction,123.04712677001953,LSTM,Model prediction,122.3992919921875,LSTM,Model prediction,121.11613382353565,LightGBM,Model prediction,122.21146392822266,LSTM,Model prediction,119.19771264795776,LightGBM,Model prediction,122.11962890625,LSTM,Model prediction,-0.4682588028988314,-1.2978747491605087,-0.09659575969399768,-0.6225804079308349,-1.664391562665662,-0.7750802142613462,-3.2219801975074653,-0.8496421448353079
Faysal Asset Management Limited,772cb6fe-53e5-4744-8131-b9ed3616237c,Faysal Islamic Stock Fund II,,2026-08-07,138.1171,137.63990895874068,LightGBM,Model prediction,136.1417236328125,LSTM,Model prediction,137.42288208007812,LSTM,Model prediction,137.02835083007812,LSTM,Model prediction,136.24051571971535,LightGBM,Model prediction,137.76910400390625,LSTM,Model prediction,134.4601376243052,LightGBM,Model prediction,136.90621948242188,LSTM,Model prediction,-0.34549743750724365,-1.4302185371597678,-0.5026299566975188,-0.7882797784791808,-1.3586907633339003,-0.2519572131863061,-2.6477260061895334,-0.8767057211439558
Faysal Asset Management Limited,5727bb27-663e-4ff6-840e-d7bf287d6e4b,Faysal Khushal Mustaqbil Fund (Faysal Barak’ah Women Savers Plan),,2026-08-06,110.0514,109.4670943829829,LightGBM,Model prediction,111.7416763305664,LSTM,Model prediction,110.18846893310547,LSTM,Model prediction,111.05592346191406,LSTM,Model prediction,110.22746384787814,LightGBM,Model prediction,108.95671081542969,LSTM,Model prediction,111.71709115380229,LightGBM,Model prediction,110.3400650024414,LSTM,Model prediction,-0.5309388313252662,1.535897163113241,0.12454992222313188,0.9127766315685775,0.15998328769842113,-0.9947071864331698,1.5135574411613895,0.2623001637792934
Faysal Asset Management Limited,31747256-da1d-416e-a740-9653910a98d3,Faysal Khushal Mustaqbil Fund (Faysal Nu’umah Women Savers Plan),,2026-08-06,110.3058,109.82928513608928,LightGBM,Model prediction,111.95850372314453,LSTM,Model prediction,110.42999267578125,LSTM,Model prediction,111.3050537109375,LSTM,Model prediction,110.32997060150879,LightGBM,Model prediction,109.20724487304688,LSTM,Model prediction,112.5741846610888,LightGBM,Model prediction,110.58291625976562,LSTM,Model prediction,-0.4319943864336439,1.4982926764907432,0.11258943390215659,0.9058940789491531,0.021912357744366746,-0.9959178274878836,2.056450940103592,0.25122546571949983
HBL Asset Management Limited,be5f623b-10d0-4dc5-bfb3-5a6914dd6688,HBL Cash Fund,,2026-08-08,104.8714,104.85770470182656,LightGBM,Model prediction,106.42515563964844,LSTM,Model prediction,105.36400604248047,LSTM,Model prediction,105.70703125,LSTM,Model prediction,104.62177231353444,LightGBM,Model prediction,104.18531799316406,LSTM,Model prediction,104.57707950495802,LightGBM,Model prediction,104.8052978515625,LSTM,Model prediction,-0.013059135449160658,1.4815818608776496,0.4697239118391426,0.7968151946097848,-0.23803218653089256,-0.6542126898619945,-0.28064896153000024,-0.06303162581742418
HBL Asset Management Limited,81bf0a2a-5f02-49da-883f-fb51ebc5bd65,HBL Energy Fund,,2026-08-07,36.2929,36.53617259474977,LightGBM,Model prediction,39.21025848388672,LSTM,Model prediction,35.846534729003906,LSTM,Model prediction,38.17671203613281,LSTM,Model prediction,37.70626365081017,LightGBM,Model prediction,37.63441848754883,LSTM,Model prediction,37.80214153993616,LightGBM,Model prediction,37.69089889526367,LSTM,Model prediction,0.6703035435299155,8.038372474744964,-1.2298969522857,5.1905800752566185,3.894325476360855,3.6963661971041852,4.158503563882069,3.8519900456113145
HBL Asset Management Limited,fd25cb64-d9b5-4cbd-b78e-44ebea1abd9a,HBL Equity Fund,,2026-08-07,252.775,234.41766675537886,LightGBM,Model prediction,261.2744445800781,LSTM,Model prediction,260.3976745605469,LSTM,Model prediction,274.02886962890625,LSTM,Model prediction,251.0886446110297,LightGBM,Model prediction,289.256591796875,LSTM,Model prediction,322.4906903425215,LightGBM,Model prediction,290.60235595703125,LSTM,Model prediction,-7.262321528877913,3.3624545861252573,3.01559670083943,8.408216646783204,-0.6671369356029269,14.432436671694193,27.580136620520808,14.964832739405102
HBL Asset Management Limited,d863a5f7-104f-4017-be27-230190da312e,HBL Financial Sector Income Fund Plan I,,2026-08-07,103.754,103.46780028696979,LightGBM,Model prediction,105.71893310546875,LSTM,Model prediction,104.3021240234375,LSTM,Model prediction,104.5186538696289,LSTM,Model prediction,103.4291143459576,LightGBM,Model prediction,103.14466857910156,LSTM,Model prediction,103.63346886038968,LightGBM,Model prediction,103.75872039794922,LSTM,Model prediction,-0.2758445101202983,1.8938384115009976,0.5282919438648102,0.7369873639849079,-0.31313072656707625,-0.587284751333387,-0.11617011354773912,0.004549605749382059
HBL Asset Management Limited,9c8531e4-c339-4ee4-85ff-4480cd8c4539,HBL Financial Sector Income Fund Plan II,,2026-08-07,101.6685,101.54781591630112,LightGBM,Model prediction,104.51850128173828,LSTM,Model prediction,102.2845687866211,LSTM,Model prediction,102.35223388671875,LSTM,Model prediction,101.56324651951483,LightGBM,Model prediction,101.0857162475586,LSTM,Model prediction,101.68066809654024,LightGBM,Model prediction,101.63356018066406,LSTM,Model prediction,-0.11870351554205685,2.8032293992124275,0.6059583711976662,0.6725130071937282,-0.10352614672702004,-0.5732195836875736,0.011968403724113582,-0.034366415690142024
HBL Asset Management Limited,1409f9a2-1b52-4a71-9ad1-062ff64816c9,HBL Government Securities Fund,,2026-08-07,115.7684,115.55231281320712,LightGBM,Model prediction,117.7449722290039,LSTM,Model prediction,115.92290496826172,LSTM,Model prediction,116.43372344970703,LSTM,Model prediction,115.36469436396015,LightGBM,Model prediction,115.19247436523438,LSTM,Model prediction,114.67045231026107,LightGBM,Model prediction,115.63725280761719,LSTM,Model prediction,-0.18665472338986822,1.7073503900925526,0.1334603987458745,0.5747021205329187,-0.3487183342257863,-0.4974808624509147,-0.9484001590580249,-0.11328410203718135
HBL Asset Management Limited,ac236e09-2caa-43dd-90dc-01cf81da1bf1,HBL Growth Fund-Class A,,2026-08-07,39.2226,39.49908692655233,LightGBM,Model prediction,9.748698234558105,LSTM,Model prediction,23.236371994018555,LSTM,Model prediction,0.5596822500228882,LSTM,Model prediction,40.16397684007715,LightGBM,Model prediction,10.914690017700195,LSTM,Model prediction,40.1709962534057,LightGBM,Model prediction,11.194639205932617,LSTM,Model prediction,0.7049173857733302,-75.1452014028695,-40.75769583347724,-98.57306183164071,2.4000878067164018,-72.17244645255492,2.417984155577899,-71.45870185573466
HBL Asset Management Limited,639ced48-a234-4e3c-8c8c-7c0897ff5ed0,HBL Growth Fund-Class B,,2026-08-07,47.7573,47.85644592069199,LightGBM,Model prediction,50.8951530456543,LSTM,Model prediction,46.65910720825195,LSTM,Model prediction,48.79241180419922,LSTM,Model prediction,46.53975707172386,LightGBM,Model prediction,49.0830078125,LSTM,Model prediction,48.63118569040018,LightGBM,Model prediction,48.830474853515625,LSTM,Model prediction,0.2076036976378239,6.570415508528112,-2.2995286411669995,2.1674420543021022,-2.5494383649748595,2.7759270572247576,1.8298473540174574,2.2471430619311064
HBL Asset Management Limited,c1d1384a-7efb-46b2-95cb-3000c8ad4d93,HBL Income Fund,,2026-08-07,114.8077,114.70838090852729,LightGBM,Model prediction,117.0228042602539,LSTM,Model prediction,114.85746002197266,LSTM,Model prediction,115.39402770996094,LSTM,Model prediction,114.23049132529877,LightGBM,Model prediction,114.08303833007812,LSTM,Model prediction,114.19989613968585,LightGBM,Model prediction,114.52523040771484,LSTM,Model prediction,-0.08650908560376004,1.9294039165090056,0.04334205978576287,0.5107041687630189,-0.502761291012036,-0.6311960521131178,-0.5294103621221828,-0.24603714932461257
HBL Asset Management Limited,e3322f51-c790-48e6-bd59-dac16b7ff748,HBL Investment Fund-Class A,,2026-08-07,14.129,14.329848612224252,LightGBM,Model prediction,17.751895904541016,LSTM,Model prediction,11.174216270446777,LSTM,Model prediction,9.75294303894043,LSTM,Model prediction,13.806079526419246,LightGBM,Model prediction,9.00345230102539,LSTM,Model prediction,14.004752080574828,LightGBM,Model prediction,10.756399154663086,LSTM,Model prediction,1.4215345192458937,25.641559236612753,-20.912900626747984,-30.97216335947038,-2.2855154192140503,-36.276790282218194,-0.8793822593613921,-23.870060480833136
HBL Asset Management Limited,de03e481-cba5-4879-91d3-0013c2307737,HBL Investment Fund-Class B,,2026-08-07,22.6274,23.416958097167612,LightGBM,Model prediction,24.542871475219727,LSTM,Model prediction,23.87490463256836,LSTM,Model prediction,22.271461486816406,LSTM,Model prediction,20.264974894840343,LightGBM,Model prediction,22.546560287475586,LSTM,Model prediction,20.043727021655286,LightGBM,Model prediction,21.55956268310547,LSTM,Model prediction,3.4893894003182444,8.465274292316947,5.513247799430592,-1.5730420339216844,-10.44055041745697,-0.3572646991011586,-11.418337848558451,-4.719222345008851
HBL Asset Management Limited,0225e443-ab96-4636-8ff9-9d1fa04fdbd5,HBL Islamic Asset Allocation Fund,,2026-08-07,332.229,325.464713863528,LightGBM,Model prediction,339.1376647949219,LSTM,Model prediction,359.96038818359375,LSTM,Model prediction,355.6953430175781,LSTM,Model prediction,305.7145311996017,LightGBM,Model prediction,375.50885009765625,LSTM,Model prediction,338.43833443959284,LightGBM,Model prediction,366.6239013671875,LSTM,Model prediction,-2.0360312123481035,2.0794887848206782,8.347070298978645,7.063303630200296,-7.980780967464694,13.0271138575068,1.86899230337895,10.352769134298184
HBL Asset Management Limited,03d673b6-8bf9-4ce1-b59b-2baa8e053bb0,HBL Islamic Equity Fund,,2026-08-07,214.7068,222.1001731213773,LightGBM,Model prediction,211.84889221191406,LSTM,Model prediction,212.0877227783203,LSTM,Model prediction,214.67494201660156,LSTM,Model prediction,226.13139676702266,LightGBM,Model prediction,231.39939880371094,LSTM,Model prediction,317.51873489200653,LightGBM,Model prediction,218.3345184326172,LSTM,Model prediction,3.443474133738346,-1.3310746506798687,-1.2198389718815028,-0.014837901453714785,5.321022327668559,7.774601830827413,47.88480611327007,1.6896150623162383
HBL Asset Management Limited,f7cd61a7-b543-4b7a-a826-4cb6941589a3,HBL Islamic Fixed Term Fund Plan IV,,2026-06-02,102.7672,102.75619203126595,LightGBM,Model prediction,104.64051818847656,LSTM,Model prediction,103.26219940185547,LSTM,Model prediction,103.8003921508789,LSTM,Model prediction,102.65419018372044,LightGBM,Model prediction,101.96864318847656,LSTM,Model prediction,102.69307605628008,LightGBM,Model prediction,102.57559967041016,LSTM,Model prediction,-0.01071155848758042,1.822875575549942,0.48167061266188643,1.0053715104419538,-0.10996681458632486,-0.7770541685707503,-0.072128017227214,-0.18644113062324
HBL Asset Management Limited,5d6f2083-341c-469d-9a8f-f5784e3857ac,HBL Islamic Fixed Term Fund Plan VII,,2026-06-23,102.4219,102.21871388836914,LightGBM,Model prediction,86.84123992919922,LSTM,Model prediction,94.90119171142578,LSTM,Model prediction,87.90605163574219,LSTM,Model prediction,101.82930614134149,LightGBM,Model prediction,92.2435302734375,LSTM,Model prediction,99.90860971404638,LightGBM,Model prediction,91.49327087402344,LSTM,Model prediction,-0.1983815098439457,-15.212234952486506,-7.342871288830039,-14.172602113666906,-0.5785812005620901,-9.93768884053361,-2.453860244687529,-10.67020737359545
HBL Asset Management Limited,8be84b0e-d5d2-42dd-b2e6-2df8af20a128,HBL Islamic Fixed Term Fund Plan VIII,,2026-05-29,100.49,100.49,Fallback_Latest_NAV,Fallback - only 9 rows (need 30),100.49,Fallback_Latest_NAV,Fallback - only 9 rows (need 30),100.49,Fallback_Latest_NAV,Fallback - only 9 rows (need 30),100.49,Fallback_Latest_NAV,Fallback - only 9 rows (need 30),100.49,Fallback_Latest_NAV,Fallback - only 9 rows (need 30),100.49,Fallback_Latest_NAV,Fallback - only 9 rows (need 30),100.49,Fallback_Latest_NAV,Fallback - only 9 rows (need 30),100.49,Fallback_Latest_NAV,Fallback - only 9 rows (need 30),0.0,0.0,0.0,0.0,0.0,0.0,0.0,0.0
HBL Asset Management Limited,61968cac-46cb-4c12-bd0a-4f4fad265180,HBL Islamic Fixed Term Fund Plan X,,2026-08-05,101.1312,101.0237614293643,LightGBM,Model prediction,84.88571166992188,LSTM,Model prediction,93.5995101928711,LSTM,Model prediction,86.75057220458984,LSTM,Model prediction,100.48416286851248,LightGBM,Model prediction,91.06338500976562,LSTM,Model prediction,98.68894431430812,LightGBM,Model prediction,90.19037628173828,LSTM,Model prediction,-0.10623681973091165,-16.063774908315267,-7.447444317014841,-14.219773715144449,-0.6397997170878248,-9.955201748060324,-2.4149379080757374,-10.818445463182208
HBL Asset Management Limited,d4a6dd42-f415-480b-8c3e-ecd1609a90d0,HBL Islamic Income Fund,,2026-08-07,106.1522,105.82979292617775,LightGBM,Model prediction,108.41807556152344,LSTM,Model prediction,106.58380889892578,LSTM,Model prediction,106.5394515991211,LSTM,Model prediction,105.83749990117968,LightGBM,Model prediction,105.36984252929688,LSTM,Model prediction,106.39303775975995,LightGBM,Model prediction,105.86588287353516,LSTM,Model prediction,-0.3037215185575504,2.1345535575555137,0.4065943983504702,0.36480788822191185,-0.2964612121277848,-0.7370148435012355,0.22687966877743032,-0.2697232148413667
HBL Asset Management Limited,7c7025ce-b6fa-4369-be6d-3c43f088c480,HBL Islamic Money Market Fund,,2026-08-08,103.1309,103.09700211656356,LightGBM,Model prediction,105.43635559082031,LSTM,Model prediction,103.70084381103516,LSTM,Model prediction,104.11251831054688,LSTM,Model prediction,103.0356477801328,LightGBM,Model prediction,102.45814514160156,LSTM,Model prediction,102.9770375714605,LightGBM,Model prediction,103.04110717773438,LSTM,Model prediction,-0.032868794354008635,2.235465404471711,0.5526411686848067,0.9518178456184113,-0.09236050482172797,-0.6523310262961289,-0.1491913951487841,-0.08706684637254393
HBL Asset Management Limited,86b4daeb-4f3e-4290-8554-2f0b3b2fbc75,HBL Islamic Pension Fund,,2026-08-07,326.6755,326.6755,Fallback_Latest_NAV,Fallback - only 2 rows (need 30),326.6755,Fallback_Latest_NAV,Fallback - only 2 rows (need 30),326.6755,Fallback_Latest_NAV,Fallback - only 2 rows (need 30),326.6755,Fallback_Latest_NAV,Fallback - only 2 rows (need 30),326.6755,Fallback_Latest_NAV,Fallback - only 2 rows (need 30),326.6755,Fallback_Latest_NAV,Fallback - only 2 rows (need 30),326.6755,Fallback_Latest_NAV,Fallback - only 2 rows (need 30),326.6755,Fallback_Latest_NAV,Fallback - only 2 rows (need 30),0.0,0.0,0.0,0.0,0.0,0.0,0.0,0.0
HBL Asset Management Limited,c842f575-d347-4ac4-baf3-3c1752144471,HBL Islamic Pension Fund,,2026-08-07,1257.3317,733.4955499436118,LightGBM,Model prediction,788.9063110351562,LSTM,Model prediction,839.2032470703125,LSTM,Model prediction,808.4379272460938,LSTM,Model prediction,568.2909747025617,LightGBM,Model prediction,828.0416259765625,LSTM,Model prediction,641.4762747418446,LightGBM,Model prediction,1127.4898681640625,LSTM,Model prediction,-41.66252628931476,-37.25551411491842,-33.25522238321737,-35.702096173500294,-54.801825588063856,-34.14294525648542,-48.98114198967189,-10.326776286316289
HBL Asset Management Limited,f63f48e6-901c-4d93-994c-46042a6260ba,HBL Islamic Pension Fund,,2026-08-07,344.8521,344.8521,Fallback_Latest_NAV,Fallback - only 3 rows (need 30),344.8521,Fallback_Latest_NAV,Fallback - only 3 rows (need 30),344.8521,Fallback_Latest_NAV,Fallback - only 3 rows (need 30),344.8521,Fallback_Latest_NAV,Fallback - only 3 rows (need 30),344.8521,Fallback_Latest_NAV,Fallback - only 3 rows (need 30),344.8521,Fallback_Latest_NAV,Fallback - only 3 rows (need 30),344.8521,Fallback_Latest_NAV,Fallback - only 3 rows (need 30),344.8521,Fallback_Latest_NAV,Fallback - only 3 rows (need 30),0.0,0.0,0.0,0.0,0.0,0.0,0.0,0.0
HBL Asset Management Limited,c78f13b9-0d2a-491d-a97f-b5f7a3d0c1fb,HBL Islamic Punjab Pension Fund,,2026-08-06,103.2196,103.09700211656356,LightGBM,Model prediction,107.533203125,LSTM,Model prediction,104.3909912109375,LSTM,Model prediction,116.22171020507812,LSTM,Model prediction,102.98266458960678,LightGBM,Model prediction,93.69377899169922,LSTM,Model prediction,103.09209736570125,LightGBM,Model prediction,109.15764617919922,LSTM,Model prediction,-0.11877384085623387,4.179054292983116,1.1348534686605065,12.596551628836117,-0.22954498021036246,-9.22869397701675,-0.12352560395385197,5.752828124890252
HBL Asset Management Limited,81e6b99e-df64-476c-adcc-5d36f5d297db,HBL Islamic Regualar Income Fund,,2026-08-06,100.0,100.0,Fallback_Latest_NAV,Fallback - only 16 rows (need 30),100.0,Fallback_Latest_NAV,Fallback - only 16 rows (need 30),100.0,Fallback_Latest_NAV,Fallback - only 16 rows (need 30),100.0,Fallback_Latest_NAV,Fallback - only 16 rows (need 30),100.0,Fallback_Latest_NAV,Fallback - only 16 rows (need 30),100.0,Fallback_Latest_NAV,Fallback - only 16 rows (need 30),100.0,Fallback_Latest_NAV,Fallback - only 16 rows (need 30),100.0,Fallback_Latest_NAV,Fallback - only 16 rows (need 30),0.0,0.0,0.0,0.0,0.0,0.0,0.0,0.0
HBL Asset Management Limited,6eaf7ec6-0633-4003-96d9-d131951370f0,HBL Islamic Savings Plan I,,2026-08-06,102.005,101.9872622531134,LightGBM,Model prediction,104.6915054321289,LSTM,Model prediction,102.56459045410156,LSTM,Model prediction,102.97752380371094,LSTM,Model prediction,102.29968003546702,LightGBM,Model prediction,101.28657531738281,LSTM,Model prediction,102.76193411853947,LightGBM,Model prediction,102.18187713623047,LSTM,Model prediction,-0.01738909552139167,2.6336997520993193,0.5485912005309221,0.9534079738355395,0.28888783438755405,-0.7043033994580491,0.7420558977888106,0.17340045706629412
HBL Asset Management Limited,2fd878d8-2971-4c79-812d-4fe64ccd0bd1,HBL Islamic Stock Fund,,2026-08-07,269.8922,236.76752819586784,LightGBM,Model prediction,268.9656982421875,LSTM,Model prediction,309.5179138183594,LSTM,Model prediction,298.30712890625,LSTM,Model prediction,250.96530984372913,LightGBM,Model prediction,313.14306640625,LSTM,Model prediction,323.9319205151979,LightGBM,Model prediction,316.3491516113281,LSTM,Model prediction,-12.273297192038955,-0.34328585924769317,14.682052248401167,10.52825124484887,-7.012759226191373,16.025237634229516,20.0227055525124,17.21315088443761
HBL Asset Management Limited,a11e4ddc-6efd-42b4-ab80-3ee5fc034ec8,HBL KPK Islamic Pension Fund,,2026-08-07,137.3989,137.00772424061225,LightGBM,Model prediction,137.59901428222656,LSTM,Model prediction,136.66259765625,LSTM,Model prediction,137.14720153808594,LSTM,Model prediction,134.52846098075398,LightGBM,Model prediction,137.0078125,LSTM,Model prediction,139.06302977216174,LightGBM,Model prediction,137.61627197265625,LSTM,Model prediction,-0.2847007941022451,0.14564474841251634,-0.5358866364650646,-0.18318812007524085,-2.0891280929076004,-0.28463655822571915,1.2111667358048306,0.158205031231147
HBL Asset Management Limited,017ec750-b687-4868-b255-2391f6b0385f,HBL KPK Pension Fund,,2026-08-07,141.0855,141.79496212973106,LightGBM,Model prediction,140.67648315429688,LSTM,Model prediction,140.04611206054688,LSTM,Model prediction,140.3206329345703,LSTM,Model prediction,136.56362489918112,LightGBM,Model prediction,140.60324096679688,LSTM,Model prediction,139.98337574693662,LightGBM,Model prediction,141.18411254882812,LSTM,Model prediction,0.5028597054488698,-0.2899070745775584,-0.7367078398936256,-0.5421301731430116,-3.205060123697244,-0.3418204090449558,-0.7811747153771152,0.06989559439356197
HBL Asset Management Limited,7a396ee8-492a-40ca-ba73-a612ea7e55dc,HBL Mehfooz Munafa Fund Plan XI,,2026-07-31,101.1283,101.0237614293643,LightGBM,Model prediction,102.44685363769531,LSTM,Model prediction,101.8046875,LSTM,Model prediction,102.31547546386719,LSTM,Model prediction,101.0708691374265,LightGBM,Model prediction,100.63231658935547,LSTM,Model prediction,101.3571438734827,LightGBM,Model prediction,101.14942932128906,LSTM,Model prediction,-0.10337222185648993,1.3038423840757896,0.6688409673652224,1.173930011546908,-0.0567900998765896,-0.4904496670511886,0.2262906362340735,0.020893579036794487
HBL Asset Management Limited,971b8db5-db34-4495-ae1b-18cea46a89d2,HBL Mehfooz Munafa Fund Plan XIV,,2026-07-31,101.0725,100.89351334510877,LightGBM,Model prediction,84.83088684082031,LSTM,Model prediction,93.53962707519531,LSTM,Model prediction,86.63401794433594,LSTM,Model prediction,100.44321626378725,LightGBM,Model prediction,90.98963165283203,LSTM,Model prediction,98.67447622457587,LightGBM,Model prediction,90.11258697509766,LSTM,Model prediction,-0.1770873926055385,-16.06927023589967,-7.452940141784057,-14.2852725080156,-0.622606283818799,-9.975877065638995,-2.372577877685954,-10.843615251331814
HBL Asset Management Limited,89090c80-d9ca-4452-a744-9f3785afa484,HBL Mehfooz Munafa Fund Plan XVIII,,2026-07-31,100.9912,100.88171004328,LightGBM,Model prediction,84.76506042480469,LSTM,Model prediction,93.48533630371094,LSTM,Model prediction,86.64881896972656,LSTM,Model prediction,100.44321626378725,LightGBM,Model prediction,90.93910217285156,LSTM,Model prediction,98.598608876167,LightGBM,Model prediction,90.06539154052734,LSTM,Model prediction,-0.10841534383194931,-16.066884614892505,-7.432195771798996,-14.201614626099543,-0.5426054311789115,-9.953439336445594,-2.3691085201809665,-10.818574746584517
HBL Asset Management Limited,78578e84-012b-4274-9e55-56fb3dca4ed1,HBL Mehfooz Munafa Fund Plan XXI,,2026-07-31,100.4643,100.4643,Fallback_Latest_NAV,Fallback - only 15 rows (need 30),100.4643,Fallback_Latest_NAV,Fallback - only 15 rows (need 30),100.4643,Fallback_Latest_NAV,Fallback - only 15 rows (need 30),100.4643,Fallback_Latest_NAV,Fallback - only 15 rows (need 30),100.4643,Fallback_Latest_NAV,Fallback - only 15 rows (need 30),100.4643,Fallback_Latest_NAV,Fallback - only 15 rows (need 30),100.4643,Fallback_Latest_NAV,Fallback - only 15 rows (need 30),100.4643,Fallback_Latest_NAV,Fallback - only 15 rows (need 30),0.0,0.0,0.0,0.0,0.0,0.0,0.0,0.0
HBL Asset Management Limited,38397579-4e7d-4131-bdd9-dd1c64b5dbd4,HBL Money Market Fund,,2026-08-08,105.0523,105.00621929994712,LightGBM,Model prediction,107.77799224853516,LSTM,Model prediction,105.59054565429688,LSTM,Model prediction,105.9844741821289,LSTM,Model prediction,104.69220431704582,LightGBM,Model prediction,104.3259506225586,LSTM,Model prediction,104.8618866488746,LightGBM,Model prediction,104.95845794677734,LSTM,Model prediction,-0.04386453228809185,2.594605019152511,0.5123597049249493,0.8873429540608857,-0.3427775336229492,-0.6914169203733842,-0.18125576605690713,-0.08932888972698237
HBL Asset Management Limited,8d8ad54d-ac21-4028-93c9-f145d5f84cb7,HBL Multi Asset Fund,,2026-08-07,239.0767,232.31547556800734,LightGBM,Model prediction,253.7423095703125,LSTM,Model prediction,238.1860809326172,LSTM,Model prediction,237.47055053710938,LSTM,Model prediction,250.95941839358568,LightGBM,Model prediction,262.7749938964844,LSTM,Model prediction,319.2479613378305,LightGBM,Model prediction,245.86683654785156,LSTM,Model prediction,-2.8280566161372667,6.134269701025868,-0.37252441052716584,-0.6718134652563856,4.970253643950118,9.912423041009177,33.533699159236555,2.840149854775298
HBL Asset Management Limited,13b52116-1e5c-438e-8862-c91cb661f102,HBL Pension Fund,,2026-08-07,376.1836,376.1836,Fallback_Latest_NAV,Fallback - only 1 rows (need 30),376.1836,Fallback_Latest_NAV,Fallback - only 1 rows (need 30),376.1836,Fallback_Latest_NAV,Fallback - only 1 rows (need 30),376.1836,Fallback_Latest_NAV,Fallback - only 1 rows (need 30),376.1836,Fallback_Latest_NAV,Fallback - only 1 rows (need 30),376.1836,Fallback_Latest_NAV,Fallback - only 1 rows (need 30),376.1836,Fallback_Latest_NAV,Fallback - only 1 rows (need 30),376.1836,Fallback_Latest_NAV,Fallback - only 1 rows (need 30),0.0,0.0,0.0,0.0,0.0,0.0,0.0,0.0
HBL Asset Management Limited,5c376b2a-b889-492b-a478-e6b9b9bf122c,HBL Pension Fund,,2026-08-07,1178.2501,742.5425985225428,LightGBM,Model prediction,788.6233520507812,LSTM,Model prediction,838.6535034179688,LSTM,Model prediction,808.1433715820312,LSTM,Model prediction,659.7278702156275,LightGBM,Model prediction,826.2744750976562,LSTM,Model prediction,680.3399014020761,LightGBM,Model prediction,1065.80419921875,LSTM,Model prediction,-36.979203437152876,-33.06825502915032,-28.822114810941347,-31.411559262160786,-44.007823957271256,-29.872743053647415,-42.25844738718239,-9.5434662624896
HBL Asset Management Limited,99d1bc52-3d50-4d37-9b4e-e882744cd003,HBL Pension Fund,,2026-08-07,448.3145,448.3145,Fallback_Latest_NAV,Fallback - only 4 rows (need 30),448.3145,Fallback_Latest_NAV,Fallback - only 4 rows (need 30),448.3145,Fallback_Latest_NAV,Fallback - only 4 rows (need 30),448.3145,Fallback_Latest_NAV,Fallback - only 4 rows (need 30),448.3145,Fallback_Latest_NAV,Fallback - only 4 rows (need 30),448.3145,Fallback_Latest_NAV,Fallback - only 4 rows (need 30),448.3145,Fallback_Latest_NAV,Fallback - only 4 rows (need 30),448.3145,Fallback_Latest_NAV,Fallback - only 4 rows (need 30),0.0,0.0,0.0,0.0,0.0,0.0,0.0,0.0
HBL Asset Management Limited,172d6047-0e22-495e-afd9-93e39a2e74c6,HBL Punjab Pension Fund,,2026-08-07,103.2424,103.09700211656356,LightGBM,Model prediction,106.922119140625,LSTM,Model prediction,104.3962173461914,LSTM,Model prediction,116.4616470336914,LSTM,Model prediction,102.98266458960678,LightGBM,Model prediction,93.95581817626953,LSTM,Model prediction,103.12112278060162,LightGBM,Model prediction,109.13600158691406,LSTM,Model prediction,-0.1408315609056404,3.5641549795675,1.1175809029927652,12.80408730685397,-0.25157823761673404,-8.994930206708167,-0.11746842324314385,5.708508894518201
HBL Asset Management Limited,c9454339-eea0-4008-a31d-1d53c209368d,HBL Regular Income Fund,,2026-08-07,100.0,100.0,Fallback_Latest_NAV,Fallback - only 18 rows (need 30),100.0,Fallback_Latest_NAV,Fallback - only 18 rows (need 30),100.0,Fallback_Latest_NAV,Fallback - only 18 rows (need 30),100.0,Fallback_Latest_NAV,Fallback - only 18 rows (need 30),100.0,Fallback_Latest_NAV,Fallback - only 18 rows (need 30),100.0,Fallback_Latest_NAV,Fallback - only 18 rows (need 30),100.0,Fallback_Latest_NAV,Fallback - only 18 rows (need 30),100.0,Fallback_Latest_NAV,Fallback - only 18 rows (need 30),0.0,0.0,0.0,0.0,0.0,0.0,0.0,0.0
HBL Asset Management Limited,a014efb0-58d8-40ff-a3bc-ed6181accd02,HBL Stock Fund,,2026-08-05,240.6303,234.698124064986,LightGBM,Model prediction,235.8632049560547,LSTM,Model prediction,239.23831176757812,LSTM,Model prediction,255.4453887939453,LSTM,Model prediction,229.88758911149824,LightGBM,Model prediction,267.7551574707031,LSTM,Model prediction,324.37148952745713,LightGBM,Model prediction,258.057373046875,LSTM,Model prediction,-2.465265569221339,-1.9810867725075842,-0.5784758745768427,6.156784409089506,-4.464404893524116,11.272419753748018,34.800766789326666,7.24226044969191
HBL Asset Management Limited,e063f8e0-e0a9-474f-a482-96864a70c69e,HBL Total Treasury Exchange Traded Fund,,2026-08-08,104.7521,104.61590391577197,LightGBM,Model prediction,105.44554138183594,LSTM,Model prediction,105.24127197265625,LSTM,Model prediction,105.99700164794922,LSTM,Model prediction,104.40553795129158,LightGBM,Model prediction,104.05056762695312,LSTM,Model prediction,104.58484557264354,LightGBM,Model prediction,104.56456756591797,LSTM,Model prediction,-0.1300175215848012,0.661983274641691,0.46698058812782883,1.1884264353165426,-0.3308401919469117,-0.6697072164155885,-0.1596668967557252,-0.17902498764419034
UBL Fund Managers Limited,87df4bbc-74cf-4a82-9a4e-f8f90e8f6107,Al Ameen Islamic Aggressive Income Fund,,2026-08-08,102.4647,102.37620778141883,LightGBM,Model prediction,104.39730072021484,LSTM,Model prediction,103.02555847167969,LSTM,Model prediction,103.34382629394531,LSTM,Model prediction,102.39438825236167,LightGBM,Model prediction,101.74907684326172,LSTM,Model prediction,102.2238152215983,LightGBM,Model prediction,102.46702575683594,LSTM,Model prediction,-0.08636361457279051,1.886113676431835,0.5473675047891557,0.8579796690424304,-0.0686204591808968,-0.6984094588070572,-0.23509050277968194,0.0022698127608279228
UBL Fund Managers Limited,2ba76595-c620-448e-b7e1-3e8c19938f63,Al Ameen Islamic Aggressive Income Plan I,,2026-08-08,101.1052,101.0237614293643,LightGBM,Model prediction,105.83429718017578,LSTM,Model prediction,101.91343688964844,LSTM,Model prediction,102.28890991210938,LSTM,Model prediction,101.08248354285425,LightGBM,Model prediction,100.65340423583984,LSTM,Model prediction,101.10841283597088,LightGBM,Model prediction,101.23015594482422,LSTM,Model prediction,-0.08054835026852947,4.67740252744249,0.7994018998512847,1.1707705559252923,-0.022468139270529985,-0.4468570994965172,0.0031777158552527,0.12359002783657255
UBL Fund Managers Limited,895e9d50-f58c-4f20-9cfc-09d3bee3c6bb,Al Ameen Islamic Asset Allocation Fund,,2026-08-08,201.3931,211.45015626132647,LightGBM,Model prediction,201.69114685058594,LSTM,Model prediction,200.1551971435547,LSTM,Model prediction,203.33558654785156,LSTM,Model prediction,220.77493424302216,LightGBM,Model prediction,216.00685119628906,LSTM,Model prediction,293.0467059971642,LightGBM,Model prediction,204.46047973632812,LSTM,Model prediction,4.993744205400516,0.14799258295638407,-0.6146699447226923,0.9645248759026791,9.623881971637635,7.256331620243721,45.509804455646304,1.523080848513738
UBL Fund Managers Limited,3c97a97b-fb28-4395-94f5-2184470f031f,Al Ameen Islamic Cash Fund,,2026-08-08,102.558,102.49925389981223,LightGBM,Model prediction,104.0255126953125,LSTM,Model prediction,103.16366577148438,LSTM,Model prediction,103.57189178466797,LSTM,Model prediction,102.48960421370377,LightGBM,Model prediction,101.9317855834961,LSTM,Model prediction,102.43856524024369,LightGBM,Model prediction,102.49329376220703,LSTM,Model prediction,-0.0572808558940069,1.4309100170756965,0.5905592654735545,0.9886033119483236,-0.06668985968548127,-0.6105953865168131,-0.11645581988369172,-0.0630923358421339
UBL Fund Managers Limited,2687c387-b33b-42b7-ad38-7b62867f35e3,Al Ameen Islamic Cash Plan I,,2026-08-08,101.6418,103.2361640422859,LightGBM,Model prediction,108.09002685546875,LSTM,Model prediction,99.21806335449219,LSTM,Model prediction,106.61579132080078,LSTM,Model prediction,101.73980620328167,LightGBM,Model prediction,105.3624038696289,LSTM,Model prediction,101.16686224582192,LightGBM,Model prediction,105.97066497802734,LSTM,Model prediction,1.5686105935608219,6.344069915594515,-2.3845865042805383,4.893647417500258,0.09642312836025181,3.6605056872555415,-0.46726617806658866,4.258941673629687
UBL Fund Managers Limited,3e2fe825-b10f-406c-849d-a305addb8c21,Al Ameen Islamic Energy Fund,,2026-08-08,328.7909,388.5574751085258,LightGBM,Model prediction,335.93194580078125,LSTM,Model prediction,360.4370422363281,LSTM,Model prediction,362.25555419921875,LSTM,Model prediction,361.5843787383209,LightGBM,Model prediction,383.56494140625,LSTM,Model prediction,327.75773845893275,LightGBM,Model prediction,360.0372314453125,LSTM,Model prediction,18.17768530349404,2.1719110233224908,9.625005508463921,10.17809623052789,9.973961791010899,16.659232784803343,-0.314230576657466,9.50340518709991
UBL Fund Managers Limited,e21f650e-d7e3-4a16-969a-3c401e105b29,Al Ameen Islamic Income Fund,,2026-08-08,101.649,103.05451990863453,LightGBM,Model prediction,105.7410659790039,LSTM,Model prediction,99.68648529052734,LSTM,Model prediction,105.74122619628906,LSTM,Model prediction,102.06479768510836,LightGBM,Model prediction,104.09231567382812,LSTM,Model prediction,101.05645133525398,LightGBM,Model prediction,105.12651824951172,LSTM,Model prediction,1.3827188743957453,4.025682474991299,-1.9306778320226043,4.025840093152969,0.40905241085338656,2.4036790070026504,-0.5829360492931746,3.42110424058448
UBL Fund Managers Limited,8146b574-d026-4d4c-adcf-452667b1ce1a,Al Ameen Islamic Punjab Pension Fund,,2026-08-08,103.946,103.59677297050361,LightGBM,Model prediction,108.41323852539062,LSTM,Model prediction,105.06990814208984,LSTM,Model prediction,116.60458374023438,LSTM,Model prediction,103.65751489390358,LightGBM,Model prediction,94.77041625976562,LSTM,Model prediction,103.90430221426007,LightGBM,Model prediction,109.78536224365234,LSTM,Model prediction,-0.3359696664579591,4.297653132771465,1.0812423201372308,12.178038347059413,-0.2775336290924294,-8.82726005833257,-0.04011485361623097,5.617688264726248
UBL Fund Managers Limited,be051e99-e6e5-4809-9a84-6540b9d4f4e7,Al Ameen Islamic Retirement Savings Fund,,2026-08-08,3007.1011,3007.1011,Fallback_Latest_NAV,Fallback - only 2 rows (need 30),3007.1011,Fallback_Latest_NAV,Fallback - only 2 rows (need 30),3007.1011,Fallback_Latest_NAV,Fallback - only 2 rows (need 30),3007.1011,Fallback_Latest_NAV,Fallback - only 2 rows (need 30),3007.1011,Fallback_Latest_NAV,Fallback - only 2 rows (need 30),3007.1011,Fallback_Latest_NAV,Fallback - only 2 rows (need 30),3007.1011,Fallback_Latest_NAV,Fallback - only 2 rows (need 30),3007.1011,Fallback_Latest_NAV,Fallback - only 2 rows (need 30),0.0,0.0,0.0,0.0,0.0,0.0,0.0,0.0
UBL Fund Managers Limited,e6fe594f-a9d4-41f0-bf5d-6f5bb9fe5962,Al Ameen Islamic Retirement Savings Fund,,2026-08-08,370.1102,370.1102,Fallback_Latest_NAV,Fallback - only 1 rows (need 30),370.1102,Fallback_Latest_NAV,Fallback - only 1 rows (need 30),370.1102,Fallback_Latest_NAV,Fallback - only 1 rows (need 30),370.1102,Fallback_Latest_NAV,Fallback - only 1 rows (need 30),370.1102,Fallback_Latest_NAV,Fallback - only 1 rows (need 30),370.1102,Fallback_Latest_NAV,Fallback - only 1 rows (need 30),370.1102,Fallback_Latest_NAV,Fallback - only 1 rows (need 30),370.1102,Fallback_Latest_NAV,Fallback - only 1 rows (need 30),0.0,0.0,0.0,0.0,0.0,0.0,0.0,0.0
UBL Fund Managers Limited,f7bde694-50cf-43f9-b254-7720a2ba521d,Al Ameen Islamic Retirement Savings Fund,,2026-08-08,383.3555,440.9711314273214,LightGBM,Model prediction,407.8759765625,LSTM,Model prediction,408.2921447753906,LSTM,Model prediction,401.0174560546875,LSTM,Model prediction,379.95876664470507,LightGBM,Model prediction,427.5593566894531,LSTM,Model prediction,385.8704081436012,LightGBM,Model prediction,394.27484130859375,LSTM,Model prediction,15.029295634814519,6.396276188159552,6.504835531351609,4.607200380505169,-0.8860531165706351,11.53077409596396,0.6560250586208336,2.848359110171562
UBL Fund Managers Limited,5bc622bf-df87-413c-be05-aa52ae4905b0,Al Ameen Islamic Sovereign Fund,,2026-08-08,103.3496,103.30240269303061,LightGBM,Model prediction,105.930908203125,LSTM,Model prediction,103.90556335449219,LSTM,Model prediction,104.28377532958984,LSTM,Model prediction,103.07859795211525,LightGBM,Model prediction,102.62330627441406,LSTM,Model prediction,102.96863016685074,LightGBM,Model prediction,103.38346862792969,LSTM,Model prediction,-0.04566762422823145,2.497647018590304,0.5379443698787342,0.9038983504433965,-0.26221876803079036,-0.7027542686047481,-0.36862245538371824,0.03277093276577002
UBL Fund Managers Limited,961e6b11-ec7f-442b-aaa2-c066869bfa57,Al Ameen Shariah Stock Fund,,2026-08-08,496.59,490.25284845631387,LightGBM,Model prediction,497.0583801269531,LSTM,Model prediction,505.56060791015625,LSTM,Model prediction,502.85205078125,LSTM,Model prediction,493.5500180015633,LightGBM,Model prediction,524.236328125,LSTM,Model prediction,496.99664704408286,LightGBM,Model prediction,516.0858764648438,LSTM,Model prediction,-1.2761335394764504,0.09431928290000806,1.8064415131509446,1.2610102461286021,-0.6121714086946377,5.567234161984741,0.08188788418673111,3.9259502738363192
UBL Fund Managers Limited,866b0141-9398-4618-af20-6a23233c2b44,Al Ameen Voluntary Pension Fund KPK,,2026-08-08,136.2586,137.00772424061225,LightGBM,Model prediction,136.61495971679688,LSTM,Model prediction,135.54498291015625,LSTM,Model prediction,136.0162353515625,LSTM,Model prediction,134.08505514702483,LightGBM,Model prediction,135.78318786621094,LSTM,Model prediction,134.73341774727024,LightGBM,Model prediction,136.41477966308594,LSTM,Model prediction,0.5497812546233755,0.26153190829560385,-0.5237226052841812,-0.17787108368756266,-1.5951615919840432,-0.34890431414168627,-1.1193291672817447,0.11462004092654425
UBL Fund Managers Limited,117df805-ad76-4bb2-a472-d504aca8950e,UBL Asset Allocation Fund,,2026-08-08,315.5844,385.5485006884942,LightGBM,Model prediction,328.5909729003906,LSTM,Model prediction,350.1475830078125,LSTM,Model prediction,354.9422607421875,LSTM,Model prediction,250.14636753619186,LightGBM,Model prediction,373.7254333496094,LSTM,Model prediction,326.4661907994396,LightGBM,Model prediction,354.02850341796875,LSTM,Model prediction,22.169695551647724,4.121424538218812,10.952120259370387,12.47142150948763,-20.735509253248306,18.4232913127548,3.4481396417058496,12.181876993276198
UBL Fund Managers Limited,69c22d52-84cc-4b94-85e5-29fe08abadfe,UBL Cash Fund,,2026-08-08,101.8818,101.81174632513041,LightGBM,Model prediction,103.45557403564453,LSTM,Model prediction,102.50792694091797,LSTM,Model prediction,102.7681655883789,LSTM,Model prediction,101.6901360532366,LightGBM,Model prediction,101.3106689453125,LSTM,Model prediction,101.76467737430147,LightGBM,Model prediction,101.87620544433594,LSTM,Model prediction,-0.06875975382215853,1.5447057626038536,0.614562111111082,0.8699940405243212,-0.18812383248371986,-0.5605820221938544,-0.11495932119233054,-0.005491221851263781
UBL Fund Managers Limited,64b01bf7-f038-4b58-a2f8-deff3e03091a,UBL Financial Sector Fund,,2026-08-08,332.3565,388.5422260349167,LightGBM,Model prediction,351.7937316894531,LSTM,Model prediction,363.39215087890625,LSTM,Model prediction,369.0055847167969,LSTM,Model prediction,366.05084885926004,LightGBM,Model prediction,387.6832580566406,LSTM,Model prediction,330.45054451793266,LightGBM,Model prediction,370.2998352050781,LSTM,Model prediction,16.90525867101042,5.84830797335185,9.338060449820079,11.027040156216863,10.138014108121869,16.64681089632387,-0.5734671902211411,11.416456487259357
UBL Fund Managers Limited,dc473672-e1be-42ad-8d63-03cf4ce3f33a,UBL Fixed Return Plan II (AB),,2026-08-08,102.5644,102.49925389981223,LightGBM,Model prediction,104.66770935058594,LSTM,Model prediction,103.28199768066406,LSTM,Model prediction,103.95530700683594,LSTM,Model prediction,102.47882782433535,LightGBM,Model prediction,101.9243392944336,LSTM,Model prediction,102.64333688446399,LightGBM,Model prediction,102.54509735107422,LSTM,Model prediction,-0.06351726348301642,2.0507206697313407,0.6996557096458969,1.3561303988868763,-0.08343262931841038,-0.6240573781608555,0.07696323915899207,-0.01882002812456123
UBL Fund Managers Limited,68607c36-1fd4-4041-bb1f-229420a67d11,UBL Fixed Return Plan II (M),,2026-07-09,100.9339,100.97934438029029,LightGBM,Model prediction,102.53196716308594,LSTM,Model prediction,101.85528564453125,LSTM,Model prediction,101.78154754638672,LSTM,Model prediction,101.38653020942185,LightGBM,Model prediction,100.4385986328125,LSTM,Model prediction,100.94744164344449,LightGBM,Model prediction,100.79862976074219,LSTM,Model prediction,0.045023902068870345,1.5832809027352983,0.9128604408739341,0.8398046111234427,0.4484422076446616,-0.4907185466800492,0.013416348168947904,-0.1340186391864445
UBL Fund Managers Limited,5cbef04d-dd2a-4b21-acea-35ac634202a6,UBL Fixed Return Plan III (Y),,2026-08-08,122.1061,121.73842745719696,LightGBM,Model prediction,138.44712829589844,LSTM,Model prediction,121.64374542236328,LSTM,Model prediction,122.46833801269531,LSTM,Model prediction,116.51382196056716,LightGBM,Model prediction,115.29627227783203,LSTM,Model prediction,121.08092883961947,LightGBM,Model prediction,119.5591812133789,LSTM,Model prediction,-0.30110907055670044,13.382646973327656,-0.3786498607659377,0.2966584082984508,-4.57985148934643,-5.576975861294372,-0.8395740756444791,-2.085824366367521
UBL Fund Managers Limited,9513952f-f2fe-4e27-be57-3c0936dd44bb,UBL Fixed Return Plan III (Z),,2026-08-08,102.2839,102.21871388836914,LightGBM,Model prediction,105.05342102050781,LSTM,Model prediction,102.82813262939453,LSTM,Model prediction,103.51576232910156,LSTM,Model prediction,102.0451675504353,LightGBM,Model prediction,101.34760284423828,LSTM,Model prediction,102.47841792937615,LightGBM,Model prediction,101.9723129272461,LSTM,Model prediction,-0.06373056916177931,2.7076803099097804,0.5320804441310201,1.2043560414704169,-0.23340178617036295,-0.9153905509681596,0.19017453321211547,-0.3046296364862006
UBL Fund Managers Limited,cfe26d4d-ccca-40cf-a233-4a4a5a5f494e,UBL Government Securities Fund,,2026-08-08,108.166,107.91394147925412,LightGBM,Model prediction,110.07706451416016,LSTM,Model prediction,108.38611602783203,LSTM,Model prediction,108.80424499511719,LSTM,Model prediction,107.98313548419011,LightGBM,Model prediction,107.4162368774414,LSTM,Model prediction,107.73542620274982,LightGBM,Model prediction,108.17568969726562,LSTM,Model prediction,-0.23302934447596893,1.766788560324094,0.203498352376934,0.59006064300907,-0.16905914595148408,-0.6931597013466252,-0.39806759725808105,0.008958172869134648
UBL Fund Managers Limited,2a24c0b0-38b8-4c69-b465-14cfba6cf5de,UBL Growth & Income Fund,,2026-08-08,86.9092,87.31862816564046,LightGBM,Model prediction,90.00711059570312,LSTM,Model prediction,87.82001495361328,LSTM,Model prediction,88.0105209350586,LSTM,Model prediction,88.01040652191203,LightGBM,Model prediction,87.05661010742188,LSTM,Model prediction,87.08501812246844,LightGBM,Model prediction,87.14437103271484,LSTM,Model prediction,0.4710987624330488,3.564537006097314,1.0480075223489376,1.2672086902866386,1.2670770435259249,0.16961392743446788,0.2023009330064505,0.2705939448468577
UBL Fund Managers Limited,7541d825-7b93-41b6-ab5c-5d7855d46b4f,UBL Income Opportunity Fund,,2026-08-08,112.3968,112.00884789354576,LightGBM,Model prediction,114.56634521484375,LSTM,Model prediction,112.46080780029297,LSTM,Model prediction,113.13033294677734,LSTM,Model prediction,111.99352183236786,LightGBM,Model prediction,111.53832244873047,LSTM,Model prediction,112.09500261976049,LightGBM,Model prediction,112.33692169189453,LSTM,Model prediction,-0.34516294632430455,1.930255322966269,0.056948062838950764,0.6526279634094074,-0.35879862027400933,-0.7637918083695713,-0.2685106517618884,-0.05327403280651022
UBL Fund Managers Limited,a652555d-3157-479b-a3e3-3b0e95f24c72,UBL Liquidity Fund,,2026-08-08,101.1702,101.08506598077902,LightGBM,Model prediction,102.31304168701172,LSTM,Model prediction,101.84359741210938,LSTM,Model prediction,101.95137023925781,LSTM,Model prediction,101.12620145243386,LightGBM,Model prediction,100.67047119140625,LSTM,Model prediction,101.30619908474402,LightGBM,Model prediction,101.19212341308594,LSTM,Model prediction,-0.08414930406480693,1.1296228405318214,0.6656084618883633,0.7721347187786705,-0.04348963189371286,-0.4939486218211926,0.13442603132545816,0.02166983270364531
UBL Fund Managers Limited,7bd22a9e-997b-42ed-adea-908446ed295e,UBL Liquidity Plus Fund,,2026-08-08,102.6338,102.49925389981223,LightGBM,Model prediction,105.83068084716797,LSTM,Model prediction,103.2575912475586,LSTM,Model prediction,103.38853454589844,LSTM,Model prediction,102.49321353461748,LightGBM,Model prediction,102.09942626953125,LSTM,Model prediction,102.69283144773077,LightGBM,Model prediction,102.65252685546875,LSTM,Model prediction,-0.13109336318811385,3.114842135015926,0.6077834471281391,0.7353664639703916,-0.13697871985886909,-0.5206605723151083,0.05751657614818344,0.018246284819188514
UBL Fund Managers Limited,625a9cf0-94b5-46b7-b7fb-ab60b774cf17,UBL Money Market Fund,,2026-08-08,102.4413,102.21871388836914,LightGBM,Model prediction,104.18309020996094,LSTM,Model prediction,102.99385833740234,LSTM,Model prediction,103.31483459472656,LSTM,Model prediction,102.42785089915729,LightGBM,Model prediction,101.81819152832031,LSTM,Model prediction,102.24677897152388,LightGBM,Model prediction,102.53752136230469,LSTM,Model prediction,-0.21728161555042816,1.700281243952331,0.5393902043437028,0.8527172094912543,-0.013128592513670006,-0.6082590436471285,-0.18988535724958333,0.09392829093801938
UBL Fund Managers Limited,4f3d12c5-0d97-42a9-be44-4412b71448b5,UBL Pakistan Enterprise Exchange Traded Fund,,2026-08-08,30.366,31.733837942455068,LightGBM,Model prediction,22.24517250061035,LSTM,Model prediction,29.540159225463867,LSTM,Model prediction,34.235191345214844,LSTM,Model prediction,28.37223306822012,LightGBM,Model prediction,33.927494049072266,LSTM,Model prediction,33.188451569797664,LightGBM,Model prediction,34.75419235229492,LSTM,Model prediction,4.504504849025451,-26.743158464696197,-2.719623179003268,12.741853866873623,-6.565787169136142,11.728558417546814,9.294775636559521,14.451005572992564
UBL Fund Managers Limited,9b4ff48c-6ffd-4eb6-aa7a-7af7f0fd89b8,UBL Punjab Pension Fund,,2026-08-08,105.9612,105.72864803116182,LightGBM,Model prediction,110.3265151977539,LSTM,Model prediction,106.92556762695312,LSTM,Model prediction,116.19279479980469,LSTM,Model prediction,105.26514221090454,LightGBM,Model prediction,98.31075286865234,LSTM,Model prediction,106.06555115909568,LightGBM,Model prediction,111.46136474609375,LSTM,Model prediction,-0.21946898377725083,4.119729861264218,0.9101139161816966,9.65598237827118,-0.6568987413274504,-7.220045763305494,0.09848053730579794,5.190734670892501
UBL Fund Managers Limited,0c35e4f0-835f-481d-a01b-e625227c2f25,UBL Retirement Saving Fund,,2026-08-08,3636.1534,780.8110371629172,LightGBM,Model prediction,782.1622924804688,LSTM,Model prediction,844.3011474609375,LSTM,Model prediction,806.9319458007812,LSTM,Model prediction,760.9441282302361,LightGBM,Model prediction,832.5445556640625,LSTM,Model prediction,754.2808544866449,LightGBM,Model prediction,1180.449462890625,LSTM,Model prediction,-78.52645498501474,-78.48929331528012,-76.7803760022628,-77.80808846511313,-79.07282656913661,-77.10370096970985,-79.25607719172011,-67.53576285063703
UBL Fund Managers Limited,203b9461-0f90-402c-95ab-399df1e8a7c9,UBL Retirement Saving Fund,,2026-08-08,570.605,570.605,Fallback_Latest_NAV,Fallback - only 1 rows (need 30),570.605,Fallback_Latest_NAV,Fallback - only 1 rows (need 30),570.605,Fallback_Latest_NAV,Fallback - only 1 rows (need 30),570.605,Fallback_Latest_NAV,Fallback - only 1 rows (need 30),570.605,Fallback_Latest_NAV,Fallback - only 1 rows (need 30),570.605,Fallback_Latest_NAV,Fallback - only 1 rows (need 30),570.605,Fallback_Latest_NAV,Fallback - only 1 rows (need 30),570.605,Fallback_Latest_NAV,Fallback - only 1 rows (need 30),0.0,0.0,0.0,0.0,0.0,0.0,0.0,0.0
UBL Fund Managers Limited,46cf2f78-68ec-4cf0-a64f-070444f6433f,UBL Retirement Saving Fund,,2018-11-21,111.76,111.76,Fallback_Latest_NAV,Fallback - only 1 rows (need 30),111.76,Fallback_Latest_NAV,Fallback - only 1 rows (need 30),111.76,Fallback_Latest_NAV,Fallback - only 1 rows (need 30),111.76,Fallback_Latest_NAV,Fallback - only 1 rows (need 30),111.76,Fallback_Latest_NAV,Fallback - only 1 rows (need 30),111.76,Fallback_Latest_NAV,Fallback - only 1 rows (need 30),111.76,Fallback_Latest_NAV,Fallback - only 1 rows (need 30),111.76,Fallback_Latest_NAV,Fallback - only 1 rows (need 30),0.0,0.0,0.0,0.0,0.0,0.0,0.0,0.0
UBL Fund Managers Limited,cd98d235-4292-4e44-a6ed-096c1671951c,UBL Retirement Saving Fund,,2026-08-08,437.4463,437.4463,Fallback_Latest_NAV,Fallback - only 3 rows (need 30),437.4463,Fallback_Latest_NAV,Fallback - only 3 rows (need 30),437.4463,Fallback_Latest_NAV,Fallback - only 3 rows (need 30),437.4463,Fallback_Latest_NAV,Fallback - only 3 rows (need 30),437.4463,Fallback_Latest_NAV,Fallback - only 3 rows (need 30),437.4463,Fallback_Latest_NAV,Fallback - only 3 rows (need 30),437.4463,Fallback_Latest_NAV,Fallback - only 3 rows (need 30),437.4463,Fallback_Latest_NAV,Fallback - only 3 rows (need 30),0.0,0.0,0.0,0.0,0.0,0.0,0.0,0.0
UBL Fund Managers Limited,ddd3b4b6-65a1-4ddf-b8f6-a284f308f7c2,UBL Special Savings Plan X,,2026-08-08,103.3651,103.30240269303061,LightGBM,Model prediction,105.5703353881836,LSTM,Model prediction,104.05707550048828,LSTM,Model prediction,104.5282974243164,LSTM,Model prediction,103.34260368538952,LightGBM,Model prediction,102.46012115478516,LSTM,Model prediction,103.65671533471458,LightGBM,Model prediction,103.37725067138672,LSTM,Model prediction,-0.06065616631666128,2.1334429011180713,0.6694479089056974,1.1253289788491552,-0.02176393638711558,-0.8755168284216259,0.28212165877513595,0.011755100499801718
UBL Fund Managers Limited,365f1518-5686-4d4e-b706-e5474393216b,UBL Stock Advantage Fund,,2026-08-08,265.54,237.20927818553412,LightGBM,Model prediction,269.0375671386719,LSTM,Model prediction,308.20123291015625,LSTM,Model prediction,300.792724609375,LSTM,Model prediction,250.41529922696483,LightGBM,Model prediction,322.80499267578125,LSTM,Model prediction,299.5746969063486,LightGBM,Model prediction,280.3761901855469,LSTM,Model prediction,-10.669097617860173,1.3171526469352468,16.065840517495,13.275862246507108,-5.695827661759127,21.56548643359992,12.817163857177293,5.587177143009284
UBL Fund Managers Limited,c8326e68-a90e-4f34-8808-177a758909ce,UBL Voluntary Pension Fund KPK,,2026-08-08,144.5114,143.5354827155594,LightGBM,Model prediction,144.0115203857422,LSTM,Model prediction,143.51902770996094,LSTM,Model prediction,143.84417724609375,LSTM,Model prediction,143.03607557524666,LightGBM,Model prediction,144.4976348876953,LSTM,Model prediction,144.21590353601968,LightGBM,Model prediction,144.97271728515625,LSTM,Model prediction,-0.6753220053508666,-0.3459101595153195,-0.6867086541539777,-0.461709424935513,-1.0209052190715424,-0.009525277801402835,-0.20447969086198592,0.3192255317962742
