AMC,Fund,Latest_Date,Current_NAV,Predicted_NAV_15D,Change_15D_Percent,Predicted_NAV_30D,Change_30D_Percent,Predicted_NAV_90D,Change_90D_Percent,Predicted_NAV_180D,Change_180D_Percent,Predicted_NAV_270D,Change_270D_Percent,Predicted_NAV_365D,Change_365D_Percent,Predicted_NAV_730D,Change_730D_Percent,Predicted_NAV_1095D,Change_1095D_Percent
ABL Asset Management Company Limited,ABL Cash Fund,2026-08-08,10.3763,10.571188974623569,1.8782126058765478,13.050029754638672,25.76766048243277,10.80137825012207,4.096626447983094,10.872716903686523,4.784141781622765,10.415088495393524,0.3738181759733605,10.61199951171875,2.2715178986608855,10.43664562941544,0.5815717492308313,10.193771362304688,-1.7590917542410398
ABL Asset Management Company Limited,ABL Financial Sector Fund Plan I,2026-08-08,10.1312,10.40176672030348,2.670628556375154,10.80417537689209,6.642602819923504,11.07043170928955,9.270685696556686,10.862317085266112,7.216490497336069,10.171537195586115,0.39814825081051974,10.881233215332031,7.403202141227412,10.250093161079,1.1735348337709326,10.054647445678713,-0.75561191488952
ABL Asset Management Company Limited,ABL Fixed Rate Plan XXIX,2026-08-07,10.0051,11.35073373695703,13.44947813572108,,,,,,,10.089637156903644,0.8449406493052848,,,10.797190472292623,7.916867120694674,,
ABL Asset Management Company Limited,ABL Fixed Rate Plan XXVII,2026-08-07,10.1194,10.40176672030348,2.7903504190315505,11.98289680480957,18.4150918513901,12.037391662597656,18.953610516410613,12.489556312561035,23.421905573067914,10.141140065719474,0.2148355210731242,13.805477142333984,36.42584681239978,10.293357345917263,1.7190480257452272,15.92336654663086,57.35484857433107
ABL Asset Management Company Limited,ABL Fixed Rate Plan XXVIII,2026-08-07,10.0707,10.352585125819733,2.7990618906305653,,,,,,,10.187562935061733,1.1604251448432807,,,10.39219785292368,3.1924082032398853,,
ABL Asset Management Company Limited,ABL GOB Islamic Pension Fund,2026-08-07,100.2048,100.2207860060949,0.015953333667540412,,,,,,,100.03014917567464,-0.17429387047862838,,,99.9361253039846,-0.2681255748381411,,
ABL Asset Management Company Limited,ABL GOB Pension Fund,2026-08-07,100.295,100.40342564615304,0.10810673129571494,,,,,,,100.03014917567464,-0.2640718124785527,,,99.95776743849324,-0.3362406515845921,,
ABL Asset Management Company Limited,ABL GOKP Islamic Pension Fund,2026-08-07,125.7732,125.08736345260748,-0.5452962534089345,125.28898620605467,-0.3849896432191671,125.5251007080078,-0.19725926667382596,126.10345458984376,0.26257946036497554,122.14047521644214,-2.8883138725562056,125.35173034667967,-0.3351029100955764,124.69584031125004,-0.8565892326425384,125.79115295410156,0.014274069596352582
ABL Asset Management Company Limited,ABL GOKP Pension Fund,2026-08-07,133.8391,134.1852489708001,0.2586306772834703,133.2056121826172,-0.47332044027703,133.4757080078125,-0.2715140733817711,133.9141082763672,0.0560436198145277,133.42785167423315,-0.30727068978112426,133.5863494873047,-0.18884654237462328,131.782423864983,-1.536678097071035,133.89364624023438,0.04075508594601506
ABL Asset Management Company Limited,ABL GOPB Islamic Pension Fund,2026-08-07,104.9129,104.85770470182656,-0.05261059238037485,107.9341278076172,2.8797486368379945,106.24229431152344,1.2671409440816566,114.182861328125,8.835864157910999,104.61566275035848,-0.2833181140179252,96.61018371582033,-7.913913621851715,104.52579598708684,-0.3689765633331609,110.87078094482422,5.678883097144608
ABL Asset Management Company Limited,ABL GOPB Pension Fund,2026-08-07,106.786,106.4098863543624,-0.35221250504523266,109.22496795654295,2.28397725969973,107.97250366210938,1.111104135475974,114.22369384765624,6.965045837147412,106.61302166718372,-0.16198596521668127,99.65158081054688,-6.681043572615443,106.43429212557176,-0.32935766339055955,112.46229553222656,5.315580256050944
ABL Asset Management Company Limited,ABL Government Securities Fund,2026-08-07,10.2943,10.486207330003069,1.864209611173843,10.837841987609863,5.280028633417168,11.158681869506836,8.39670370502935,10.896506309509276,5.84990052270942,10.273192028755112,-0.2050452312919561,10.935867309570312,6.232257750117179,10.391088396217432,0.9402134794734202,10.069995880126951,-2.1789157094027614
ABL Asset Management Company Limited,ABL Income Fund,2026-08-07,10.3236,10.529591327829491,1.9953439481333128,10.86174774169922,5.212791484552091,11.176888465881348,8.26541580341496,10.904998779296877,5.631744539665194,10.286053759397802,-0.3636932911212994,10.952839851379396,6.09515916327052,10.391088396217432,0.6537292825897099,10.07552719116211,-2.4029680425228737
ABL Asset Management Company Limited,ABL Islamic Asset Allocation Fund,2026-08-08,10.0264,10.40176672030348,3.743783614293053,11.921884536743164,18.904936335505898,11.396892547607422,13.668839739162822,11.016695022583008,9.876875275103798,9.95926405034955,-0.6695917742205687,11.1563720703125,11.269967987637628,9.928339115902151,-0.9780268500942453,10.660604476928713,6.325345856226681
ABL Asset Management Company Limited,ABL Islamic Cash Fund,2026-08-08,10.1364,10.40176672030348,2.6179582524710874,12.52678394317627,23.58217851679363,10.931633949279783,7.845329202476059,11.337486267089844,11.849239050252985,10.18152583184764,0.44518598168620205,10.463285446166992,3.2248672720787663,10.206430814654237,0.6908844822050881,10.330463409423828,1.914520040880668
ABL Asset Management Company Limited,ABL Islamic Dedicated Stock Fund,2026-08-07,17.669,17.51039449625966,-0.8976484449620227,15.09483528137207,-14.56881950663835,14.9923734664917,-15.148715453666314,10.87325954437256,-38.46137560488675,17.228686139473346,-2.4920134728997345,10.73527717590332,-39.24230473765737,17.31790868624005,-1.9870468830151768,9.970684051513672,-43.56961881536209
ABL Asset Management Company Limited,ABL Islamic Financial Planning Fund (Active Allocation Plan),2026-08-06,83.4233,83.74222415882598,0.3822962635450516,85.88455963134766,2.950326385251673,83.61434173583984,0.22900285152930439,83.32402038574219,-0.11900705709053715,84.9458964653869,1.8251453315643196,83.72920227050781,0.36668684948667213,84.3415856650175,1.1007544235453488,82.79553985595703,-0.7524997740954461
ABL Asset Management Company Limited,ABL Islamic Financial Planning Fund (Capital Preservation Plan I),2026-08-06,101.0474,100.84590365629217,-0.19940774696610777,105.43712615966795,4.344224749640227,101.72819519042967,0.6737384538639066,101.8378448486328,0.7822515459406201,100.62695436225836,-0.4160875368803516,100.55255889892578,-0.48971185906239534,100.99196632570316,-0.054859080289879784,100.89940643310548,-0.14645954957229296
ABL Asset Management Company Limited,ABL Islamic Financial Planning Fund (Conservative Allocation Plan),2026-08-06,116.9587,116.5164849355066,-0.3780950579079594,117.0142593383789,0.047503382287006464,116.96080017089844,0.0017956517116249377,117.6852569580078,0.6212081341600113,117.01670814549357,0.049597118892030854,116.2936019897461,-0.56866057014476,116.4797043570392,-0.409542550456526,116.82608795166016,-0.11338365452064444
ABL Asset Management Company Limited,ABL Islamic Income Fund,2026-08-08,10.4018,10.571188974623569,1.628458292060692,12.155664443969728,16.86116291382,11.472137451171877,10.289925312656244,11.393505096435549,9.53397581606596,10.415088495393524,0.127751883265633,11.327125549316406,8.895821389724919,10.600745286550596,1.91260441991383,10.787313461303713,3.706218743906949
ABL Asset Management Company Limited,ABL Islamic Money Market Plan I,2026-08-08,10.1342,10.40176672030348,2.6402352460330314,12.357873916625977,21.94227385117697,11.648183822631836,14.939352120856467,11.86734390258789,17.10193111037764,10.18152583184764,0.46699129529356426,11.733349800109863,15.779733971205061,10.23294514771312,0.9743753598026577,12.356073379516602,21.924506912401586
ABL Asset Management Company Limited,ABL Islamic Pension Fund,2026-08-07,613.2671,407.8353048150397,-33.497931844861775,236.4110565185547,-61.45055612496502,222.21090698242188,-63.766047945108774,176.93931579589844,-71.14808281809046,436.9286567177263,-28.753938256637884,283.47821044921875,-53.775734838992875,401.0663582511172,-34.601683630001155,206.4505920410156,-66.33594203227018
ABL Asset Management Company Limited,ABL Islamic Sovereign Plan I,2026-08-07,10.1847,10.422368844961886,2.3335870959565472,11.98552703857422,17.681689579214126,11.34874153137207,11.429315849971731,11.294875144958496,10.90042067963216,10.19536235752409,0.1046899518305918,11.22046947479248,10.169857480264328,10.300611873014564,1.138098058995987,10.65720558166504,4.639366713452938
ABL Asset Management Company Limited,ABL Islamic Stock Fund,2026-08-07,32.9003,34.22879986414068,4.037956687752639,33.93343734741211,3.140206464415546,33.200416564941406,0.9122000861433021,34.745601654052734,5.608768473396087,33.013666159913015,0.34457485163665247,34.77618408203125,5.701723333924762,33.381152148067954,1.4615433539145632,34.74787139892578,5.615667331075339
ABL Asset Management Company Limited,ABL Money Market Plan I,2026-08-08,10.1305,10.40176672030348,2.677722918942597,11.787095069885254,16.35254992236567,11.20904541015625,10.646517054007704,11.142492294311523,9.989559195612495,10.171537195586115,0.40508558892567514,11.067481994628906,9.249118944068966,10.23294514771312,1.0112546045419395,10.352378845214844,2.1902062604495747
ABL Asset Management Company Limited,ABL Optimal Asset Allocation Fund,2026-08-07,10.1164,10.40176672030348,2.8208327102870476,10.720855712890623,5.975008035374469,10.44323444366455,3.2307386388888366,11.193414688110352,10.6462248241504,11.406651278184908,12.75405557495658,9.31410026550293,-7.930684181102672,10.51067500599712,3.8973845043406707,10.437549591064451,3.1745442159706103
ABL Asset Management Company Limited,ABL Pension Fund,2026-08-05,385.3274,392.385729249191,1.8317745504708438,395.2542724609375,2.5762176426948846,402.9327087402344,4.568922101110474,393.2771301269531,2.063110520288231,323.49492212419847,-16.04673788466679,418.08349609375,8.500847874755335,372.536996507586,-3.3193599760655443,397.74072265625,3.2215001207414753
ABL Asset Management Company Limited,ABL Special Saving Fund (ABL Special Saving Plan I),2026-08-07,10.234,10.422368844961886,1.8406179886836613,11.737541198730469,14.69162789457171,11.247426986694336,9.902550192440257,11.1260986328125,8.717008333129764,10.250514362819228,0.16136762574973532,11.090574264526367,8.369887282845097,10.347994677235388,1.113881935073165,10.311273574829102,0.7550671763640959
ABL Asset Management Company Limited,ABL Special Saving Fund (ABL Special Saving Plan II),2026-08-07,10.8742,10.962660375855023,0.8134885863330001,11.970967292785645,10.085958440948708,11.669840812683104,7.3167756035671925,11.32223892211914,4.1202012296917525,10.69688067181252,-1.6306425133571172,11.384005546569824,4.688211974856303,10.810495345677024,-0.5858330205714055,10.48386001586914,-3.5895972497366193
ABL Asset Management Company Limited,ABL Special Saving Fund (ABL Special Saving Plan III),2026-08-07,10.3428,10.529591327829491,1.8060034790336372,11.7548246383667,13.652247344690979,11.31081485748291,9.359311380698744,11.152037620544434,7.824163868047658,10.286053759397802,-0.5486545287755552,11.133797645568848,7.647809544502912,10.47177004893634,1.2469548762070244,10.328109741210938,-0.14203367356095967
ABL Asset Management Company Limited,ABL Special Saving Fund (ABL Special Saving Plan IV),2026-08-07,10.2753,10.456273104763978,1.7612440003112189,11.306680679321287,10.037475103610479,11.23482894897461,9.33820860680087,11.054003715515137,7.578403701255798,10.273192028755112,-0.020514936253809693,10.991077423095703,6.966000244233292,10.353601390364858,0.7620350779525502,10.190263748168944,-0.8275792612483931
ABL Asset Management Company Limited,ABL Special Saving Fund (ABL Special Saving Plan V),2026-08-07,10.2697,10.456273104763978,1.8167337387068563,11.711923599243164,14.043483249200694,11.274665832519531,9.785736998349815,11.128002166748049,8.357616743897566,10.250514362819228,-0.18681789322738127,11.108359336853027,8.166346990204456,10.3433950347185,0.7175967625003556,10.308727264404297,0.38002341260500894
ABL Asset Management Company Limited,ABL Special Saving Fund (ABL Special Saving Plan VI),2026-08-07,10.1962,10.422368844961886,2.218167993584734,11.71965217590332,14.941372039615947,11.224408149719238,10.08422892567073,11.116912841796877,9.02996059117002,10.250514362819228,0.5326922070891964,11.070502281188965,8.574785519987502,10.313432780954637,1.1497693351899474,10.300527572631836,1.023200531882826
ABL Asset Management Company Limited,ABL Stock Fund,2026-08-07,38.7189,39.49908692655233,2.0150028191718574,39.73764419555664,2.631128972043738,38.641143798828125,-0.2008223404380622,40.619136810302734,4.907775815693981,40.21242589964558,3.8573562256303333,40.06358337402344,3.472937955426006,39.61129950897136,2.304816275698343,40.722537994384766,5.174831915123539
ABL Asset Management Company Limited,Allied Finergy Fund,2026-08-07,17.216,17.471909077345355,1.4864607187810992,16.074323654174805,-6.631484350750444,17.36761474609375,0.8806618616040249,16.53485870361328,-3.95644340373327,16.484752852427007,-4.247485754954656,16.96452522277832,-1.4607038639735175,16.456928281888178,-4.409106169329826,16.868030548095703,-2.0211980245370462
AL Habib Asset Management Limited,AL Habib Asset Allocation Fund,2026-08-06,105.9059,105.70055973798796,-0.1938893508407404,103.90338134765624,-1.8908471127139912,105.88016510009766,-0.024299779240199403,105.35637664794922,-0.5188788840383621,105.1139734523237,-0.7477643338815848,104.76309967041016,-1.07907144888986,105.74018291202472,-0.15647578461188769,105.16336059570312,-0.7011312913604224
AL Habib Asset Management Limited,AL Habib Cash Fund,2026-08-07,103.0109,102.9084629551328,-0.0994429180477033,104.29647064208984,1.2479947676312284,103.63623809814452,0.6070601248455362,103.9315948486328,0.893783908919145,102.98574920246052,-0.024415666244525163,102.40519714355467,-0.5879988005592935,103.0700480924314,0.057419256050961445,102.9861297607422,-0.02404623128018963
AL Habib Asset Management Limited,AL Habib Fixed Return Fund Plan 19,2026-08-06,101.0858,101.0237614293643,-0.06137219138168461,105.95836639404295,4.820228354569037,101.81109619140624,0.7175055165079859,102.29586029052734,1.1970625849796288,101.04137974769246,-0.04394311793302926,100.71260833740234,-0.369183072793273,101.22946948968313,0.1421262825076518,101.16938018798828,0.08268242224751167
AL Habib Asset Management Limited,AL Habib Fixed Return Fund Plan 23,2026-08-06,101.1896,101.13235204125276,-0.05657494322266329,104.0645523071289,2.8411539398603294,101.88282775878906,0.6850780700675404,102.39897918701172,1.1951615452691977,101.15172333264904,-0.037431383611514824,100.7561492919922,-0.42835499696391427,101.5358131536868,0.3421430203171119,101.23324584960938,0.043132742504542305
AL Habib Asset Management Limited,AL Habib Fixed Return Fund Plan 28,2026-08-06,101.167,101.0415150703409,-0.12403741304881508,102.3917465209961,1.2106186019117817,101.7415771484375,0.5679491814895158,102.24815368652344,1.068682165650297,101.1373494865076,-0.029308483490069887,100.56080627441406,-0.5992010493401397,101.37662800616432,0.20720986701624322,101.0954360961914,-0.07073838683423976
AL Habib Asset Management Limited,AL Habib Fixed Return Fund Plan 31,2026-08-06,100.8892,100.68483612404204,-0.20256268853154394,88.1068115234375,-12.669729244123754,85.12115478515625,-15.629071510968224,81.19351196289062,-19.522097545732723,102.22753341390136,1.3265378394331135,84.44447326660156,-16.299789009525735,102.39088261197834,1.4884473382466497,91.8700180053711,-8.939690268759103
AL Habib Asset Management Limited,AL Habib Fixed Return Fund Plan 32,2026-07-03,100.0,100.1629926910952,0.16299269109519798,,,,,,,99.99184811730524,-0.008151882694761525,,,99.90432759618244,-0.09567240381755937,,
AL Habib Asset Management Limited,AL Habib Fixed Return Fund Plan 33,2026-08-06,100.434,100.42414830618247,-0.009809122227058278,,,,,,,100.40585267243806,-0.028025696041120585,,,100.37462361609944,-0.059119803951407,,
AL Habib Asset Management Limited,AL Habib GOKP Islamic Pension Fund,2026-08-06,136.3175,137.00772424061225,0.5063357533788784,135.5590057373047,-0.5564173805236363,135.57618713378906,-0.5438134254302881,136.07521057128906,-0.1777390494330757,134.39998342341423,-1.406654741016941,135.8755340576172,-0.32421805152149064,138.40097663576452,1.528399974885489,136.52818298339844,0.15455314497290668
AL Habib Asset Management Limited,AL Habib GOKP Pension Fund,2026-08-06,141.5909,143.5354827155594,1.3733811392959518,140.3007354736328,-0.9111916983133749,140.68019104003906,-0.64319738059504,141.06898498535156,-0.3686077386671335,142.59248382648155,0.7073786708620045,141.3917694091797,-0.14063798649511894,142.80001643397492,0.8539506663033519,141.9525604248047,0.25542631963260537
AL Habib Asset Management Limited,AL Habib Government Securities Fund,2026-08-06,101.9282,101.8117463251304,-0.11425069300704188,103.46417999267578,1.506923493867033,102.56260681152344,0.622405586994996,102.75054931640624,0.8067927388163745,101.87471354827132,-0.05247463580116956,101.37423706054688,-0.543483490783835,101.86468808516229,-0.06231044484030775,101.9551010131836,0.026392120319587552
AL Habib Asset Management Limited,AL Habib Income Fund,2026-08-06,104.2435,104.357899997196,0.10974305083386762,106.3221206665039,1.994005061710235,104.8327178955078,0.5652322643692901,105.13561248779295,0.8557967525965237,103.88907292671148,-0.33999920694193836,103.57205200195312,-0.6441149789165487,104.1049878004063,-0.13287370396589843,104.19313049316406,-0.048319086404365635
AL Habib Asset Management Limited,AL Habib Islamic Cash Fund,2026-08-07,101.9945,101.9872622531134,-0.007096212919914585,103.78685760498048,1.7573080950252031,102.685302734375,0.6772941034810679,103.13628387451172,1.1194563182443333,101.96932179730446,-0.024685843546017182,101.36748504638672,-0.6147536912414722,101.82984232032652,-0.1614378026986573,101.9188461303711,-0.07417446002373501
AL Habib Asset Management Limited,AL Habib Islamic Income Fund,2026-08-06,103.1952,103.09700211656356,-0.09515741375222996,104.8793716430664,1.6320251746848753,103.77562713623048,0.5624555562957222,104.08489990234376,0.862152408584667,103.02996327187763,-0.16012055611342982,102.5525360107422,-0.622765389531488,103.14079215663484,-0.05272323069789575,103.14613342285156,-0.047547344400163304
AL Habib Asset Management Limited,AL Habib Islamic Money Market Fund,2026-08-07,101.3352,101.17590295169089,-0.15719813876038496,104.49533081054688,3.118492696068962,101.21192169189452,-0.12165398410965128,98.66403198242188,-2.6359725125900235,102.6391358403526,1.2867550864384674,100.52071380615234,-0.8037544642411094,102.84282350642272,1.4877589489365173,101.66368103027344,0.3241529402156774
AL Habib Asset Management Limited,AL Habib Islamic Munafa Fund Plan 8,2026-08-06,101.1634,101.08506598077902,-0.07743316181640292,88.20568084716797,-12.808702705555595,85.41837310791016,-15.563955829964037,81.57451629638672,-19.36360749402776,102.52712175340112,1.3480386714969275,84.73600769042969,-16.238473904169204,102.53670406976916,1.3575107892470617,92.17706298828124,-8.882992279538609
AL Habib Asset Management Limited,AL Habib Islamic Munafa Fund Plan 9,2026-08-06,100.2627,100.2207860060949,-0.04180417433910903,,,,,,,100.91526498870486,0.6508551921151807,,,102.00385912989805,1.7365970893443434,,
AL Habib Asset Management Limited,AL Habib Islamic Pension Fund,2026-08-06,462.1552,470.5093880035705,1.80765855357043,482.44732666015625,4.390760216515203,472.7725524902344,2.2973564919824327,478.79693603515625,3.6008977146976324,484.91095307710856,4.923833611978959,499.3621520996094,8.050748341598103,493.9630150993849,6.88249642098259,466.170166015625,0.8687484238249447
AL Habib Asset Management Limited,AL Habib Islamic Savings Fund,2026-08-07,102.083,102.0509787465298,-0.03136786092709377,104.06550598144533,1.9420530170991528,102.75828552246094,0.661506345288578,103.09416961669922,0.9905367364783759,101.94231735688976,-0.13781201875947888,101.4621810913086,-0.6081511208442195,102.260537246317,0.1739146050929161,102.03590393066406,-0.04613507570891912
AL Habib Asset Management Limited,AL Habib Islamic Stock Fund,2026-08-06,168.4085,167.6525504406459,-0.4488785063426686,162.78463745117188,-3.3394172793108003,166.5063018798828,-1.1295143179335907,167.32119750976562,-0.6456339734837485,161.25718969134087,-4.24640698578702,173.5959930419922,3.0803035725585017,151.31701965001346,-10.148822862258461,168.08700561523438,-0.19090151908343617
AL Habib Asset Management Limited,AL Habib Money Market Fund,2026-08-07,102.23,102.10992050819728,-0.11746013088401352,104.3193130493164,2.0437376986368014,102.91828155517578,0.6732676857828204,103.25302124023438,1.0007055074189288,102.1527387119162,-0.07557594452098595,101.62159729003906,-0.5951312823642194,102.28091821873475,0.04980751123422728,102.19915771484376,-0.030169505190491802
AL Habib Asset Management Limited,AL Habib Pension Fund,2026-08-06,188.9689,157.745842582263,-16.5228550400288,524.1907958984375,177.39527292503558,533.4149780273438,182.2765957929288,522.6487426757812,176.57923747017702,140.51526281104572,-25.641064317437568,560.9186401367188,196.83119293001062,154.13994170128527,-18.43105309853353,540.7525634765625,186.15955507840843
AL Habib Asset Management Limited,AL Habib Sovereign Income Fund Plan 1,2026-08-06,101.4737,101.33353224493244,-0.13813210227630562,102.88375854492188,1.389580300040189,102.11974334716795,0.6366608758406964,102.32229614257812,0.8362720020834278,101.52106832638744,0.046680397371380015,100.94722747802734,-0.5188265747406965,101.6594075182385,0.18301049260892405,101.51708221435548,0.04275217554449002
AL Habib Asset Management Limited,AL Habib Sovereign Income Fund Plan 2,2026-08-06,101.3927,101.21788656738389,-0.17241224724868678,102.75103759765624,1.3396798760228603,102.0480499267578,0.6463482348904737,102.24575805664062,0.8413407046470013,101.26598122312288,-0.12497820541037619,100.86857604980467,-0.5169247393503986,101.442781513391,0.04939360860396501,101.43824005126952,0.04491452665676336
AL Habib Asset Management Limited,AL Habib Sovereign Income Fund Plan 3,2026-08-06,101.4298,101.21788656738389,-0.20892620572663506,102.8355712890625,1.3859549058190983,102.10186767578124,0.6625939080834583,102.32827758789062,0.885812244419909,101.26598122312288,-0.16150951384812132,100.9229965209961,-0.49965934962299685,101.4656204911742,0.03531554944819608,101.50537109375,0.07450580968315014
AL Habib Asset Management Limited,AL Habib Stock Fund,2026-08-06,157.7977,158.7350509274187,0.5940206526576243,155.1325225830078,-1.6889836905051085,156.03677368164062,-1.1159391539669887,156.91708374023438,-0.5580666003152245,155.21966844088595,-1.633757373595457,160.83157348632812,1.9226347952651612,143.32967867166903,-9.168714961200934,157.31109619140625,-0.30837192721677303
Al Meezan Investment Management Limited,Al Meezan Mutual Fund,2026-08-07,51.4443,51.56072882039499,0.22632015674232847,53.36672592163086,3.7369075322841616,50.91191101074219,-1.0348843103275016,52.542266845703125,2.1342827984890973,50.93740087473064,-0.9853358394795078,52.83338928222656,2.700181132266479,49.54826456620406,-3.6856083838169384,52.79754638671875,2.630507921613768
Al Meezan Investment Management Limited,KSE Meezan Index Fund,2026-08-07,183.3585,185.85699619758708,1.3626290559680012,175.6232452392578,-4.218650763799977,181.02133178710935,-1.274644051347849,181.9647521972656,-0.7601217302357925,175.1212513919078,-4.492428007478349,192.9041748046875,5.206017067486649,156.3096519701824,-14.75189207471571,183.81614685058597,0.24959129278761208
Al Meezan Investment Management Limited,Meezan Asset Allocation Fund,2026-08-07,118.9767,118.50358400872204,-0.3976543233069587,117.79251098632812,-0.9953116985694417,118.66957092285156,-0.25814220527921133,118.19400024414062,-0.6578596950994345,117.160087456171,-1.5268641203101072,117.71217346191406,-1.0628354443230745,116.47246731452476,-2.104809332814938,117.81605529785156,-0.9755226881804854
Al Meezan Investment Management Limited,Meezan Balanced Fund,2026-08-07,27.7872,29.09155085746692,4.694070858045869,28.393835067749023,2.183145720867971,28.66287040710449,3.1513445295117544,28.17904281616211,1.410155813331717,27.73316587586219,-0.19445688711999512,29.90367317199707,7.616719827823861,24.818361507931805,-10.684194492673585,28.14236068725586,1.2781449273617378
Al Meezan Investment Management Limited,Meezan Capital Protected Fund III (Meezan Capital Secure Plan I),2026-08-07,50.3772,50.4351542478965,0.1150406292856624,53.08073806762695,5.366590575948943,48.536739349365234,-3.6533603507832266,50.19092178344727,-0.36976691152491453,51.21055432355157,1.654229142452474,52.19050216674805,3.5994500820769013,50.12597709661088,-0.49868373666881094,51.64113998413086,2.5089524311213354
Al Meezan Investment Management Limited,Meezan Cash Fund,2026-08-07,52.1339,52.18978786494206,0.10720062174912079,55.08623123168945,5.662977892867129,52.042755126953125,-0.17482841883471606,53.64779281616211,2.9038549123739306,52.546783197124846,0.7919668337201874,54.63925552368164,4.8056169281055965,52.26410178830231,0.24974496115256184,54.25986862182617,4.0779006017700095
Al Meezan Investment Management Limited,Meezan Daily Income Fund (MDIP I),2026-08-07,50.0,50.17211721827624,0.3442344365524832,51.883296966552734,3.7665939331054688,50.49749374389648,0.9949874877929545,51.30253219604492,2.6050643920898438,50.14518434064603,0.2903686812920654,52.13497543334961,4.269950866699219,49.99166606565161,-0.016667868696785604,52.08486557006836,4.169731140136719
Al Meezan Investment Management Limited,Meezan Daily Income Fund (Meezan Mahana Munafa Plan),2026-08-07,50.0,50.17211721827624,0.3442344365524832,51.8799934387207,3.7599868774414062,50.4971923828125,0.9943847656249999,51.29981994628906,2.599639892578125,50.14518434064603,0.2903686812920654,52.13225173950195,4.264503479003906,49.99166606565161,-0.016667868696785604,52.08131790161133,4.162635803222656
Al Meezan Investment Management Limited,Meezan Daily Income Fund (Meezan Munafa Plan I),2026-08-07,51.0845,51.19986547626304,0.2258326425100448,53.71701049804688,5.153247067206068,51.37067794799805,0.5602050484942565,52.57585525512695,2.919388963632716,51.5589430952935,0.9287417813495326,53.43906784057617,4.60916293704778,51.34832228058455,0.5164429143567006,53.21556091308594,4.171638976765828
Al Meezan Investment Management Limited,Meezan Daily Income Fund (Meezan Sehl Account Plan) (MSHP),2026-08-07,51.1802,51.19986547626304,0.03842399260464603,53.76309585571289,5.046670110145899,51.42539978027344,0.47909109435570446,52.66580581665039,2.902696387764001,51.5589430952935,0.740018787135457,53.48686981201172,4.506957401518008,51.4551386744949,0.5371973429078,53.28738784790039,4.11719346133933
Al Meezan Investment Management Limited,Meezan Daily Income Fund (Meezan Super Saver Plan) (MSSP),2026-08-07,51.1166,51.19986547626304,0.16289322111221022,53.69752883911133,5.04910115131157,51.37245941162109,0.5005407472740526,52.604248046875,2.9103032026288953,51.5589430952935,0.8653609498548459,53.468017578125,4.600105598034693,51.4159523058895,0.585626402948356,53.22967529296875,4.133833809308037
Al Meezan Investment Management Limited,Meezan Dedicated Equity Fund,2026-08-07,97.4945,97.84844641484928,0.36304244326528723,101.75625610351562,4.371278485981899,97.36012268066406,-0.13783066668985397,97.94879150390624,0.4659662892842505,98.26668830953147,0.792032688542915,96.17618560791016,-1.3521936028082053,96.75015884267629,-0.763469895556895,96.13546752929688,-1.393958090664732
Al Meezan Investment Management Limited,Meezan Dynamic Asset Allocation Fund (Meezan Dividend Yield Plan),2026-08-07,85.9338,86.74261279280616,0.9412045002154578,87.6599349975586,2.0086799345060835,86.41316986083984,0.5578362190893905,86.63716125488281,0.8184919727543847,88.44642710041938,2.923910149928642,85.54830932617188,-0.4485902797596871,86.4459169063095,0.5959435126917476,85.4711685180664,-0.5383579940996428
Al Meezan Investment Management Limited,Meezan Energy Fund,2026-08-07,63.7744,63.771143831463135,-0.005105761146894105,66.25588989257812,3.8910438868544825,62.25478744506836,-2.3827939658101696,64.4078598022461,0.9932822609794741,63.72073429210813,-0.08414929484537138,64.23544311523438,0.7229281894214215,63.74855974370567,-0.04051822721080918,64.30653381347656,0.8344003447724518
Al Meezan Investment Management Limited,Meezan Financial Planning Fund of Funds (Aggressive),2026-08-06,185.8877,180.62668003790597,-2.830214135789525,178.5978546142578,-3.921639455295957,182.7488555908203,-1.6885702546105434,183.3096160888672,-1.386903980808202,174.68389079697707,-6.027192333340468,193.8396148681641,4.277805830167406,155.59158356891317,-16.298074822103253,185.57046508789065,-0.17065944229195468
Al Meezan Investment Management Limited,Meezan Financial Planning Fund of Funds (Conservative),2026-08-06,126.8026,126.38595131777174,-0.3285805513674455,126.2512435913086,-0.4348147504005474,126.40377807617188,-0.3145218819078814,126.54270935058594,-0.2049568773937291,123.11315756300571,-2.9095952582946123,125.86511993408205,-0.7393224318097206,124.08676458589298,-2.141782119693933,126.1751708984375,-0.4948077575400648
Al Meezan Investment Management Limited,Meezan Financial Planning Fund of Funds (MAAP I),2026-08-06,145.4158,143.8353567141567,-1.0868442671589347,141.81661987304688,-2.4750956408816065,144.0254669189453,-0.95610867667384,143.58277893066406,-1.260537760914514,145.76532223157838,0.2403605602543813,145.2821502685547,-0.09190867254129378,137.50650070971332,-5.439092100230284,144.42373657226562,-0.6822253343408111
Al Meezan Investment Management Limited,Meezan Financial Planning Fund of Funds (Moderate),2026-08-06,147.9067,147.713635294525,-0.13053141302929175,145.0630340576172,-1.922607929446613,146.64614868164062,-0.852261133781888,146.44473266601562,-0.9884388834206805,147.68622136098054,-0.14906602541971478,148.0605010986328,0.10398521407942424,141.01061974707565,-4.662452919931518,147.43048095703125,-0.32197259689300806
Al Meezan Investment Management Limited,Meezan Financial Planning Fund of Funds (Very Conservative Allocation Plan),2026-08-06,53.0515,53.18587414444133,0.2532900001721556,55.96291732788086,5.48790765177396,52.60514068603516,-0.8413698273655482,54.42749786376953,2.5937020890446716,53.11231436927847,0.11463270459548751,55.42253494262695,4.4693080169777595,52.98739592404733,-0.12083367285123006,55.106563568115234,3.873714349481612
Al Meezan Investment Management Limited,Meezan GOKP Pension Fund,2026-08-07,145.4253,144.33105292782037,-0.7524461508276944,154.56558227539062,6.285207783921115,146.0457000732422,0.4266108257931699,153.02969360351562,5.229071972700509,152.54578294595944,4.896316490981591,145.76126098632812,0.2310196274844419,151.74772432886297,4.34754085352616,146.6480255126953,0.8407928418888047
Al Meezan Investment Management Limited,Meezan Gold Fund,2026-08-06,287.4709,235.83826506080044,-17.960995335249425,285.4743347167969,-0.6945277881006728,325.9657287597656,13.390861043592814,313.5145568847656,9.059580251345668,252.0222074339155,-12.331228157731609,332.23797607421875,15.572733126803021,305.12410090188786,6.140865354332521,325.92486572265625,13.37664637452218
Al Meezan Investment Management Limited,Meezan Government Securities Fund Plan I,2026-08-07,50.6846,50.4351542478965,-0.4921529460694264,40.67147445678711,-19.75575528506271,42.51874923706055,-16.111108231966824,43.907657623291016,-13.370811600977392,51.02168102626061,0.66505610434058,46.12553024291992,-8.99498024465041,50.7543322387155,0.1375807221828632,45.11090850830078,-10.996814597923672
Al Meezan Investment Management Limited,Meezan Islamic Asaan Cash Fund,2026-08-07,50.6032,50.4351542478965,-0.3320852280162171,53.1556396484375,5.044028141377421,50.86225128173828,0.5119266800089326,52.048336029052734,2.855819452233719,51.00560459089072,0.7952156995816831,52.949501037597656,4.63666534447951,50.361203782377366,-0.4782231511497986,52.74940490722656,4.241243453430932
Al Meezan Investment Management Limited,Meezan Islamic Fund,2026-08-07,167.9478,166.08041975886738,-1.1118813352319126,162.15992736816406,-3.446233074702936,165.6782989501953,-1.3513133543902858,166.80633544921875,-0.6796543633088679,160.63804464598203,-4.3523972055709965,172.70396423339844,2.8319300600534434,152.318192777392,-9.30622921086671,166.77383422851562,-0.6990063409490186
Al Meezan Investment Management Limited,Meezan Islamic Government of Balochistan Pension Fund,2026-08-07,100.2718,100.40342564615304,0.1312688573986306,,,,,,,100.01248125333996,-0.258615828837263,,,99.94794774467408,-0.32297441087715323,,
Al Meezan Investment Management Limited,Meezan Islamic Government of Punjab Pension Fund,2026-08-07,107.9403,107.59779287952296,-0.31731162547911906,79.21548461914062,-26.61176166905166,109.40230560302734,1.3544576057573958,140.32630920410156,30.00363089976734,107.95365807181702,0.01237542587617752,98.79822540283205,-8.469565673958613,107.00582576777624,-0.8657324764001485,113.12583923339844,4.804080805221446
Al Meezan Investment Management Limited,Meezan Islamic Income Fund,2026-08-07,52.4826,52.563233496183365,0.15363853197701147,55.10953521728516,5.00534504251917,52.35557556152344,-0.24203152754734028,53.91476058959961,2.728829344582036,52.69117989472751,0.3974267561582577,54.77829360961914,4.374199467288478,52.4253219017506,-0.10913731074565307,54.52161407470703,3.885123973863782
Al Meezan Investment Management Limited,Meezan Paidaar Munafa Plan 34,2026-08-06,50.7403,50.99727743784008,0.5064562839401523,53.718223571777344,5.868951448409541,50.758975982666016,0.03680700087705017,52.03944396972656,2.5603789684463134,51.00083130261697,0.5134603118566018,53.620079040527344,5.675526239551887,50.80577781239935,0.12904498475442777,53.20158004760742,4.850740038209124
Al Meezan Investment Management Limited,Meezan Paidaar Munafa Plan 39,2026-08-06,50.8689,50.99727743784008,0.2523692036589869,53.90068054199219,5.959988405474054,50.84837341308594,-0.0403519378521237,52.168701171875,2.5551981109774413,51.00083130261697,0.25935552492186115,53.75413513183594,5.671903917395386,51.58189667973432,1.4016357336886083,53.32995223999024,4.838029208396968
Al Meezan Investment Management Limited,Meezan Paidaar Munafa Plan 43,2026-08-06,50.832,50.99727743784008,0.3251444716715496,53.7591667175293,5.758511798727762,50.82821273803711,-0.007450546826588298,52.134727478027344,2.5628098009666016,51.00083130261697,0.3321358644495049,53.695892333984375,5.6340343366075984,50.81535460520541,-0.03274589784898081,53.26633071899414,4.788972928458726
Al Meezan Investment Management Limited,Meezan Paidaar Munafa Plan 45,2026-08-03,50.0,50.31242467850297,0.6248493570059424,41.789180755615234,-16.42163848876953,42.59857177734375,-14.802856445312502,44.0312385559082,-11.937522888183594,50.42885400746326,0.8577080149265157,46.899879455566406,-6.2002410888671875,49.87181336217762,-0.2563732756447621,45.4285888671875,-9.142822265625
Al Meezan Investment Management Limited,Meezan Paidaar Munafa Plan 47,2026-08-06,50.6077,50.57236595653651,-0.06981950071529235,,,,,,,51.06331759818269,0.9002930348201778,,,49.78898637315724,-1.61776493862151,,
Al Meezan Investment Management Limited,Meezan Paidaar Munafa Plan 48,2026-08-06,50.5724,50.4351542478965,-0.27138469225012674,42.1862678527832,-16.582428651234267,42.68880462646485,-15.588730955096358,44.28300857543945,-12.436410818075766,50.99482820152229,0.8352939578155019,47.32661819458008,-6.418089324255767,50.24867634926059,-0.6401192166861966,45.714935302734375,-9.60497167875289
Al Meezan Investment Management Limited,Meezan Paidaar Munafa Plan 49,2026-08-06,50.5366,50.4351542478965,-0.20073719265542453,42.16194534301758,-16.571464358469747,42.65884017944336,-15.588226791190227,44.26329803466797,-12.413383498953296,50.99482820152229,0.9067254257751585,47.30098342895508,-6.40252128367346,50.24867634926059,-0.5697329276987535,45.690338134765625,-9.589608056803138
Al Meezan Investment Management Limited,Meezan Paidaar Munafa Plan 50,2026-08-06,50.123,50.57236595653651,0.896526457986375,,,,,,,50.93113006462009,1.61229388627994,,,49.74497948144552,-0.7541857401880948,,
Al Meezan Investment Management Limited,Meezan Paidaar Munafa Plan 51,2026-08-05,50.0,50.533792244518544,1.0675844890370882,,,,,,,48.3069811329181,-3.386037734163807,,,47.84124431121237,-4.317511377575258,,
Al Meezan Investment Management Limited,Meezan Paidaar Munafa Plan 52,2026-08-05,50.0,50.533792244518544,1.0675844890370882,,,,,,,48.3069811329181,-3.386037734163807,,,47.84124431121237,-4.317511377575258,,
Al Meezan Investment Management Limited,Meezan Pakistan ETF,2026-08-07,18.1412,18.53487794886424,2.170076670034161,19.6359977722168,8.239795450228204,17.580528259277344,-3.090598972078239,14.556435585021973,-19.760348901825836,17.25038952568262,-4.910427503789055,18.061084747314453,-0.44162046990027226,17.35072989127337,-4.357319850542578,14.591144561767578,-19.569022105662377
Al Meezan Investment Management Limited,Meezan Rozana Amdani Fund,2026-08-07,50.0,50.17211721827624,0.3442344365524832,52.23459243774414,4.469184875488281,50.43982696533203,0.8796539306640625,51.390899658203125,2.78179931640625,50.12910790527614,0.2582158105522865,52.30246353149414,4.604927062988281,49.97795326357729,-0.04409347284541809,52.15361404418945,4.307228088378906
Al Meezan Investment Management Limited,Meezan Sovereign Fund,2026-08-07,53.0592,53.18587414444133,0.23874115034024507,55.629005432128906,4.843279642604694,52.74282455444336,-0.5962687819579595,54.43824005126953,2.599059260730532,53.12839080464836,0.1304030302913815,55.2841796875,4.193390943512158,52.90505700830118,-0.2905113377111213,55.04033660888672,3.7338229918406642
Al Meezan Investment Management Limited,Meezan Strategic Allocation Fund (MSAP I),2026-08-06,96.1,96.32427456359272,0.23337623682906267,96.3385238647461,0.24820381347148746,95.79216003417967,-0.320332950905641,95.4451904296875,-0.6813835279006184,95.7009812177627,-0.415212052276058,94.52394104003906,-1.6400197294078374,94.88957616364286,-1.259546135647385,94.5277862548828,-1.6360184652624308
Al Meezan Investment Management Limited,Meezan Strategic Allocation Fund (MSAP II),2026-08-06,82.7515,83.38907405506657,0.7704682755799951,83.66134643554688,1.0994923784425443,82.46306610107422,-0.34855428472689226,82.01475524902344,-0.890309844506209,84.86205758012808,2.55047652323896,81.66637420654297,-1.3113064940901666,83.83571355621942,1.3102041125773243,81.38259887695312,-1.65423118982359
Al Meezan Investment Management Limited,Meezan Strategic Allocation Fund (MSAP III),2026-08-06,91.1581,91.21466807667862,0.06205490974319983,91.72142791748048,0.6179680329893651,90.84343719482422,-0.345183593312921,90.48746490478516,-0.7356834940777048,91.4987908296336,0.3737362117393861,89.77304077148438,-1.5194033536412337,90.4493117118203,-0.7775373644028389,89.58583068847656,-1.7247719199099607
Al Meezan Investment Management Limited,Meezan Strategic Allocation Fund (MSAP IV),2026-08-06,96.7566,96.32427456359272,-0.4468175157118815,96.8299331665039,0.0757913842610223,96.37854766845705,-0.3907251097526788,95.97630310058594,-0.8064534092910131,96.04062749984313,-0.7399727772130068,95.08506774902344,-1.7275640638225902,94.940081266115,-1.8774106716079364,95.06582641601562,-1.7474503899314164
Al Meezan Investment Management Limited,Meezan Strategic Allocation Fund (MSAP V),2026-08-06,106.1683,105.80170463300388,-0.3452964462990578,105.54136657714844,-0.5905090529391208,105.88140106201172,-0.2702303210923443,105.58209991455078,-0.5521422924255365,106.1681034433528,-0.00018513685082707738,104.42369842529295,-1.6432415087244003,105.8614419166238,-0.2890298548400968,104.72772979736328,-1.3568741353461633
Al Meezan Investment Management Limited,Meezan Tahaffuz Pension Fund,2026-08-07,532.045,471.527066887475,-11.374589200636223,789.3709106445312,48.36544101429979,840.2928466796875,57.93642392648884,807.5093994140625,51.77464301216299,475.155181546308,-10.692670442103957,823.5548095703125,54.79044245699378,419.6309262715982,-21.12867778635299,1145.1558837890625,115.23665926548743
Alfalah Asset Management Limited,Alfalah Asset Allocation Fund,2026-08-07,64.1158,64.44227026798515,0.5091884808193271,71.31703186035156,11.231602600843429,68.36380004882812,6.625512040445776,69.51364135742188,8.418894184306962,65.64886064578667,2.3910808970435937,68.7994384765625,7.3049676937081145,65.51911132100278,2.188713735152317,70.21913146972656,9.519231561840561
Alfalah Asset Management Limited,Alfalah Balochistan Islamic Pension Fund,2026-08-05,100.1076,100.1629926910952,0.055333152622970644,,,,,,,100.02284995639222,-0.08465895057696289,,,99.97393772152232,-0.13351861245068947,,
Alfalah Asset Management Limited,Alfalah Balochistan Pension Fund,2026-08-06,100.1317,100.2207860060949,0.08896883414033954,,,,,,,100.02284995639222,-0.10870687665122407,,,99.97398565784523,-0.15750690556013908,,
Alfalah Asset Management Limited,Alfalah Cash Fund - II,2026-08-08,104.1465,104.357899997196,0.20298329487404473,105.8460922241211,1.631924475734749,104.66067504882812,0.49370362789735783,105.0093002319336,0.8284486103072024,103.90996406230646,-0.2271184703216583,103.45962524414062,-0.65952745013935,104.17455288951874,0.026935988745404867,104.06306457519533,-0.08011351778953346
Alfalah Asset Management Limited,Alfalah Consumer Index Exchange Traded Fund,2026-08-07,17.69,17.51039449625966,-1.0152939725287766,16.467466354370117,-6.910874198020825,17.561355590820312,-0.7272154278105639,17.870466232299805,1.020159594685152,16.969138924108254,-4.074963685086192,18.40480232238769,4.040714089246413,16.43690215178477,-7.083650922641209,17.617347717285156,-0.41069690624559085
Alfalah Asset Management Limited,Alfalah Financial Sector Income Fund,2026-08-07,101.793,101.62934344871164,-0.16077387569711982,103.5059814453125,1.6828086855800433,102.4276885986328,0.6235090808138004,102.66046905517578,0.8521893010086891,101.71347762021875,-0.0781216584453278,101.2370376586914,-0.5461695217830304,101.81360540375331,0.02024245650811734,101.80984497070312,0.016548260394249736
Alfalah Asset Management Limited,Alfalah Financial Sector Opportunity Fund,2026-08-07,116.1749,115.63437103309124,-0.46527172987345145,116.2295379638672,0.0470307819220915,116.14108276367188,-0.02910890074200093,116.73403930664062,0.48129097304205226,115.55817722693604,-0.5308571585290414,115.58883666992188,-0.5044663951319251,115.98790531081784,-0.16095962999077856,115.93982696533205,-0.20234408178354224
Alfalah Asset Management Limited,Alfalah Financial Value Fund (Alfalah Financial Value Plan I),2026-08-07,155.0154,153.19455387853,-1.1746227287546902,153.59771728515625,-0.9145431452899193,153.83372497558594,-0.7622952457717505,154.4910125732422,-0.3382808590358197,152.32459649145972,-1.7358298004845223,155.6584014892578,0.4147984582549946,145.0653479622442,-6.418750677517069,154.66363525390625,-0.22692245163625654
Alfalah Asset Management Limited,Alfalah Financial Value Fund - II,2026-08-07,119.8994,118.93354745147607,-0.8055524452365289,121.76917266845705,1.5594512303289636,113.87928009033205,-5.020975842804846,117.06183624267578,-2.36662048127365,119.10778763119664,-0.6602304672111424,116.33782196044922,-2.970471945273105,120.08021597613693,0.15080640615126248,120.9821548461914,0.9030527643936551
Alfalah Asset Management Limited,Alfalah GHP Alpha Fund,2026-08-07,118.63,117.81899994205868,-0.6836382516575183,116.9072494506836,-1.452204795849618,117.8280258178711,-0.6760298256165402,117.33747863769533,-1.0895400508342483,116.39404211229402,-1.8848165621731257,116.70337677001952,-1.6240607181829878,116.5003501678812,-1.795203432621429,117.01925659179688,-1.3577875817273206
Alfalah Asset Management Limited,Alfalah GHP Cash Fund,2026-08-08,512.669,516.7161931558802,0.7894359042345496,511.2447509765625,-0.27781063872351996,515.4719848632812,0.5467435837316607,503.8598327636719,-1.718295281424878,514.1663706417451,0.2920735682760375,517.7628784179688,0.9935998505797634,510.017013154212,-0.5172902683384355,511.1722106933594,-0.2919601744284534
Alfalah Asset Management Limited,Alfalah GHP Dedicated Equity Fund,2026-08-07,212.5599,256.7471301377131,20.788130845805394,205.36004638671875,-3.3872116110711614,209.17184448242188,-1.5939297664226055,207.1524200439453,-2.5439793470239147,282.32823336623835,32.82290468062807,219.57997131347656,3.3026320173638415,312.1377873391324,46.84697694115042,210.74343872070312,-0.8545644212746025
Alfalah Asset Management Limited,Alfalah GHP Income Fund,2026-08-07,115.9025,115.63437103309124,-0.23134010647635886,115.69898986816406,-0.17558735302166983,115.88179779052734,-0.017861745408994337,115.18103790283205,-0.6224732832923862,116.79998459437616,0.7743444657157112,115.66533660888672,-0.2046231885535555,116.02408866969208,0.10490599399674155,115.71734619140624,-0.1597496245497445
Alfalah Asset Management Limited,Alfalah GHP Income Multiplier Fund,2026-08-07,55.4552,55.753552188325365,0.5380057926495031,58.069129943847656,4.713588525237775,54.110107421875,-2.4255481508046097,56.16413497924805,1.2783922504076248,55.648467729372605,0.34851146397922517,57.14422225952149,3.0457418952983555,56.65328642940228,2.1604582246611335,57.577274322509766,3.8266462342751764
Alfalah Asset Management Limited,Alfalah GHP Islamic Dedicated Equity Fund,2026-08-07,120.7687,120.73842825675344,-0.025065884824924386,120.07942962646484,-0.5707359386456522,120.05368041992188,-0.5920570313981359,120.4774169921875,-0.241190811702449,117.71174424467576,-2.5312483742263012,118.32545471191406,-2.0230782380583157,116.1848977013791,-3.795521768985586,118.56454467773438,-1.8251047848205872
Alfalah Asset Management Limited,Alfalah GHP Islamic Income Fund,2026-08-07,104.7745,104.61590391577197,-0.15136897262982613,106.53701782226562,1.6822011293450425,105.3292236328125,0.5294452684694241,105.6929168701172,0.8765652616974534,104.46244576339328,-0.29783414533758396,104.05414581298828,-0.6875281552397978,104.2507964809389,-0.49983871940319546,104.67108154296876,-0.09870575095203421
Alfalah Asset Management Limited,Alfalah GHP Islamic Pension Fund,2026-08-07,332.5607,289.35723036174835,-12.991153085211707,215.19552612304688,-35.291353992505165,209.25521850585935,-37.07758658619033,167.92239379882812,-49.506242379563155,336.97876855277667,1.3284998957413412,240.65753173828125,-27.635005658130606,302.74273926841335,-8.96617090702138,182.58566284179688,-45.09704158013954
Alfalah Asset Management Limited,Alfalah GHP Islamic Prosperity Planning Fund (Alfalah GHP Islamic Active Allocation Plan II),2026-08-06,104.977,104.33115042988712,-0.6152295932565103,104.8454360961914,-0.12532640845956505,104.73606872558594,-0.22950862990375637,104.4306869506836,-0.520412137245692,104.67920891280735,-0.2836726970599747,103.2458267211914,-1.6490976869300873,104.3661753096884,-0.5818652564958062,103.6155014038086,-1.2969494233893235
Alfalah Asset Management Limited,Alfalah GHP Islamic Prosperity Planning Fund (Alfalah GHP Islamic Balance Allocation Plan),2026-08-06,103.7914,103.43670105564983,-0.3417421331152307,107.5463638305664,3.617798613918312,104.25236511230467,0.44412650017696786,104.66981506347656,0.8463274061979765,103.57997461969134,-0.20370221454634402,103.07020568847656,-0.6948497770753969,103.49801320976938,-0.28266965300652397,103.64298248291016,-0.14299596796058212
Alfalah Asset Management Limited,Alfalah GHP Islamic Prosperity Planning Fund (Alfalah GHP Islamic Moderate Allocation Plan),2026-08-06,113.6717,113.1847780224301,-0.4283581380149206,117.40654754638672,3.2856441369194944,113.39959716796876,-0.2393760558091742,113.9937515258789,0.2833172424437261,113.02646699863892,-0.567628531429615,112.5743179321289,-0.9653960201801284,113.16832658298084,-0.4428309042788682,113.1959991455078,-0.41848661935398435
Alfalah Asset Management Limited,Alfalah GHP Islamic Stock Fund,2026-08-07,74.0476,73.94681805563297,-0.13610426856107233,75.58888244628906,2.0814752217344785,73.62093353271484,-0.5762056667402575,73.9781723022461,-0.09376090211419276,73.22372789304502,-1.1126249965629942,73.56684875488281,-0.6492462215077737,74.37932525651135,0.44798920763312755,73.72666931152344,-0.4334113306529384
Alfalah Asset Management Limited,Alfalah GHP Islamic Value Fund,2026-08-07,143.2871,143.5354827155594,0.17334618089094356,142.8274688720703,-0.32077634897328294,142.5250244140625,-0.5318521946061505,142.8478240966797,-0.3065704472491396,143.69208731281608,0.28264045599085713,142.83193969726562,-0.31765616216280773,139.35620178271918,-2.7433720253119973,142.78916931152344,-0.3475055943462963
Alfalah Asset Management Limited,Alfalah GHP Money Market Fund,2026-08-07,100.477,100.23909491925292,-0.23677566084485333,102.48112487792967,1.9946105854371343,101.11729431152344,0.6372546070478156,101.39691162109376,0.9155444739530045,100.1432681803268,-0.3321474762116745,99.93744659423828,-0.5369919541404725,100.81719330263316,0.33857828421743624,100.5727996826172,0.0953448875038047
Alfalah Asset Management Limited,Alfalah GHP Pension Fund,2026-08-07,346.3762,335.8504940335976,-3.0388075065210516,348.1106872558594,0.5007524350285592,362.0528564453125,4.525904622001314,348.4831848144531,0.6082937610762928,347.8615647167655,0.42882990135162363,364.6258239746094,5.268729195195684,352.448973264584,1.7532305235128867,352.7840576171875,1.849970528341011
Alfalah Asset Management Limited,Alfalah GHP Prosperity Planning Fund (Alfalah GHP Active Allocation Plan),2026-08-06,125.6961,124.01255533524026,-1.339377009119405,122.75426483154295,-2.3404347218863966,124.49032592773438,-0.9592772347476384,124.10614776611328,-1.2649177133472875,122.45234082144924,-2.58063629543857,123.62777709960938,-1.645494888378101,121.91316671942332,-3.009586837281893,123.86402893066406,-1.4575401061257578
Alfalah Asset Management Limited,Alfalah GHP Prosperity Planning Fund (Alfalah GHP Conservative Allocation Plan),2026-08-06,115.8589,115.55231281320712,-0.264621178686214,122.06651306152344,5.357907818495974,115.63640594482422,-0.19203881201684703,116.08307647705078,0.19349094204310216,115.84354410191057,-0.013253965029392498,114.99301147460938,-0.7473647043003433,114.91850606384408,-0.8116717284178669,115.36412048339844,-0.4270535251081859
Alfalah Asset Management Limited,Alfalah GHP Prosperity Planning Fund (Alfalah GHP Moderate Allocation Plan),2026-08-06,100.8644,100.66426514295549,-0.19841971701067707,101.80599975585938,0.9335303197752345,101.11695861816406,0.2503942106075673,101.03681182861328,0.17093427275954434,99.5919929125651,-1.2615026584552127,99.02240753173828,-1.826206737225148,100.3524125561776,-0.5075997515698362,100.36637115478516,-0.4937607770579581
Alfalah Asset Management Limited,Alfalah GHP Sovereign Fund,2026-08-07,109.4667,109.0817236739285,-0.3516835038157808,111.12154388427734,1.5117326860838416,109.82240295410156,0.324941698344391,110.22928619384766,0.6966376019809251,109.4965484350271,0.0272671369714179,108.72631072998048,-0.6763602721371157,109.35909058405936,-0.09830333420176526,109.29872131347656,-0.1534518593539775
Alfalah Asset Management Limited,Alfalah GHP Stock Fund,2026-08-07,203.3768,209.96375961266008,3.2387959750866773,199.1855010986328,-2.0608539918846156,201.2657165527344,-1.0380158637885932,203.9628448486328,0.28815717851436823,225.19523749377305,10.728085747131948,223.2792205810547,9.785983741043562,311.43546421369695,53.132247244374454,204.99050903320312,0.7934577755196867
Alfalah Asset Management Limited,Alfalah GHP Value Fund,2026-08-07,91.3936,91.87503356772136,0.5267694540113897,94.2353286743164,3.1093300562800894,91.61105346679688,0.23793073781628976,91.34308624267578,-0.05527056306374313,91.74560784009388,0.38515589723336835,90.66283416748048,-0.799580969038886,91.04190855078625,-0.38480971229250205,90.89940643310548,-0.5407310434149911
Alfalah Asset Management Limited,Alfalah GOPB Islamic Pension Fund,2026-08-07,102.5442,102.49925389981225,-0.04383095307950915,106.3888931274414,3.7493033515707395,103.7850341796875,1.2100481350359127,116.98372650146484,14.081270809528807,102.449281124979,-0.09256386516351815,92.5749969482422,-9.721859502300278,102.5376160058902,-0.006420640182285658,108.65332794189452,5.9575558070515084
Alfalah Asset Management Limited,Alfalah GOPB Pension Fund,2026-08-07,104.7458,104.61590391577197,-0.12401078060221656,107.8831558227539,2.995209185240748,105.75526428222656,0.9637276933553037,114.31187438964844,9.132656764899819,104.45177488838046,-0.28070348559994474,96.61930084228516,-7.758305495508981,104.08448552999052,-0.6313517773595565,110.31372833251952,5.315657842624252
Alfalah Asset Management Limited,Alfalah Government Securities Fund - II,2026-08-07,138.8281,139.1979931484712,0.26643968221937203,138.9928741455078,0.11868933271276219,138.2710723876953,-0.4012354936102228,138.5535430908203,-0.19776753350344328,140.004869948932,0.8476453606524837,138.26498413085938,-0.4056209579621353,137.47185038226746,-0.9769273063108579,138.1754913330078,-0.4700839865936318
Alfalah Asset Management Limited,Alfalah Government Securities Fund Plan I,2026-08-07,101.8595,101.80123507261824,-0.05720126977037644,104.2344970703125,2.3316402204139064,102.64735412597656,0.7734714248318179,102.82855987548828,0.9513691658493162,101.81455308758656,-0.044126382333937175,101.33416748046876,-0.5157422916185853,101.7720896327072,-0.08581464398783635,102.42715454101562,0.5572917018202799
Alfalah Asset Management Limited,Alfalah Government Securities Fund Plan II,2026-08-07,107.2869,107.1720786218606,-0.10702273822749683,108.77857971191406,1.390365190823912,107.69355010986328,0.3790305338892991,107.82383728027344,0.5004686315602693,107.31211192368023,0.02349953599202839,106.51918029785156,-0.7155763678030033,106.83774029485062,-0.4186528878636479,107.10504913330078,-0.16949960032326553
Alfalah Asset Management Limited,Alfalah Income & Growth Fund,2026-08-07,119.5931,119.56848869199956,-0.020579203984548326,120.04203033447266,0.3753814680551381,119.48909759521484,-0.08696354955692517,120.21553802490234,0.5204631579098935,118.41096631475658,-0.9884631180590088,118.90565490722656,-0.5748200295614415,119.57457202905964,-0.015492508297191671,119.33856201171876,-0.21283668395688599
Alfalah Asset Management Limited,Alfalah Islamic Amdani Fund,2026-08-08,101.6034,101.53049657116888,-0.07175294215657275,103.10261535644533,1.475556286940529,102.16727447509766,0.5549759900728349,102.40908813476562,0.7929735961253576,101.56259356707352,-0.04016246791590954,100.909912109375,-0.6825439804425772,101.54453628179044,-0.05793479175849535,101.42483520507812,-0.1757468696144701
Alfalah Asset Management Limited,Alfalah Islamic Asset Allocation Fund Plan I,2026-08-06,101.6919,101.54781591630112,-0.1416868833199945,85.88155364990234,-15.54730155508714,93.77210235595705,-7.78803193178902,86.63141632080078,-14.809914731851034,101.55395269034597,-0.13565220991449467,91.8068389892578,-9.720598209633417,101.7524519594308,0.05954452560213388,90.92929077148438,-10.5835462101855
Alfalah Asset Management Limited,Alfalah Islamic Income Growth Fund,2026-08-07,101.4533,101.33353224493244,-0.11805210384241462,105.33963012695312,3.8306591574183653,96.94695281982422,-4.441794579551163,99.87586212158205,-1.5548413688051086,102.88669249525744,1.4128594094597577,97.4936981201172,-3.902881305864666,103.03930037616414,1.5632812103343476,104.57365417480467,3.0756556709389193
Alfalah Asset Management Limited,Alfalah Islamic KPK Employee Pension Fund,2026-08-07,135.1947,134.2212487188012,-0.7200365703676292,134.455810546875,-0.5465372926046743,134.47914123535156,-0.5292801897178284,134.98480224609375,-0.15525590419318333,134.0932500906098,-0.8147138233896724,134.67515563964844,-0.38429343779865194,134.28050516094672,-0.6762061227646456,135.30455017089844,0.0812533116301348
Alfalah Asset Management Limited,Alfalah Islamic Money Market Fund,2026-08-08,101.7581,101.62934344871164,-0.12653199233118712,102.8545150756836,1.0774720397527027,102.37322998046876,0.6045022268190594,102.72025299072266,0.9455296342233762,101.74325860034878,-0.0145849810985244,101.17662048339844,-0.5714331503846488,101.79667021074256,0.03790382361950837,101.69210815429688,-0.06485168817334824
Alfalah Asset Management Limited,Alfalah Islamic Sovereign Fund (Alfalah Islamic Sovereign Plan I),2026-08-07,100.2204,100.03573261916532,-0.18426126899781098,101.75202941894533,1.5282611314116974,100.83451080322266,0.6127602795664938,100.82947540283205,0.6077359527920938,99.718693822796,-0.5006028485258486,99.57533264160156,-0.6436487565390234,100.27123365526124,0.050721864272387056,100.03101348876952,-0.1889700213035279
Alfalah Asset Management Limited,Alfalah Islamic Sovereign Fund (Alfalah Islamic Sovereign Plan II),2026-08-07,111.7673,111.59488256146614,-0.15426465391386382,112.99520111083984,1.098622862715515,111.97074127197266,0.1820221764081716,112.4195785522461,0.5836041062511914,111.28018736339938,-0.4358275064358072,110.93196105957033,-0.7473911783049954,111.4614173082497,-0.2736781614571637,111.48623657226562,-0.2514719669656338
Alfalah Asset Management Limited,Alfalah Islamic Sovereign Fund (Alfalah Islamic Sovereign Plan III),2026-08-07,101.9616,101.8117463251304,-0.1469706976642226,103.83072662353516,1.833167215437137,102.59783935546876,0.6239989912562768,102.7988052368164,0.8210985673198556,101.8074659384092,-0.15116873567187036,101.32706451416016,-0.6223279017197141,101.70798849657048,-0.24873236927384917,101.86894989013672,-0.09086765004009889
Alfalah Asset Management Limited,Alfalah Islamic Stable Return Fund Plan XIX,2026-08-06,100.4943,100.5031444184135,0.008800915488244417,,,,,,,100.39876552326072,-0.09506457255712465,,,100.23779679250929,-0.2552415485163929,,
Alfalah Asset Management Limited,Alfalah KPK Employee Pension Fund,2026-08-07,140.6017,139.1979931484712,-0.9983569555195958,139.44003295898438,-0.8262112342991721,139.71493530273438,-0.6306927279439857,140.12574768066406,-0.3385110701619763,139.91101571354017,-0.49123466249684566,140.3388671875,-0.18693430627083024,140.7026395219704,0.07179111061275749,140.92320251464844,0.2286618971523414
Alfalah Asset Management Limited,Alfalah KTrade Islamic Plan VII,2026-08-06,127.0976,126.38595131777174,-0.559922990070826,127.00365447998048,-0.07391604563698838,126.74439239501952,-0.2779026551095244,127.41693115234376,0.25124876657290485,122.98337918931354,-3.237056254946168,126.6698226928711,-0.33657386695650127,124.806365074358,-1.8027365785364962,127.01248931884766,-0.06696482164285057
Alfalah Asset Management Limited,Alfalah MTS Fund,2026-08-07,105.0472,105.00621929994712,-0.039011701456949203,106.6814956665039,1.5557727064632874,105.53829956054688,0.46750371313740047,105.88803100585938,0.8004316210802109,104.72734840534686,-0.30448369366641315,104.3843765258789,-0.6309768124434515,104.6035751787299,-0.4223099913849259,105.0085906982422,-0.0367542416721264
Alfalah Asset Management Limited,Alfalah Money Market Fund - II,2026-08-08,104.9902,104.85770470182656,-0.12619777671957802,106.48824310302734,1.4268408889852027,105.4463119506836,0.4344328810532719,105.7984848022461,0.7698669040025566,104.67017954380523,-0.3048098357701658,104.27423858642578,-0.6819316598827513,104.69798015588376,-0.2783305909658677,104.88613891601562,-0.0991150450083689
Alfalah Asset Management Limited,Alfalah Pension Fund - II,2026-08-07,0.0002,19.05458990658455,9527194.953292275,48.84860610961914,24424203.05480957,40.71076583862305,20355282.919311523,35.165428161621094,17582614.080810547,13.823518569646325,6911659.2848231625,34.382511138916016,17191155.569458008,12.778963664976695,6389381.832488348,43.68499374389648,21842396.871948235
Alfalah Asset Management Limited,Alfalah Savings Growth Fund,2026-08-07,105.9341,105.72864803116182,-0.19394318622443196,106.6711654663086,0.6957773429977627,106.37613677978516,0.4172752492211247,106.62843322753906,0.6554388318200293,105.30495365035118,-0.5939035208198498,105.2861557006836,-0.6116484676005243,105.78483781703702,-0.14090097802594767,105.87702178955078,-0.05388086598103875
Alfalah Asset Management Limited,Alfalah Special Savings Fund - I,2026-08-07,149.4263,147.5752413154068,-1.2387770322849445,148.309326171875,-0.7475081884012371,148.45431518554688,-0.6504777368195042,148.75653076171875,-0.44822714494118354,149.034474212295,-0.2622200962648398,149.40103149414062,-0.016910347013459264,142.005259478672,-4.966354999975236,148.979736328125,-0.2988521243415635
Alfalah Asset Management Limited,Alfalah Special Savings Fund - II,2026-08-07,118.692,118.27064519803908,-0.35499848512192594,119.3537368774414,0.5575244139802289,118.64119720458984,-0.04280220689696805,118.84798431396484,0.13141939976144196,117.63545080343968,-0.8901604122942672,117.82447052001952,-0.730908131955377,117.11288903322058,-1.330427465018207,118.12078857421876,-0.48125520319922904
Alfalah Asset Management Limited,Alfalah Stable Return Fund Plan XX,2026-08-07,101.3334,102.04918214372816,0.7063634929136521,87.03462219238281,-14.110626711052019,96.25725555419922,-5.009349775889074,90.14496612548828,-11.041210375366578,100.81704467664836,-0.5095608391227695,93.52869415283205,-7.702007282068846,99.6904362920633,-1.621344697737075,93.62896728515624,-7.603053598165818
Alfalah Asset Management Limited,Alfalah Stable Return Fund Plan XXII,2026-08-07,101.4673,101.33353224493244,-0.13183336411587993,102.68677520751952,1.2018406003900002,102.1193618774414,0.6426325303239682,102.712890625,1.2275783676120342,101.5465902066026,0.07814360547940798,100.9164047241211,-0.5429288804165487,101.64594784488482,0.17606445119247427,101.4684829711914,0.0011658644621585009
Alfalah Asset Management Limited,Alfalah Stable Return Fund Plan XXVI,2026-08-07,101.4718,101.33353224493244,-0.13626224731162698,102.69110107421876,1.2016156944281686,102.0819091796875,0.6012598374006356,102.66355895996094,1.174473065384605,101.5349929001765,0.06227631733792347,100.88800048828124,-0.5753317786013118,101.75855935133288,0.2826000438869476,101.43839263916016,-0.03292280302492468
Alfalah Asset Management Limited,Alfalah Stable Return Fund Plan XXVII,2026-08-07,101.135,101.0237614293643,-0.10999018206922032,102.36516571044922,1.2163600241748294,101.67925262451172,0.5381446823668499,102.23772430419922,1.0903488448106131,101.14012602622292,0.005068498761962421,100.4991683959961,-0.6286959054767502,101.33075166873611,0.19355482151194722,101.04044342041016,-0.09349540672353672
Alfalah Asset Management Limited,Alfalah Stable Return Fund Plan XXVIII,2026-08-07,103.09,102.42101213349406,-0.6489357517760636,,,,,,,102.90676327644692,-0.17774442094585277,,,102.73856072367764,-0.34090530247586265,,
Alfalah Asset Management Limited,Alfalah Stable Return Fund Plan XXX,2026-08-06,101.1583,101.0415150703409,-0.11544769896201315,84.8956069946289,-16.07647914740668,93.61865997314452,-7.453308356166009,86.771484375,-14.222081257791006,101.13083219705403,-0.027153286429253583,91.08203125,-9.960891740964406,101.0454635033482,-0.1115444769749936,90.22545623779295,-10.807658652040459
Alfalah Asset Management Limited,Alfalah Stable Return Fund Plan XXXI,2026-08-06,100.121,100.0338807317508,-0.08701398133178512,,,,,,,99.44443672606012,-0.6757456217375744,,,99.97938715181336,-0.14144170372513204,,
Alfalah Asset Management Limited,Alfalah Stock Fund - II,2026-08-07,83.0633,83.74222415882598,0.8173575560156875,84.15593719482422,1.3154271439061784,82.85676574707031,-0.24864681866683075,82.55760955810547,-0.6088012899734653,84.58607831394063,1.8332745194816895,82.38323974609375,-0.818725302156606,83.92040217802571,1.0318662731022157,82.28844451904297,-0.9328493822867974
Alfalah Asset Management Limited,Alfalah Strategic Allocation Capital Preservation Plan II,2026-08-06,100.3854,100.32189811374252,-0.06325808958024162,101.82498931884766,1.4340624421954309,100.8211669921875,0.43409399393487086,100.80690002441406,0.41988179995702396,99.17502284497476,-1.205730270562494,99.58922576904295,-0.793117555896624,99.97465889489686,-0.40916418632902984,99.99493408203124,-0.3889668397683013
Alfalah Asset Management Limited,Alfalah Strategic Allocation Fund Plan - I,2026-08-06,101.1413,101.0237614293643,-0.11621224033673874,102.35041809082033,1.1954741444101724,102.00855255126952,0.8574662885186525,102.23065948486328,1.0770669201041316,101.09843344643517,-0.04238283823209207,99.6339874267578,-1.4903037366952994,101.33452879520786,0.191048360272073,101.95694732666016,0.8064433882698315
EFU Life Assurance Limited,EFU Hemayah Pension Fund,2026-08-07,102.3155,101.36230725251488,-0.9316210617991592,100.95492553710938,-1.3297833298870896,94.46907806396484,-7.668849720751163,95.1189422607422,-7.033692587396629,101.4761104703175,-0.8203933223045446,93.25238800048828,-8.85800489614156,101.6510762642898,-0.6493871756578441,93.02569580078124,-9.079566829286632
Faysal Asset Management Limited,Faysal Halal Amdani Fund,2026-08-08,103.1855,103.09700211656356,-0.08576581344902727,104.5233154296875,1.2965149460801133,103.76596069335938,0.562540951353989,104.16162109375,0.9459866878098137,103.05696771229232,-0.1245642921802822,102.54830169677734,-0.617526981235407,103.41052714038436,0.2180801957487782,103.1269760131836,-0.05671725854544574
Faysal Asset Management Limited,Faysal Halal Amdani Fund II,2026-08-07,101.1155,101.0237614293643,-0.09072651634586006,102.78693389892578,1.652994742572389,101.765869140625,0.643194308117947,101.94123840332033,0.8166289078532267,101.09048181881111,-0.0247421821470335,100.5534896850586,-0.5558102515849731,101.14235816043048,0.02656186285038249,101.07876586914062,-0.03632888217866922
Faysal Asset Management Limited,Faysal Halal Amdani Fund III,2026-08-07,101.3681,101.21788656738389,-0.1481860986011503,103.37715911865234,1.981944140861223,101.9170913696289,0.5415819864719847,102.30387115478516,0.9231416538192566,102.59661171812216,1.21193128619572,100.74925231933594,-0.6104954918401951,102.3732134835844,0.9915481138389646,101.63497161865234,0.2632698241876344
Faysal Asset Management Limited,Faysal Islamic Asset Allocation Fund,2026-08-07,90.9993,91.21466807667862,0.23667003666909,89.12545013427734,-2.0591915165530517,91.84392547607422,0.9281670035639983,91.93838500976562,1.031969487419815,91.15107682569882,0.1667890035404862,91.06095886230467,0.0677575127552279,90.9143869405477,-0.09331177212605443,91.3923797607422,0.43195910379771774
Faysal Asset Management Limited,Faysal Islamic Asset Allocation Fund II,2026-08-07,121.7644,122.24872207610788,0.3977534288411776,120.6515121459961,-0.9139681663966652,121.7631607055664,-0.0010177805939902069,121.14730834960938,-0.5067915173816155,119.35441283825128,-1.9792214816060496,120.91619873046876,-0.6965921644842259,119.16575679262904,-2.1341567875101055,120.88177490234376,-0.724863012223795
Faysal Asset Management Limited,Faysal Islamic Asset Allocation Fund III (Faysal Shariah Flex Plan I),2026-08-07,108.7516,108.24735090791766,-0.46367050423380674,110.25991821289062,1.3869388706838601,108.8150634765625,0.0583563612512402,109.62664031982422,0.804622938719267,110.49564969375773,1.6037002616584317,107.84756469726562,-0.8312845997064607,110.06510323079658,1.207801292851401,109.11038970947266,0.32991671798176764
Faysal Asset Management Limited,Faysal Islamic Asset Allocation Fund III (Faysal Shariah Flex Plan II),2026-08-07,107.5031,107.3866879101161,-0.108287193470615,108.69536590576172,1.1090525815178494,107.87103271484376,0.342253120927453,107.98250579833984,0.4459460223378119,107.36566004409848,-0.12784743500562065,106.6001205444336,-0.8399566668927777,106.53693428044274,-0.8987328919419694,107.19405364990234,-0.28747668680964517
Faysal Asset Management Limited,Faysal Islamic Asset Allocation Fund III (Faysal Shariah Flex Plan III),2026-08-07,106.5983,106.28920344238928,-0.2899638714789215,108.29120635986328,1.5881175964938339,106.76925659179688,0.16037459490149494,107.6229019165039,0.9611803532550814,107.91268026618104,1.2330217894479059,105.78164672851562,-0.766103466457129,108.32830778587274,1.622922491139862,107.06056213378906,0.4336486921358669
Faysal Asset Management Limited,Faysal Islamic Asset Allocation Fund IV (Faysal Shariah Flex Plan IV),2026-08-07,102.8434,102.26874120962722,-0.5587707041703989,,,,,,,104.23822190704826,1.3562580652217386,,,104.65822003274194,1.7646441412301952,,
Faysal Asset Management Limited,Faysal Islamic Asset Allocation Fund IV (Faysal Shariah Flex Plan V),2026-08-07,102.5229,101.86803429975063,-0.6387506598519688,,,,,,,102.00647507739052,-0.503716655117528,,,102.49211523531562,-0.03002720824750759,,
Faysal Asset Management Limited,Faysal Islamic Asset Allocation Fund IV (Faysal Shariah Flex Plan VI),2026-08-07,102.8037,102.26874120962722,-0.5203691991365911,,,,,,,102.6129815523472,-0.18551710459138435,,,102.79083468596352,-0.012514446499969299,,
Faysal Asset Management Limited,Faysal Islamic Cash Fund,2026-08-08,101.5557,101.53049657116888,-0.024817345388904184,103.36128997802734,1.777930709972303,102.23915100097656,0.6729814288873602,102.65711212158205,1.0845399338314283,101.56489704433072,0.009056157685604053,100.9607391357422,-0.5858468448918179,101.6145986959349,0.057996445236358024,101.48973846435548,-0.0649510915138379
Faysal Asset Management Limited,Faysal Islamic Dedicated Equity Fund,2026-08-07,120.9519,120.72813878629982,-0.1850001642803229,120.3201675415039,-0.5223005661722459,120.67594909667967,-0.22814929184272556,120.6041259765625,-0.2875308477481502,118.97161164778424,-1.6372527857898482,119.6338348388672,-1.0897432459786023,119.2867093399522,-1.3767379099028612,119.78350830078124,-0.9659969783184548
Faysal Asset Management Limited,Faysal Islamic Financial Growth Fund (Faysal Islamic Financial Growth Plan I),2026-08-07,101.724,101.54781591630112,-0.17319814763368063,103.1006317138672,1.3533008079383408,102.35348510742188,0.6188167073865275,102.7208023071289,0.9799086814605231,101.59255443718676,-0.1292178471287412,101.13673400878906,-0.5773131131404008,101.75435840703852,0.029843898232983255,101.65879821777344,-0.06409675418442673
Faysal Asset Management Limited,Faysal Islamic Financial Growth Fund (Faysal Islamic Financial Growth Plan II),2026-08-07,101.3686,101.21788656738389,-0.14867861706299093,103.16090393066406,1.7681056369172128,102.06732177734376,0.6892881793215685,102.50733947753906,1.1233651027429221,101.30980994106618,-0.05799632128077459,100.78825378417967,-0.5725108325658315,101.50464567322248,0.13420889034916464,101.31182861328124,-0.05600490360798602
Faysal Asset Management Limited,Faysal Islamic Financial Growth Fund II,2026-08-07,101.2131,101.17590295169089,-0.03675121926816827,103.41756439208984,2.178042557820921,101.77975463867188,0.5598629413305964,102.31127166748048,1.0850094182279624,102.49935606966358,1.2708395155010366,100.44757080078124,-0.756353870416736,102.98300137525466,1.7486880406337342,101.61428833007812,0.3963798461643086
Faysal Asset Management Limited,Faysal Islamic Financial Planning Fund II (Faysal Priority Ascend Plan I),2026-08-06,119.6678,119.55819922154592,-0.09158752684855928,119.36164855957033,-0.2558344353532638,119.44880676269533,-0.18300097211169003,119.60066986083984,-0.056097078044516545,118.47325249128578,-0.9982196620262282,118.52992248535156,-0.9508635695219911,117.58173561704604,-1.7432127798404953,118.96641540527344,-0.5861097093174289
Faysal Asset Management Limited,Faysal Islamic Financial Planning Fund II (Faysal Priority Ascend Plan II),2026-08-06,109.7158,109.26383701145492,-0.41193974664093674,111.41368103027344,1.5475264549622167,109.86231231689452,0.1335380290664749,110.68287658691406,0.8814378484357411,111.16939127156402,1.324869591767113,108.59652709960938,-1.020156532049738,111.7682696131596,1.8707147130673993,109.99412536621094,0.25367847311958347
Faysal Asset Management Limited,Faysal Islamic Financial Planning Fund II (Faysal Priority Ascend Plan III),2026-08-06,111.05,110.25667227227812,-0.7143878682772387,93.0722427368164,-16.188885423848348,102.42889404296876,-7.76326515716455,95.13037872314452,-14.335543698203946,110.62332982031845,-0.38421447967721845,100.05682373046876,-9.899303259370763,110.90192446826715,-0.13334131628351467,99.52784729003906,-10.375644043188595
Faysal Asset Management Limited,Faysal Islamic KPK Government Pension Fund,2026-08-07,136.7696,137.00772424061225,0.17410611759649147,135.9283905029297,-0.6150559020939664,136.02821350097656,-0.5420696551159282,136.51075744628906,-0.1892544496079059,134.57539546986857,-1.6043071926301091,136.35618591308594,-0.30227045111929807,138.9172650549915,1.5702795467644173,136.984130859375,0.1568556604501315
Faysal Asset Management Limited,Faysal Islamic Mustakil Munafa Fund (Faysal Islamic Mehdood Muddat Plan XXI),2026-08-07,102.8824,102.37913580489996,-0.48916451706029823,,,,,,,102.6199229016062,-0.25512342090950646,,,102.5770223441458,-0.29682205688650454,,
Faysal Asset Management Limited,Faysal Islamic Mustakil Munafa Fund (Faysal Islamic Mehdood Muddat Plan XXIX),2026-08-07,100.0,99.73021241666846,-0.2697875833315351,,,,,,,99.40122073435164,-0.5987792656483606,,,99.7262282194762,-0.273771780523802,,
Faysal Asset Management Limited,Faysal Islamic Mustakil Munafa Fund (Faysal Islamic Mehdood Muddat Plan XXV),2026-08-07,100.8927,100.68483612404204,-0.2060246935189255,78.3897476196289,-22.3038459475969,85.86341094970703,-14.896309693657692,80.19036102294922,-20.519164396483376,100.80105953268668,-0.09082963119564226,83.82844543457031,-16.913269805872666,100.98517354170252,0.09165533453115789,81.81365966796875,-18.910228720245623
Faysal Asset Management Limited,Faysal Islamic Mustakil Munafa Fund (Faysal Islamic Mehdood Muddat Plan XXVI),2026-08-07,100.7006,100.68498780298494,-0.015503578940998701,,,,,,,100.62121631486394,-0.07883139240089035,,,100.57260450301528,-0.12710499935919914,,
Faysal Asset Management Limited,Faysal Islamic Mustakil Munafa Fund (Faysal Islamic Mehdood Muddat Plan XXVII),2026-08-07,100.7138,100.68498780298494,-0.02860799315989587,,,,,,,100.62121631486394,-0.09192750659399491,,,100.58481934141356,-0.1280665197683362,,
Faysal Asset Management Limited,Faysal Islamic Mustakil Munafa Fund (Faysal Islamic Mehdood Muddat Plan XXVIII),2026-08-07,100.2843,100.40342564615304,0.11878793206218444,,,,,,,100.02284995639222,-0.260708848351916,,,99.98487638006146,-0.2985747718621329,,
Faysal Asset Management Limited,Faysal Islamic Pension Fund,2026-08-07,366.9701,366.2856942494456,-0.18650177509131946,188.98550415039065,-48.501116535000904,189.2666015625,-48.42451699402758,190.11831665039065,-48.192423129189365,418.3748948798151,14.007897340904638,195.45901489257807,-46.737073431165626,365.63836612037727,-0.3628998328808619,194.60775756835935,-46.96904255459523
Faysal Asset Management Limited,Faysal Islamic Punjab Pension Fund,2026-08-07,105.4452,105.28698075197036,-0.1500487912485713,108.04450225830078,2.465074046330019,106.5273895263672,1.0263051579087543,114.89974212646484,8.966308685900206,104.84511289147945,-0.5690985540551439,97.2793197631836,-7.7441934168804325,104.83591900887286,-0.5778176637031709,111.25237274169922,5.507289797638223
Faysal Asset Management Limited,Faysal Islamic Savings Growth Fund,2026-08-07,106.875,106.48773904380838,-0.36234943269391806,108.21353912353516,1.252434267635234,107.28797149658205,0.38640607867325893,107.66996002197266,0.7438222427814328,106.79358384189489,-0.07617886138490182,106.139892578125,-0.6878198099415205,106.69558972417757,-0.16786926392742368,106.77283477783205,-0.09559319033258905
Faysal Asset Management Limited,Faysal Islamic Sovereign Fund (Faysal Islamic Sovereign Plan I),2026-08-07,102.0296,101.9872622531134,-0.041495553140071306,103.48091888427734,1.4224488621707247,102.65072631835938,0.6087707080684164,102.8789520263672,0.8324564894571767,101.94231735688976,-0.08554639350761198,101.44037628173828,-0.5775027229957981,102.18702220922803,0.15429072467992705,101.99819946289062,-0.030775909255134855
Faysal Asset Management Limited,Faysal Islamic Sovereign Fund (Faysal Islamic Sovereign Plan II),2026-08-07,101.8184,101.80123507261824,-0.016858374696279314,103.50316619873048,1.6546775423012798,102.44053649902344,0.6110256093431449,102.65386962890624,0.8205487700712631,101.6953630243391,-0.12083962786774798,101.2165756225586,-0.5910762469665631,101.75632728323758,-0.06096414475420486,101.77207946777344,-0.04549328237976575
Faysal Asset Management Limited,Faysal Islamic Special Income Plan I,2026-08-08,10.229,10.422368844961886,1.8903983279097338,12.01462745666504,17.456520252859924,11.39737606048584,11.422192398923068,11.369674682617188,11.151380219153275,10.244273748369212,0.149318099219987,11.274236679077148,10.218366204684225,10.347994677235388,1.1633070411124107,10.677780151367188,4.387331619583422
Faysal Asset Management Limited,Faysal Islamic Stock Fund,2026-08-07,123.1661,122.58936389456282,-0.4682588028988314,121.56755828857422,-1.2978747491605087,123.04712677001952,-0.09659575969400923,122.3992919921875,-0.6225804079308349,121.1880725600499,-1.6059836594242223,122.21146392822266,-0.7750802142613462,119.19771264795776,-3.2219801975074653,122.11962890625,-0.8496421448353079
Faysal Asset Management Limited,Faysal Islamic Stock Fund II,2026-08-07,138.1171,137.63990895874068,-0.34549743750724365,136.1417236328125,-1.4302185371597678,137.42288208007812,-0.5026299566975188,137.02835083007812,-0.7882797784791808,136.8110973768691,-0.945576342922704,137.76910400390625,-0.2519572131863061,134.4601376243052,-2.6477260061895334,136.90621948242188,-0.8767057211439558
Faysal Asset Management Limited,Faysal Khushal Mustaqbil Fund (Faysal Barak’ah Women Savers Plan),2026-08-06,110.0514,109.4670943829829,-0.5309388313252662,111.7416763305664,1.535897163113241,110.18846893310548,0.12454992222314479,111.05592346191406,0.9127766315685775,111.27641889787562,1.1131334066405465,108.95671081542967,-0.9947071864331828,111.71709115380229,1.5135574411613895,110.3400650024414,0.2623001637792934
Faysal Asset Management Limited,Faysal Khushal Mustaqbil Fund (Faysal Nu’umah Women Savers Plan),2026-08-06,110.3058,109.82928513608928,-0.4319943864336439,111.95850372314452,1.4982926764907303,110.42999267578124,0.1125894339021437,111.3050537109375,0.9058940789491531,111.38105111113902,0.9747910908936888,109.20724487304688,-0.9959178274878836,112.5741846610888,2.056450940103592,110.58291625976562,0.25122546571949983
HBL Asset Management Limited,HBL Cash Fund,2026-08-08,104.8714,104.85770470182656,-0.013059135449160658,106.42515563964844,1.4815818608776496,105.36400604248048,0.4697239118391562,105.70703125,0.7968151946097848,104.651601288956,-0.20958880213670505,104.18531799316406,-0.6542126898619945,104.57707950495802,-0.28064896153000024,104.8052978515625,-0.06303162581742418
HBL Asset Management Limited,HBL Energy Fund,2026-08-07,36.2929,36.53617259474977,0.6703035435299155,37.08258056640625,2.1758541378788876,36.00533676147461,-0.792340205730029,38.18442153930664,5.211822530871431,37.70626365081017,3.894325476360855,37.54233551025391,3.442644457328872,37.80214153993616,4.158503563882069,37.963321685791016,4.6026128686079435
HBL Asset Management Limited,HBL Equity Fund,2026-08-07,252.775,228.74084237834177,-9.508122884643749,246.84329223632807,-2.346635451952107,260.8331604003906,3.187878706513943,272.5082702636719,7.80665424336737,251.895463327258,-0.347952397484722,290.3841247558594,14.878498568236322,322.4906903425215,27.580136620520808,289.5443725585937,14.546285257083843
HBL Asset Management Limited,HBL Financial Sector Income Fund Plan I,2026-08-07,103.754,103.4678002869698,-0.2758445101202846,104.58995056152344,0.8057044176835906,104.3034439086914,0.529564073376835,104.51541900634766,0.73386954367798,103.4291143459576,-0.31313072656707625,103.1527328491211,-0.5795122606154087,103.63346886038968,-0.11617011354773912,103.7523422241211,-0.0015977946671079076
HBL Asset Management Limited,HBL Financial Sector Income Fund Plan II,2026-08-07,101.6685,101.54781591630112,-0.11870351554205685,103.63971710205078,1.9388671044136452,102.2884521484375,0.6097780024663544,102.34430694580078,0.6647161567258165,101.56324651951483,-0.10352614672702004,101.09806060791016,-0.5610778088491896,101.68066809654024,0.011968403724113582,101.63737487792967,-0.030614322105982927
HBL Asset Management Limited,HBL Government Securities Fund,2026-08-07,115.7684,115.55231281320712,-0.18665472338986822,117.08649444580078,1.1385615122959127,115.91887664794922,0.12998076154565408,116.4372787475586,0.5777731639709921,115.47680988909484,-0.251873664061317,115.20492553710938,-0.4867256201956879,114.67045231026108,-0.9484001590580126,115.62399291992188,-0.1247379078212403
HBL Asset Management Limited,HBL Growth Fund-Class A,2026-08-07,39.2226,39.49908692655233,0.7049173857733302,8.980325698852539,-77.10420599640887,23.242847442626957,-40.74118635014773,0.5590962767601013,-98.5745558000742,40.16397684007715,2.4000878067164018,11.009482383728027,-71.93076852700221,40.1709962534057,2.417984155577899,11.25271987915039,-71.31062224546463
HBL Asset Management Limited,HBL Growth Fund-Class B,2026-08-07,47.7573,47.85644592069199,0.2076036976378239,48.944862365722656,2.4866614438476535,46.76359939575195,-2.080730284685373,49.00576019287109,2.614176665915129,46.36029645794799,-2.9252146625793585,48.93160629272461,2.4589042779315595,48.63118569040018,1.8298473540174574,49.202247619628906,3.0256057600176423
HBL Asset Management Limited,HBL Income Fund,2026-08-07,114.8077,114.70838090852727,-0.0865090856037724,116.08474731445312,1.1123359447607852,114.85184478759766,0.038451068698057075,115.398193359375,0.5143325398688442,114.334738059973,-0.41196012116521025,114.1007843017578,-0.6157389253875818,114.19989613968583,-0.5294103621221953,114.50760650634766,-0.26138795015695004
HBL Asset Management Limited,HBL Investment Fund-Class A,2026-08-07,14.129,14.329848612224252,1.4215345192458937,17.87762451171875,26.531421273400458,11.148303031921388,-21.096305245088903,9.747559547424316,-31.010265783676715,13.824677581275417,-2.1538850500713638,8.948628425598145,-36.6648140307301,14.004752080574828,-0.8793822593613921,10.80552101135254,-23.522393578083793
HBL Asset Management Limited,HBL Investment Fund-Class B,2026-08-07,22.6274,23.41695809716761,3.4893894003182284,22.23971176147461,-1.7133574273906507,23.78284454345703,5.1063955357532445,22.185604095458984,-1.952481966735096,20.264974894840343,-10.44055041745697,22.670372009277344,0.18991138742118951,20.04372702165529,-11.418337848558437,21.915590286254883,-3.1457865850478566
HBL Asset Management Limited,HBL Islamic Asset Allocation Fund,2026-08-07,332.229,324.4925195889106,-2.3286589704960616,331.25341796875,-0.2936474634213103,360.25909423828125,8.43697998617859,355.6534423828125,7.050691656301081,306.4916276081865,-7.746877121447405,375.9920349121094,13.172551135544877,338.43833443959284,1.86899230337895,365.9646606445313,10.154339520189785
HBL Asset Management Limited,HBL Islamic Equity Fund,2026-08-07,214.7068,216.42334874434025,0.7994850392909113,210.7338104248047,-1.8504255921076092,211.94476318359372,-1.2864226081364287,214.68397521972656,-0.010630674144193148,226.90849317560756,5.682956094361042,231.1319274902344,7.6500266830088375,317.51873489200653,47.88480611327007,218.4480438232422,1.7424896758007669
HBL Asset Management Limited,HBL Islamic Fixed Term Fund Plan IV,2026-06-02,102.7672,102.75619203126595,-0.01071155848758042,103.72126007080078,0.9283702103402434,103.2446746826172,0.4646177794249519,103.76934814453124,0.9751634223090959,102.68480394504886,-0.08017738631698332,101.98895263671876,-0.7572915903919133,102.69307605628008,-0.072128017227214,102.59193420410156,-0.17054643495049007
HBL Asset Management Limited,HBL Islamic Fixed Term Fund Plan VII,2026-06-23,102.4219,102.21871388836914,-0.1983815098439457,86.0313949584961,-16.00293007794612,94.86424255371094,-7.3789467353066645,87.900390625,-14.178129262394073,102.39830888819571,-0.02303326906089353,92.23915100097656,-9.941964559360285,102.29071700259428,-0.12808100358001187,91.50733184814452,-10.656478889627587
HBL Asset Management Limited,HBL Islamic Fixed Term Fund Plan VIII,2026-05-29,100.49,100.40342564615304,-0.08615220802762055,,,,,,,100.4238781209452,-0.06579946169249737,,,100.29289809988116,-0.19614081014910748,,
HBL Asset Management Limited,HBL Islamic Fixed Term Fund Plan X,2026-08-05,101.1312,101.0237614293643,-0.10623681973091165,84.88571166992188,-16.063774908315267,93.5995101928711,-7.447444317014841,86.75057220458984,-14.219773715144449,101.13083219705403,-0.0003636888971687218,91.06338500976562,-9.955201748060324,100.98997874883598,-0.13964162510088507,90.19037628173828,-10.818445463182208
HBL Asset Management Limited,HBL Islamic Income Fund,2026-08-07,106.1522,105.82979292617776,-0.303721518557537,107.16991424560548,0.9587311856047162,106.57662963867188,0.3998312222185519,106.52703094482422,0.353107090408136,105.8819378186496,-0.2545987566441295,105.38671875,-0.7211167078967685,106.39303775975996,0.22687966877744367,105.86099243164062,-0.2743302242999848
HBL Asset Management Limited,HBL Islamic Money Market Fund,2026-08-08,103.1309,103.09700211656356,-0.032868794354008635,104.50078582763672,1.328298141135898,103.69383239746094,0.5458426111484924,104.09611511230467,0.935912623961079,103.06626154146122,-0.06267613153650428,102.4694595336914,-0.6413601222413366,102.9770375714605,-0.1491913951487841,103.0392608642578,-0.08885710853119543
HBL Asset Management Limited,HBL Islamic Pension Fund,2026-08-07,344.8521,302.3561154416791,-12.322959482723437,786.2866821289062,128.00692880481407,838.3916625976562,143.11629901562327,807.6279907226562,134.19546835372503,329.67197698149005,-4.401922742680111,826.6624145507812,139.71505887619105,328.95634430086807,-4.609441467554333,1082.3648681640625,213.8634992114192
HBL Asset Management Limited,HBL Islamic Punjab Pension Fund,2026-08-06,103.2196,103.09700211656356,-0.11877384085623387,106.82353973388672,3.491526545236291,104.38652801513672,1.1305294877491474,116.03518676757812,12.415846183843113,103.0132783509352,-0.19988611568423492,93.97599029541016,-8.955285337852349,103.09209736570124,-0.12352560395386573,109.16458892822266,5.759554317419034
HBL Asset Management Limited,HBL Islamic Regualar Income Fund,2026-08-06,100.0,100.1629926910952,0.16299269109519798,,,,,,,99.97562006625895,-0.02437993374104508,,,100.30592603918276,0.30592603918276495,,
HBL Asset Management Limited,HBL Islamic Savings Plan I,2026-08-06,102.005,101.9872622531134,-0.01738909552139167,103.8764419555664,1.8346570810905454,102.56712341308594,0.5510743719287703,102.97339630126952,0.9493616011661404,103.30632262762732,1.275743961205165,101.2987823486328,-0.692336308384096,102.76193411853949,0.7420558977888245,102.17865753173828,0.17024413679553532
HBL Asset Management Limited,HBL Islamic Stock Fund,2026-08-07,269.8922,231.49827570642532,-14.225651683736945,263.4956970214844,-2.3700214302286717,310.4251403808594,15.018196294987174,297.816650390625,10.346519977466928,251.742406252314,-6.724830783433536,314.0230407714844,16.351284242925278,323.9319205151979,20.0227055525124,316.4632568359375,17.255428958649972
HBL Asset Management Limited,HBL KPK Islamic Pension Fund,2026-08-07,137.3989,137.00772424061225,-0.2847007941022451,136.41506958007812,-0.7160395169989516,136.6421661376953,-0.5507568563537882,137.1343231201172,-0.19256113395581048,134.86757702638485,-1.8423167679036345,137.0188751220703,-0.2765850948804431,139.06302977216174,1.2111667358048306,137.62400817871094,0.16383550283949863
HBL Asset Management Limited,HBL KPK Pension Fund,2026-08-07,141.0855,141.79496212973106,0.5028597054488698,139.5144500732422,-1.1135445717368608,140.02369689941406,-0.752595483296252,140.30892944335938,-0.5504254913797811,136.85708151091004,-2.9970609942835806,140.60977172851562,-0.3371914700549462,139.98337574693662,-0.7811747153771152,141.19619750976562,0.07846129458068254
HBL Asset Management Limited,HBL Mehfooz Munafa Fund Plan XI,2026-07-31,101.1283,101.0237614293643,-0.10337222185648993,102.44685363769533,1.3038423840758036,101.8046875,0.6688409673652224,102.3154754638672,1.173930011546922,101.10148289875492,-0.026517899781833765,100.63231658935548,-0.49044966705117454,101.3571438734827,0.2262906362340735,101.14942932128906,0.020893579036794487
HBL Asset Management Limited,HBL Mehfooz Munafa Fund Plan XIV,2026-07-31,101.0725,100.89351334510876,-0.17708739260555253,84.83088684082031,-16.06927023589967,93.53962707519533,-7.452940141784044,86.63401794433594,-14.2852725080156,101.0898855923288,0.017201110419543503,90.98963165283205,-9.975877065638981,100.96641852940492,-0.10495581943168132,90.11258697509766,-10.843615251331814
HBL Asset Management Limited,HBL Mehfooz Munafa Fund Plan XVIII,2026-07-31,100.9912,100.88171004328,-0.10841534383194931,84.76506042480469,-16.066884614892505,93.48533630371094,-7.432195771798996,86.64881896972656,-14.201614626099543,101.0898855923288,0.09771702121451366,90.93910217285156,-9.953439336445594,100.89964331069488,-0.09065808635318924,90.06539154052734,-10.818574746584517
HBL Asset Management Limited,HBL Mehfooz Munafa Fund Plan XXI,2026-07-31,100.4643,100.42414830618247,-0.03996613107095814,,,,,,,100.39876552326072,-0.06523160639080089,,,100.23779679250929,-0.22545641336346173,,
HBL Asset Management Limited,HBL Money Market Fund,2026-08-08,105.0523,105.00621929994712,-0.04386453228809185,106.90880584716795,1.767220562679686,105.5883560180664,0.5102753752810779,105.97718811035156,0.8804072927023587,104.73664223451574,-0.3004767772664289,104.3369598388672,-0.6809371723729997,104.8618866488746,-0.18125576605690713,104.9540023803711,-0.09357017374099254
HBL Asset Management Limited,HBL Multi Asset Fund,2026-08-07,239.0767,226.63865119097025,-5.202534922487109,233.4247589111328,-2.364070228870976,236.64910888671875,-1.0154026357571602,237.75076293945312,-0.5546073960979314,251.5871558288778,5.232821027259373,265.472412109375,11.04068782502645,319.2479613378305,33.533699159236555,258.60986328125,8.170249665170221
HBL Asset Management Limited,HBL Pension Fund,2026-08-07,448.3145,358.8308949145788,-19.96000688923094,786.3471069335938,75.4007748876277,837.9061279296875,86.90141138189541,807.7469482421875,80.17417421078004,426.55942185430456,-4.852637634003685,825.6849975585938,84.17539418390298,415.5097190002488,-7.317358907586345,1030.771484375,129.9215136639569
HBL Asset Management Limited,HBL Punjab Pension Fund,2026-08-07,103.2424,103.09700211656356,-0.1408315609056404,106.922119140625,3.5641549795675,104.3962173461914,1.1175809029927652,116.4616470336914,12.80408730685397,103.0132783509352,-0.22192592293942048,93.95581817626952,-8.994930206708181,103.12112278060162,-0.11746842324314385,109.13600158691406,5.708508894518201
HBL Asset Management Limited,HBL Regular Income Fund,2026-08-07,100.0,100.1629926910952,0.16299269109519798,,,,,,,99.97562006625895,-0.02437993374104508,,,100.3344997518234,0.33449975182340097,,
HBL Asset Management Limited,HBL Stock Fund,2026-08-05,240.6303,229.0212996879489,-4.824413347799969,234.71197509765625,-2.459509422688562,238.2887420654297,-0.9730935524621454,255.3789520263672,6.129174931987859,230.649613475439,-4.147726418726573,269.1803283691406,11.864685523452625,324.3714895274572,34.80076678932669,269.15057373046875,11.852320231686843
HBL Asset Management Limited,HBL Total Treasury Exchange Traded Fund,2026-08-08,104.7521,104.61590391577197,-0.1300175215848012,104.82042694091795,0.06522727555624744,105.21852111816406,0.44526183070703484,105.96356201171876,1.15650379488217,104.43615171262,-0.3016152300335706,104.07457733154295,-0.6467867168839996,104.58484557264354,-0.1596668967557252,104.5636978149414,-0.17985528219347624
UBL Fund Managers Limited,Al Ameen Islamic Aggressive Income Fund,2026-08-08,102.4647,102.37620778141884,-0.08636361457277664,103.80846405029295,1.311440964832729,103.02471160888672,0.5465410125503958,103.33577728271484,0.8501242698361977,102.42500201369008,-0.03874308548204173,101.75729370117188,-0.6903902503282775,102.2238152215983,-0.23509050277968194,102.46490478515624,0.00019985922590154222
UBL Fund Managers Limited,Al Ameen Islamic Aggressive Income Plan I,2026-08-08,101.1052,101.0237614293643,-0.08054835026852947,104.15597534179688,3.0174267414503695,101.90194702148438,0.7880376296020172,102.2679214477539,1.1500115204301162,101.11309730418266,0.007810977261963657,100.66007995605467,-0.4402543528377602,101.10841283597088,0.0031777158552527,101.22014617919922,0.11368968084650675
UBL Fund Managers Limited,Al Ameen Islamic Asset Allocation Fund,2026-08-08,201.3931,206.3379542713122,2.455324572347419,200.946533203125,-0.22173887629467148,200.14439392089844,-0.6200341913906516,203.3396759033203,0.9665554099521326,223.33752323197277,10.896313345379143,216.03857421875,7.272083412366161,293.0467059971642,45.509804455646304,204.51239013671875,1.548856508350458
UBL Fund Managers Limited,Al Ameen Islamic Cash Fund,2026-08-08,102.558,102.49925389981225,-0.057280855893993045,104.0255126953125,1.4309100170756965,103.16366577148438,0.5905592654735545,103.57189178466795,0.9886033119483097,102.52021797503218,-0.03683966630377457,101.9317855834961,-0.6105953865168131,102.43856524024368,-0.11645581988370557,102.49329376220705,-0.06309233584212004
UBL Fund Managers Limited,Al Ameen Islamic Cash Plan I,2026-08-08,101.6418,103.2361640422859,1.5686105935608219,105.56958770751952,3.864342925370776,106.38209533691406,4.66372627886761,107.0867156982422,5.35696504611508,101.79042932269708,0.14622854248653197,104.44381713867188,2.7567567070554353,101.16686224582192,-0.46726617806658866,105.73331451416016,4.02542508511277
UBL Fund Managers Limited,Al Ameen Islamic Energy Fund,2026-08-08,328.7909,387.5852808339084,17.881997596012663,341.0860900878906,3.73951654011428,360.5781555175781,9.667924360916953,362.4171752929688,10.227252424859929,364.24390410323394,10.78284225726257,383.2033081054688,16.549243943633716,327.75773845893275,-0.314230576657466,360.49212646484375,9.64175908300495
UBL Fund Managers Limited,Al Ameen Islamic Income Fund,2026-08-08,101.649,103.05451990863452,1.3827188743957313,106.34202575683594,4.616893188163126,105.25906372070312,3.5514994940463005,105.89256286621094,4.174721705290693,103.04082651594024,1.3692476226428574,103.59774017333984,1.917126753179906,101.05645133525398,-0.5829360492931746,104.9721450805664,3.2692353890017665
UBL Fund Managers Limited,Al Ameen Islamic Punjab Pension Fund,2026-08-08,103.946,103.5967729705036,-0.33596966645797277,107.40433502197266,3.327049643057605,105.0626983642578,1.07430624002636,116.3318099975586,11.915619646315006,103.688128655232,-0.24808202794527126,95.16448974609376,-8.448146397077554,103.90430221426008,-0.0401148536162173,109.79051208496094,5.622642607662574
UBL Fund Managers Limited,Al Ameen Islamic Retirement Savings Fund,2026-08-08,383.3555,440.9910922698815,15.034502510041332,465.4744262695313,21.421089894244716,605.4530639648438,57.93514478463039,595.79296875,55.415265660724835,382.4127398145948,-0.24592321889349028,674.370361328125,75.91253062187056,385.8704081436012,0.6560250586208336,494.9780578613281,29.11724440143108
UBL Fund Managers Limited,Al Ameen Islamic Sovereign Fund,2026-08-08,103.3496,103.3024026930306,-0.045667624228245204,105.23107147216795,1.820492263315929,103.90831756591795,0.5406093162604977,104.2802276611328,0.9004656632757195,103.07859795211525,-0.26221876803079036,102.6337432861328,-0.6926555244211849,102.96863016685074,-0.36862245538371824,103.3804702758789,0.02986975844987402
UBL Fund Managers Limited,Al Ameen Shariah Stock Fund,2026-08-08,496.59,488.9513950821592,-1.538211586588691,499.3046875,0.5466657604865232,505.61083984375,1.816556886717418,502.9004211425781,1.2707507486212268,497.8249911226367,0.24869431978829615,523.9597778320312,5.5115442985221765,496.99664704408286,0.08188788418673111,516.3351440429688,3.9761461251673973
UBL Fund Managers Limited,Al Ameen Voluntary Pension Fund KPK,2026-08-08,136.2586,137.00772424061225,0.5497812546233755,135.42916870117188,-0.6087184947064819,135.52508544921875,-0.5383253246262997,136.00277709960938,-0.18774807637141894,134.4605035162336,-1.3196205478160017,135.79800415039062,-0.33803066346592164,134.73341774727024,-1.1193291672817447,136.422119140625,0.120006473444611
UBL Fund Managers Limited,UBL Asset Allocation Fund,2026-08-08,315.5844,384.5763064138768,21.861633976165106,329.8882751464844,4.532503871067251,350.29071044921875,10.99747340147952,355.0498962402344,12.505528232775243,252.8599366259663,-19.875653984808412,373.7129821777344,18.41934587949669,326.4661907994396,3.4481396417058496,354.1766052246094,12.228806374652661
UBL Fund Managers Limited,UBL Cash Fund,2026-08-08,101.8818,101.8117463251304,-0.06875975382217249,103.45557403564452,1.5447057626038396,102.50792694091795,0.6145621111110681,102.7681655883789,0.8699940405243212,101.6901360532366,-0.18812383248371986,101.3106689453125,-0.5605820221938544,101.76467737430148,-0.11495932119231661,101.87620544433594,-0.005491221851263781
UBL Fund Managers Limited,UBL Financial Sector Fund,2026-08-08,332.3565,387.57003176029934,16.612743171955223,345.4765319824219,3.947577971973436,363.60736083984375,9.402813196024079,369.1812744140625,11.079901976962244,368.9131756360568,10.999235951773716,388.0516052246094,16.75763983090729,330.45054451793266,-0.5734671902211411,369.8092651367188,11.268852914481537
UBL Fund Managers Limited,UBL Fixed Return Plan II (AB),2026-08-08,102.5644,102.49925389981225,-0.06351726348300256,103.7338638305664,1.1402239281528483,103.2628402709961,0.680977289387046,103.92827606201172,1.3297753041130378,102.50944158566377,-0.05358429858336902,101.93950653076172,-0.60926936562617,102.643336884464,0.07696323915900594,102.55029296875,-0.013754315581240888
UBL Fund Managers Limited,UBL Fixed Return Plan II (M),2026-07-09,100.9339,100.97934438029029,0.045023902068870345,102.53196716308594,1.5832809027352983,101.85528564453124,0.91286044087392,101.78154754638672,0.8398046111234427,101.41714397075026,0.47877271238926256,100.4385986328125,-0.4907185466800492,100.94744164344448,0.013416348168933827,100.7986297607422,-0.1340186391864304
UBL Fund Managers Limited,UBL Fixed Return Plan III (Y),2026-08-08,122.1061,121.73842745719696,-0.30110907055670044,117.95558166503906,-3.3991080993995677,117.69571685791016,-3.6119269570396906,122.0427703857422,-0.05186441484724855,116.65170409735632,-4.4669315477635285,115.69113159179688,-5.25360191522219,121.08092883961947,-0.8395740756444791,118.02490234375,-3.342337242979669
UBL Fund Managers Limited,UBL Fixed Return Plan III (Z),2026-08-08,102.2839,102.21871388836914,-0.06373056916177931,103.19473266601562,0.8904946585099143,102.7786102294922,0.48366383125027396,103.46127319335938,1.1510835951301936,102.0757813117637,-0.2034716003557716,101.37966918945312,-0.8840402160524556,102.47841792937616,0.19017453321212935,101.98038482666016,-0.29673797473487656
UBL Fund Managers Limited,UBL Government Securities Fund,2026-08-08,108.166,107.91394147925412,-0.23302934447596893,109.37975311279295,1.1221207336806,108.38893127441406,0.20610106171446266,108.80819702148438,0.5937143108595846,108.02544794202728,-0.1299410701816767,107.42755889892578,-0.6826924366937999,107.73542620274982,-0.39806759725808105,108.16539001464844,-0.0005639344632872778
UBL Fund Managers Limited,UBL Growth & Income Fund,2026-08-08,86.9092,87.31862816564046,0.4710987624330488,89.55198669433594,3.040859534244866,87.82498168945312,1.053722378589524,88.00199127197266,1.2573942367121753,88.8341143211657,2.2148567944080733,87.06173706054688,0.17551313387636355,87.08501812246844,0.2023009330064505,87.14602661132812,0.27249889692705326
UBL Fund Managers Limited,UBL Income Opportunity Fund,2026-08-08,112.3968,112.00884789354576,-0.34516294632430455,113.80247497558594,1.2506361173858496,112.46688842773438,0.06235802775023494,113.14116668701172,0.6622667967519714,113.0628022240912,0.5925455387441648,111.556640625,-0.7474940345276724,112.09500261976048,-0.2685106517619011,112.32508087158205,-0.06380887037527178
UBL Fund Managers Limited,UBL Liquidity Fund,2026-08-08,101.1702,101.08506598077902,-0.08414930406480693,102.31304168701172,1.1296228405318214,101.84359741210938,0.6656084618883633,101.9513702392578,0.7721347187786564,101.12620145243386,-0.04348963189371286,100.67047119140624,-0.49394862182120663,101.30619908474402,0.13442603132545816,101.19212341308594,0.02166983270364531
UBL Fund Managers Limited,UBL Liquidity Plus Fund,2026-08-08,102.6338,102.49925389981225,-0.13109336318809997,105.83068084716795,3.114842135015912,103.2575912475586,0.6077834471281391,103.38853454589844,0.7353664639703916,102.49321353461748,-0.13697871985886909,102.09942626953124,-0.5206605723151223,102.69283144773075,0.057516576148169594,102.65252685546876,0.018246284819202357
UBL Fund Managers Limited,UBL Money Market Fund,2026-08-08,102.4413,102.21871388836914,-0.21728161555042816,104.18309020996094,1.700281243952331,102.99385833740234,0.5393902043437028,103.31483459472656,0.8527172094912543,102.42785089915728,-0.013128592513683878,101.81819152832033,-0.6082590436471146,102.24677897152388,-0.18988535724958333,102.53752136230467,0.09392829093800552
UBL Fund Managers Limited,UBL Pakistan Enterprise Exchange Traded Fund,2026-08-08,30.366,31.733837942455068,4.504504849025451,22.24517250061035,-26.743158464696197,29.540159225463867,-2.719623179003268,34.235191345214844,12.741853866873623,28.37223306822012,-6.565787169136142,33.927494049072266,11.728558417546814,33.188451569797664,9.294775636559521,34.75419235229492,14.451005572992564
UBL Fund Managers Limited,UBL Punjab Pension Fund,2026-08-08,105.9612,105.72864803116182,-0.21946898377725083,108.90153503417967,2.7749166998671853,106.9131088256836,0.8983560262469551,115.80169677734376,9.286886876841484,105.43285332311524,-0.49862277596400006,98.76456451416016,-6.791764802436975,106.06555115909568,0.09848053730579794,111.45453643798828,5.184290511987667
UBL Fund Managers Limited,UBL Retirement Saving Fund,2026-08-08,437.4463,402.8252297626451,-7.914358913849517,783.501220703125,79.10797752847036,844.1290893554688,92.9674772321697,807.3693237304688,84.56421364873098,458.3223458455661,4.772253381858771,831.837890625,90.15771550130839,380.0318881842384,-13.124905117670805,1170.4356689453125,167.56099410266182
UBL Fund Managers Limited,UBL Special Savings Plan X,2026-08-08,103.3651,103.3024026930306,-0.06065616631667503,104.9841079711914,1.5663003965471982,104.0508804321289,0.6634545239436793,104.51847839355467,1.115829611304662,104.36978690227446,0.9719788422537755,102.46891784667967,-0.8670065170162123,103.65671533471458,0.28212165877513595,103.37952423095705,0.013954643256812267
UBL Fund Managers Limited,UBL Stock Advantage Fund,2026-08-08,265.54,231.53245380849705,-12.806939139678756,269.8781433105469,1.6337061499385606,308.35797119140625,16.124866758833406,300.8278503417969,13.289090284626365,253.12886831673927,-4.673921700407,322.69073486328125,21.522457958605568,299.5746969063486,12.817163857177293,280.35321044921875,5.578523178887824
UBL Fund Managers Limited,UBL Voluntary Pension Fund KPK,2026-08-08,144.5114,143.5354827155594,-0.6753220053508666,142.9040069580078,-1.1122949760310925,143.49539184570312,-0.7030643632937498,143.83517456054688,-0.46793916566660754,143.56685461982795,-0.6536130576356322,144.50169372558594,-0.006716615031112741,144.21590353601968,-0.20447969086198592,144.9878692626953,0.3297105022131842
