Date,Commodity,Ticker,Adj Close,Close,High,Low,Open,Volume
2023-07-28,Corn,ZC=F,521.0,521.0,538.5,516.75,533.0,90547
2023-07-31,Corn,ZC=F,504.0,504.0,516.25,498.5,516.25,111158
2023-08-01,Corn,ZC=F,497.0,497.0,508.0,496.5,504.0,116230
2023-08-02,Corn,ZC=F,488.25,488.25,512.25,485.75,497.25,158406
2023-08-03,Corn,ZC=F,480.75,480.75,489.75,480.25,486.25,101378
2023-08-04,Corn,ZC=F,484.25,484.25,493.5,480.25,482.5,96911
2023-08-07,Corn,ZC=F,482.25,482.25,488.5,476.0,484.75,164880
2023-08-08,Corn,ZC=F,485.75,485.75,488.75,477.25,482.0,124554
2023-08-09,Corn,ZC=F,481.0,481.0,490.0,479.0,485.75,120224
2023-08-10,Corn,ZC=F,483.25,483.25,485.5,480.0,481.5,93318
2023-08-11,Corn,ZC=F,474.5,474.5,494.75,470.5,483.0,174425
2023-08-14,Corn,ZC=F,475.75,475.75,479.75,468.75,476.25,73606
2023-08-15,Corn,ZC=F,464.0,464.0,474.0,462.0,474.0,89967
2023-08-16,Corn,ZC=F,469.5,469.5,473.0,462.0,463.0,70843
2023-08-17,Corn,ZC=F,473.0,473.0,475.0,464.75,470.0,69172
2023-08-18,Corn,ZC=F,479.5,479.5,482.5,472.5,473.75,66477
2023-08-21,Corn,ZC=F,469.25,469.25,493.0,468.0,486.0,74711
2023-08-22,Corn,ZC=F,466.5,466.5,472.5,461.0,469.25,72976
2023-08-23,Corn,ZC=F,476.25,476.25,478.25,465.5,467.0,84523
2023-08-24,Corn,ZC=F,472.25,472.25,480.5,468.5,476.25,85162
2023-08-25,Corn,ZC=F,470.75,470.75,477.0,469.0,471.25,84408
2023-08-28,Corn,ZC=F,478.5,478.5,480.0,472.25,476.25,87576
2023-08-29,Corn,ZC=F,469.5,469.5,483.0,468.5,476.5,98795
2023-08-30,Corn,ZC=F,461.75,461.75,474.75,460.25,469.0,74605
2023-08-31,Corn,ZC=F,461.0,461.0,468.0,459.0,461.75,12073
2023-09-01,Corn,ZC=F,464.75,464.75,468.25,460.25,461.0,3311
2023-09-05,Corn,ZC=F,471.0,471.0,473.75,462.5,466.0,1553
2023-09-06,Corn,ZC=F,471.5,471.5,476.25,471.25,473.5,841
2023-09-07,Corn,ZC=F,470.75,470.75,474.0,468.5,471.25,741
2023-09-08,Corn,ZC=F,468.5,468.5,472.25,467.0,471.25,233
2023-09-11,Corn,ZC=F,471.25,471.25,471.5,468.0,470.25,430
2023-09-12,Corn,ZC=F,463.25,463.25,473.5,462.75,473.5,174
2023-09-13,Corn,ZC=F,464.0,464.0,467.75,462.5,466.75,120
2023-09-14,Corn,ZC=F,462.5,462.5,462.5,455.75,455.75,113552
2023-09-15,Corn,ZC=F,476.25,476.25,483.5,475.0,480.0,110377
2023-09-18,Corn,ZC=F,471.5,471.5,478.75,469.0,475.25,143316
2023-09-19,Corn,ZC=F,476.25,476.25,477.0,467.75,471.25,139647
2023-09-20,Corn,ZC=F,482.25,482.25,483.0,474.5,476.0,162298
2023-09-21,Corn,ZC=F,475.25,475.25,482.5,474.0,481.0,115196
2023-09-22,Corn,ZC=F,477.25,477.25,478.5,474.25,475.0,88610
2023-09-25,Corn,ZC=F,481.25,481.25,482.5,473.75,475.25,101591
2023-09-26,Corn,ZC=F,479.75,479.75,483.5,476.5,481.0,117585
2023-09-27,Corn,ZC=F,483.25,483.25,486.75,479.0,479.75,125713
2023-09-28,Corn,ZC=F,488.5,488.5,489.25,481.0,483.75,114318
2023-09-29,Corn,ZC=F,476.75,476.75,490.0,475.5,487.5,209423
2023-10-02,Corn,ZC=F,488.75,488.75,489.75,476.0,477.0,159224
2023-10-03,Corn,ZC=F,487.5,487.5,489.25,484.25,488.0,138101
2023-10-04,Corn,ZC=F,486.0,486.0,489.75,482.5,487.5,129880
2023-10-05,Corn,ZC=F,497.5,497.5,498.5,482.5,486.0,186342
2023-10-06,Corn,ZC=F,492.0,492.0,499.0,491.5,496.0,125225
2023-10-09,Corn,ZC=F,488.25,488.25,497.0,487.25,492.0,115532
2023-10-10,Corn,ZC=F,485.5,485.5,488.25,484.25,488.0,110081
2023-10-11,Corn,ZC=F,488.0,488.0,488.5,483.5,485.5,102590
2023-10-12,Corn,ZC=F,496.0,496.0,498.75,482.25,487.75,208365
2023-10-13,Corn,ZC=F,493.25,493.25,498.75,490.5,495.0,138232
2023-10-16,Corn,ZC=F,490.0,490.0,496.75,489.5,493.5,113486
2023-10-17,Corn,ZC=F,489.0,489.0,492.75,487.75,490.0,102031
2023-10-18,Corn,ZC=F,492.0,492.0,494.0,488.5,488.5,119274
2023-10-19,Corn,ZC=F,505.0,505.0,505.5,490.25,492.0,279440
2023-10-20,Corn,ZC=F,495.5,495.5,509.5,495.0,504.0,264540
2023-10-23,Corn,ZC=F,490.25,490.25,497.0,490.25,494.25,126442
2023-10-24,Corn,ZC=F,484.0,484.0,491.5,482.75,490.75,161081
2023-10-25,Corn,ZC=F,480.0,480.0,486.0,476.75,483.5,177281
2023-10-26,Corn,ZC=F,479.25,479.25,484.25,477.5,480.0,190730
2023-10-27,Corn,ZC=F,480.75,480.75,484.0,478.25,479.25,126300
2023-10-30,Corn,ZC=F,478.25,478.25,484.25,477.5,480.0,136565
2023-10-31,Corn,ZC=F,478.75,478.75,483.0,477.5,478.25,136045
2023-11-01,Corn,ZC=F,475.0,475.0,480.0,472.5,478.75,180119
2023-11-02,Corn,ZC=F,470.0,470.0,477.0,469.5,475.0,202193
2023-11-03,Corn,ZC=F,477.25,477.25,481.25,468.0,470.0,200217
2023-11-06,Corn,ZC=F,477.25,477.25,480.75,476.75,477.25,131646
2023-11-07,Corn,ZC=F,468.5,468.5,477.5,468.0,477.0,215810
2023-11-08,Corn,ZC=F,476.0,476.0,480.5,468.5,469.0,322782
2023-11-09,Corn,ZC=F,468.0,468.0,476.0,466.5,475.0,257163
2023-11-10,Corn,ZC=F,464.0,464.0,469.0,461.75,468.0,230543
2023-11-13,Corn,ZC=F,477.25,477.25,477.75,461.0,463.25,249727
2023-11-14,Corn,ZC=F,478.25,478.25,480.0,473.0,477.0,183143
2023-11-15,Corn,ZC=F,470.75,470.75,480.5,467.25,477.75,245509
2023-11-16,Corn,ZC=F,474.75,474.75,476.25,465.25,471.0,182325
2023-11-17,Corn,ZC=F,467.0,467.0,475.0,466.75,474.5,132235
2023-11-20,Corn,ZC=F,469.5,469.5,470.25,464.5,467.0,139825
2023-11-21,Corn,ZC=F,470.0,470.0,475.0,468.0,469.25,173228
2023-11-22,Corn,ZC=F,468.75,468.75,473.75,467.75,468.75,126935
2023-11-24,Corn,ZC=F,463.25,463.25,470.5,462.5,468.0,113555
2023-11-27,Corn,ZC=F,455.5,455.5,465.75,453.75,464.25,180939
2023-11-28,Corn,ZC=F,451.5,451.5,456.75,450.25,455.5,181371
2023-11-29,Corn,ZC=F,449.75,449.75,453.5,447.0,451.0,139560
2023-11-30,Corn,ZC=F,461.75,461.75,462.75,449.75,449.75,14188
2023-12-01,Corn,ZC=F,464.5,464.5,469.5,458.25,460.25,3312
2023-12-04,Corn,ZC=F,460.25,460.25,463.75,457.0,461.25,1925
2023-12-05,Corn,ZC=F,468.5,468.5,468.5,460.25,460.25,639
2023-12-06,Corn,ZC=F,464.75,464.75,473.0,463.75,467.75,347
2023-12-07,Corn,ZC=F,468.25,468.25,469.25,465.0,465.0,322
2023-12-08,Corn,ZC=F,465.75,465.75,472.0,465.75,468.0,319
2023-12-11,Corn,ZC=F,460.5,460.5,466.25,460.5,465.5,379
2023-12-12,Corn,ZC=F,462.5,462.5,467.0,459.25,459.25,265
2023-12-13,Corn,ZC=F,456.75,456.75,462.5,455.0,462.5,256
2023-12-14,Corn,ZC=F,456.75,456.75,460.0,456.75,459.0,106424
2023-12-15,Corn,ZC=F,483.0,483.0,484.0,477.75,479.25,108554
2023-12-18,Corn,ZC=F,477.0,477.0,482.75,475.5,482.5,129446
2023-12-19,Corn,ZC=F,472.75,472.75,478.25,471.5,477.25,130033
2023-12-20,Corn,ZC=F,469.75,469.75,475.5,468.25,472.75,131027
2023-12-21,Corn,ZC=F,472.5,472.5,474.0,469.25,470.0,108597
2023-12-22,Corn,ZC=F,473.0,473.0,474.0,471.5,472.5,80484
2023-12-26,Corn,ZC=F,480.25,480.25,481.0,471.5,473.0,114198
2023-12-27,Corn,ZC=F,476.5,476.5,480.25,474.5,479.75,107950
2023-12-28,Corn,ZC=F,474.25,474.25,478.75,474.0,476.0,99398
2023-12-29,Corn,ZC=F,471.25,471.25,475.0,470.5,473.75,109649
2024-01-02,Corn,ZC=F,463.75,463.75,470.75,462.5,470.5,187193
2024-01-03,Corn,ZC=F,465.25,465.25,466.0,461.75,464.75,147913
2024-01-04,Corn,ZC=F,466.5,466.5,469.0,463.5,465.0,127034
2024-01-05,Corn,ZC=F,460.75,460.75,467.75,460.0,466.5,151589
2024-01-08,Corn,ZC=F,455.0,455.0,462.5,452.0,461.0,214324
2024-01-09,Corn,ZC=F,459.25,459.25,460.5,451.75,454.75,215153
2024-01-10,Corn,ZC=F,459.5,459.5,461.75,454.5,459.0,193507
2024-01-11,Corn,ZC=F,457.75,457.75,461.5,455.75,459.0,165189
2024-01-12,Corn,ZC=F,447.0,447.0,460.0,441.0,457.0,314095
2024-01-16,Corn,ZC=F,443.5,443.5,451.25,442.0,447.75,175650
2024-01-17,Corn,ZC=F,442.25,442.25,448.25,440.0,443.5,205711
2024-01-18,Corn,ZC=F,444.0,444.0,445.0,436.75,442.0,180948
2024-01-19,Corn,ZC=F,445.5,445.5,449.5,443.0,443.5,148101
2024-01-22,Corn,ZC=F,445.75,445.75,448.0,444.0,445.5,112771
2024-01-23,Corn,ZC=F,446.5,446.5,450.5,444.0,445.75,152301
2024-01-24,Corn,ZC=F,452.25,452.25,452.75,446.25,446.5,156004
2024-01-25,Corn,ZC=F,451.75,451.75,453.25,447.5,451.5,169289
2024-01-26,Corn,ZC=F,446.25,446.25,451.75,445.5,451.0,135726
2024-01-29,Corn,ZC=F,440.25,440.25,447.5,437.5,446.25,203565
2024-01-30,Corn,ZC=F,447.75,447.75,448.25,436.5,439.75,194898
2024-01-31,Corn,ZC=F,448.25,448.25,448.75,443.25,447.25,135485
2024-02-01,Corn,ZC=F,447.25,447.25,448.0,443.5,448.0,153724
2024-02-02,Corn,ZC=F,442.75,442.75,448.75,442.0,446.5,129450
2024-02-05,Corn,ZC=F,442.75,442.75,445.0,439.5,442.75,137664
2024-02-06,Corn,ZC=F,438.75,438.75,445.5,438.25,442.75,193360
2024-02-07,Corn,ZC=F,434.25,434.25,439.25,432.75,438.5,245418
2024-02-08,Corn,ZC=F,433.25,433.25,437.0,429.75,434.5,222878
2024-02-09,Corn,ZC=F,429.0,429.0,437.0,428.25,433.0,206271
2024-02-12,Corn,ZC=F,430.5,430.5,432.75,427.75,430.25,198795
2024-02-13,Corn,ZC=F,430.75,430.75,434.75,428.75,430.25,182682
2024-02-14,Corn,ZC=F,424.25,424.25,431.0,422.25,430.75,230224
2024-02-15,Corn,ZC=F,417.75,417.75,425.0,417.25,424.0,217729
2024-02-16,Corn,ZC=F,416.5,416.5,421.5,415.0,417.5,176972
2024-02-20,Corn,ZC=F,418.75,418.75,421.5,414.75,416.25,217838
2024-02-21,Corn,ZC=F,411.0,411.0,419.5,410.0,418.5,180048
2024-02-22,Corn,ZC=F,406.0,406.0,415.5,404.25,410.0,199941
2024-02-23,Corn,ZC=F,399.75,399.75,409.25,398.5,406.0,218218
2024-02-26,Corn,ZC=F,407.0,407.0,407.75,394.5,399.75,227175
2024-02-27,Corn,ZC=F,408.25,408.25,411.5,406.25,406.5,139596
2024-02-28,Corn,ZC=F,413.25,413.25,414.75,406.5,408.25,118959
2024-02-29,Corn,ZC=F,415.75,415.75,418.75,409.75,415.0,8781
2024-03-01,Corn,ZC=F,412.25,412.25,418.0,409.25,415.5,3475
2024-03-04,Corn,ZC=F,417.5,417.5,420.75,412.0,412.0,2214
2024-03-05,Corn,ZC=F,413.5,413.5,418.0,412.5,417.25,1544
2024-03-06,Corn,ZC=F,418.0,418.0,418.0,412.0,413.25,2542
2024-03-07,Corn,ZC=F,426.0,426.0,427.5,418.25,418.25,1645
2024-03-08,Corn,ZC=F,426.25,426.25,426.5,420.5,424.25,755
2024-03-11,Corn,ZC=F,428.25,428.25,428.5,419.75,421.75,615
2024-03-12,Corn,ZC=F,429.0,429.0,435.0,424.75,425.0,527
2024-03-13,Corn,ZC=F,426.5,426.5,432.5,426.5,430.0,75
2024-03-14,Corn,ZC=F,422.5,422.5,426.0,422.5,426.0,153348
2024-03-15,Corn,ZC=F,436.75,436.75,440.0,431.75,433.75,140242
2024-03-18,Corn,ZC=F,436.0,436.0,440.5,434.0,437.0,121822
2024-03-19,Corn,ZC=F,439.5,439.5,440.0,435.0,436.5,115115
2024-03-20,Corn,ZC=F,439.0,439.0,439.5,435.5,439.0,131971
2024-03-21,Corn,ZC=F,440.75,440.75,445.75,437.5,439.0,158789
2024-03-22,Corn,ZC=F,439.25,439.25,441.5,436.0,440.25,132898
2024-03-25,Corn,ZC=F,437.75,437.75,441.25,437.0,439.0,118606
2024-03-26,Corn,ZC=F,432.5,432.5,440.75,432.0,437.25,155311
2024-03-27,Corn,ZC=F,426.75,426.75,432.25,426.25,432.0,165189
2024-03-28,Corn,ZC=F,442.0,442.0,448.0,426.0,426.75,360086
2024-04-01,Corn,ZC=F,435.5,435.5,442.0,432.25,441.75,200474
2024-04-02,Corn,ZC=F,426.5,426.5,436.75,424.5,435.75,235504
2024-04-03,Corn,ZC=F,431.75,431.75,433.0,425.75,428.25,187684
2024-04-04,Corn,ZC=F,435.25,435.25,436.0,429.75,432.25,153811
2024-04-05,Corn,ZC=F,434.25,434.25,438.5,432.25,435.0,192940
2024-04-08,Corn,ZC=F,435.5,435.5,437.5,431.5,433.75,215991
2024-04-09,Corn,ZC=F,431.25,431.25,435.75,429.75,435.0,219304
2024-04-10,Corn,ZC=F,434.25,434.25,435.75,430.75,431.0,210255
2024-04-11,Corn,ZC=F,428.75,428.75,437.5,427.5,434.0,250695
2024-04-12,Corn,ZC=F,435.5,435.5,437.5,427.0,428.25,202052
2024-04-15,Corn,ZC=F,431.5,431.5,435.0,430.25,434.5,152252
2024-04-16,Corn,ZC=F,431.0,431.0,432.25,428.5,431.25,148116
2024-04-17,Corn,ZC=F,430.25,430.25,433.0,429.5,431.0,139235
2024-04-18,Corn,ZC=F,426.75,426.75,431.0,426.25,429.5,180777
2024-04-19,Corn,ZC=F,433.5,433.5,434.0,426.75,427.25,163574
2024-04-22,Corn,ZC=F,439.75,439.75,441.0,431.0,432.25,192556
2024-04-23,Corn,ZC=F,443.0,443.0,443.75,438.5,439.25,144096
2024-04-24,Corn,ZC=F,437.75,437.75,444.5,437.25,442.75,161654
2024-04-25,Corn,ZC=F,441.0,441.0,442.0,436.0,437.75,168023
2024-04-26,Corn,ZC=F,440.0,440.0,442.75,439.0,441.0,165048
2024-04-29,Corn,ZC=F,439.25,439.25,441.5,435.0,440.0,117196
2024-04-30,Corn,ZC=F,439.5,439.5,441.25,437.0,439.25,14833
2024-05-01,Corn,ZC=F,443.25,443.25,444.25,437.25,440.0,4184
2024-05-02,Corn,ZC=F,452.0,452.0,452.25,442.5,442.75,2944
2024-05-03,Corn,ZC=F,447.0,447.0,458.5,446.75,451.25,2540
2024-05-06,Corn,ZC=F,457.0,457.0,458.5,444.5,447.0,1907
2024-05-07,Corn,ZC=F,453.75,453.75,459.5,453.75,457.0,1021
2024-05-08,Corn,ZC=F,445.5,445.5,452.75,444.25,452.75,634
2024-05-09,Corn,ZC=F,442.75,442.75,447.5,441.0,447.25,573
2024-05-10,Corn,ZC=F,455.75,455.75,455.75,443.25,443.25,316
2024-05-13,Corn,ZC=F,458.5,458.5,461.5,453.5,453.5,317
2024-05-14,Corn,ZC=F,453.75,453.75,461.0,453.25,461.0,246243
2024-05-15,Corn,ZC=F,462.5,462.5,473.25,461.5,467.75,222335
2024-05-16,Corn,ZC=F,457.0,457.0,465.25,456.0,462.25,200532
2024-05-17,Corn,ZC=F,452.5,452.5,460.5,451.0,457.25,217848
2024-05-20,Corn,ZC=F,460.5,460.5,463.5,452.25,452.75,185086
2024-05-21,Corn,ZC=F,458.0,458.0,461.25,455.0,460.0,168069
2024-05-22,Corn,ZC=F,461.25,461.25,463.25,458.0,458.5,175899
2024-05-23,Corn,ZC=F,464.0,464.0,467.25,458.5,461.25,166864
2024-05-24,Corn,ZC=F,464.75,464.75,466.75,460.75,464.5,169182
2024-05-28,Corn,ZC=F,462.5,462.5,471.0,460.0,467.0,166128
2024-05-29,Corn,ZC=F,455.25,455.25,463.0,454.25,462.5,166319
2024-05-30,Corn,ZC=F,448.75,448.75,457.0,447.5,455.25,225176
2024-05-31,Corn,ZC=F,446.25,446.25,453.75,445.5,449.0,174860
2024-06-03,Corn,ZC=F,443.5,443.5,449.0,439.0,445.75,262804
2024-06-04,Corn,ZC=F,442.5,442.5,448.25,440.0,442.5,221274
2024-06-05,Corn,ZC=F,439.25,439.25,444.25,438.25,442.5,183305
2024-06-06,Corn,ZC=F,452.0,452.0,453.25,438.75,439.25,261537
2024-06-07,Corn,ZC=F,448.75,448.75,454.25,444.25,452.0,238072
2024-06-10,Corn,ZC=F,451.75,451.75,452.75,447.75,448.75,230930
2024-06-11,Corn,ZC=F,449.5,449.5,456.25,449.0,450.75,271960
2024-06-12,Corn,ZC=F,454.25,454.25,455.0,448.5,449.0,276468
2024-06-13,Corn,ZC=F,458.5,458.5,460.5,453.5,453.5,296248
2024-06-14,Corn,ZC=F,450.0,450.0,459.5,448.0,458.0,228388
2024-06-17,Corn,ZC=F,443.75,443.75,450.0,443.25,448.0,172134
2024-06-18,Corn,ZC=F,450.0,450.0,452.0,443.75,444.25,191652
2024-06-20,Corn,ZC=F,439.75,439.75,449.5,439.25,448.25,229750
2024-06-21,Corn,ZC=F,435.0,435.0,442.5,434.25,440.0,217553
2024-06-24,Corn,ZC=F,433.5,433.5,436.0,425.0,435.0,203582
2024-06-25,Corn,ZC=F,425.5,425.5,434.5,423.5,433.5,172164
2024-06-26,Corn,ZC=F,420.0,420.0,430.0,418.75,425.0,161453
2024-06-27,Corn,ZC=F,413.75,413.75,421.25,413.5,420.0,142693
2024-06-28,Corn,ZC=F,397.25,397.25,419.0,390.5,414.0,15899
2024-07-01,Corn,ZC=F,398.25,398.25,401.25,391.75,397.25,1731
2024-07-02,Corn,ZC=F,402.0,402.0,403.75,398.25,398.25,764
2024-07-03,Corn,ZC=F,403.5,403.5,405.0,399.0,402.25,584
2024-07-05,Corn,ZC=F,411.25,411.25,412.0,405.5,406.0,398
2024-07-08,Corn,ZC=F,395.75,395.75,411.75,394.5,411.75,666
2024-07-09,Corn,ZC=F,400.25,400.25,406.75,397.0,400.25,585
2024-07-10,Corn,ZC=F,403.25,403.25,405.75,399.75,399.75,214
2024-07-11,Corn,ZC=F,406.75,406.75,411.0,406.75,411.0,65
2024-07-12,Corn,ZC=F,400.0,400.0,400.0,395.25,395.75,211323
2024-07-15,Corn,ZC=F,390.5,390.5,403.0,389.5,403.0,140155
2024-07-16,Corn,ZC=F,395.75,395.75,398.0,390.0,390.0,133849
2024-07-17,Corn,ZC=F,398.0,398.0,400.0,395.0,395.75,115086
2024-07-18,Corn,ZC=F,391.25,391.25,399.0,390.0,398.0,114790
2024-07-19,Corn,ZC=F,390.5,390.5,396.25,390.0,391.0,111883
2024-07-22,Corn,ZC=F,400.25,400.25,401.0,391.0,391.0,150907
2024-07-23,Corn,ZC=F,402.5,402.5,407.0,397.25,399.0,143835
2024-07-24,Corn,ZC=F,403.75,403.75,409.5,399.0,401.5,149625
2024-07-25,Corn,ZC=F,406.0,406.0,408.75,402.0,403.0,119013
2024-07-26,Corn,ZC=F,394.5,394.5,406.5,394.0,405.75,154397
2024-07-29,Corn,ZC=F,396.25,396.25,397.0,390.0,392.75,142225
2024-07-30,Corn,ZC=F,388.75,388.75,396.75,387.25,396.0,123321
2024-07-31,Corn,ZC=F,382.75,382.75,390.5,381.0,387.75,156261
2024-08-01,Corn,ZC=F,382.0,382.0,384.0,378.0,382.5,116742
2024-08-02,Corn,ZC=F,386.5,386.5,387.75,381.75,383.0,113751
2024-08-05,Corn,ZC=F,390.75,390.75,391.75,378.75,385.75,157029
2024-08-06,Corn,ZC=F,388.75,388.75,393.0,385.75,390.75,107227
2024-08-07,Corn,ZC=F,383.25,383.25,388.0,381.75,387.75,199142
2024-08-08,Corn,ZC=F,379.25,379.25,386.5,378.5,383.0,157714
2024-08-09,Corn,ZC=F,376.75,376.75,381.25,375.25,379.0,157231
2024-08-12,Corn,ZC=F,383.25,383.25,385.25,372.5,376.25,203695
2024-08-13,Corn,ZC=F,377.75,377.75,385.0,376.25,382.75,172577
2024-08-14,Corn,ZC=F,381.0,381.0,382.0,376.0,377.25,125031
2024-08-15,Corn,ZC=F,375.0,375.0,383.5,374.5,380.75,151990
2024-08-16,Corn,ZC=F,370.5,370.5,375.75,367.75,374.5,137465
2024-08-19,Corn,ZC=F,378.0,378.0,378.5,370.0,370.25,151084
2024-08-20,Corn,ZC=F,375.0,375.0,378.5,374.75,377.75,122507
2024-08-21,Corn,ZC=F,375.5,375.5,378.0,374.0,374.75,96191
2024-08-22,Corn,ZC=F,371.5,371.5,376.5,370.75,375.5,131932
2024-08-23,Corn,ZC=F,367.75,367.75,374.0,367.25,371.0,138358
2024-08-26,Corn,ZC=F,362.0,362.0,367.5,360.5,367.25,143588
2024-08-27,Corn,ZC=F,367.25,367.25,369.25,360.75,361.5,161618
2024-08-28,Corn,ZC=F,365.25,365.25,367.75,362.25,367.0,160784
2024-08-29,Corn,ZC=F,371.75,371.75,372.75,363.75,364.25,100531
2024-08-30,Corn,ZC=F,378.0,378.0,378.75,371.0,371.25,6393
2024-09-03,Corn,ZC=F,386.5,386.5,386.75,376.5,378.0,3017
2024-09-04,Corn,ZC=F,390.5,390.5,391.25,383.0,385.5,1519
2024-09-05,Corn,ZC=F,390.0,390.0,390.0,386.75,389.0,485
2024-09-06,Corn,ZC=F,383.75,383.75,395.25,383.0,389.75,504
2024-09-09,Corn,ZC=F,384.25,384.25,385.25,381.0,383.75,504
2024-09-10,Corn,ZC=F,379.5,379.5,382.75,379.5,382.75,296
2024-09-11,Corn,ZC=F,380.5,380.5,381.25,377.0,379.75,117
2024-09-12,Corn,ZC=F,386.25,386.25,387.5,380.5,380.5,123
2024-09-13,Corn,ZC=F,390.75,390.75,394.0,381.0,381.25,229028
2024-09-16,Corn,ZC=F,410.75,410.75,413.0,408.5,413.0,150818
2024-09-17,Corn,ZC=F,412.5,412.5,413.0,408.5,410.0,123973
2024-09-18,Corn,ZC=F,412.75,412.75,415.0,411.0,412.0,134644
2024-09-19,Corn,ZC=F,405.75,405.75,413.0,405.25,412.25,166204
2024-09-20,Corn,ZC=F,401.75,401.75,407.25,401.5,406.0,178231
2024-09-23,Corn,ZC=F,413.5,413.5,414.25,401.25,401.5,228072
2024-09-24,Corn,ZC=F,411.75,411.75,418.25,410.0,413.0,210496
2024-09-25,Corn,ZC=F,415.25,415.25,415.5,408.5,411.75,158957
2024-09-26,Corn,ZC=F,413.25,413.25,419.25,412.5,414.75,204872
2024-09-27,Corn,ZC=F,418.0,418.0,419.75,410.75,413.0,218578
2024-09-30,Corn,ZC=F,424.75,424.75,427.75,415.5,416.5,272926
2024-10-01,Corn,ZC=F,429.0,429.0,432.5,421.75,423.5,262757
2024-10-02,Corn,ZC=F,432.5,432.5,434.25,428.5,428.5,239747
2024-10-03,Corn,ZC=F,428.25,428.25,433.25,427.5,431.5,181331
2024-10-04,Corn,ZC=F,424.75,424.75,427.5,423.0,427.5,165354
2024-10-07,Corn,ZC=F,426.0,426.0,427.0,421.25,424.0,161439
2024-10-08,Corn,ZC=F,420.75,420.75,428.0,419.25,426.0,229659
2024-10-09,Corn,ZC=F,421.0,421.0,423.5,420.0,420.25,148815
2024-10-10,Corn,ZC=F,418.5,418.5,424.0,418.0,421.0,171360
2024-10-11,Corn,ZC=F,415.75,415.75,422.75,415.25,418.5,224069
2024-10-14,Corn,ZC=F,408.25,408.25,415.25,407.5,415.0,257782
2024-10-15,Corn,ZC=F,401.25,401.25,408.0,400.5,408.0,305403
2024-10-16,Corn,ZC=F,404.75,404.75,406.75,401.0,401.25,214285
2024-10-17,Corn,ZC=F,406.75,406.75,407.5,399.0,404.5,255482
2024-10-18,Corn,ZC=F,404.75,404.75,409.5,403.75,406.75,193538
2024-10-21,Corn,ZC=F,409.5,409.5,411.75,403.0,403.75,241760
2024-10-22,Corn,ZC=F,416.5,416.5,417.0,408.25,409.0,267224
2024-10-23,Corn,ZC=F,419.0,419.0,420.0,414.0,416.0,246005
2024-10-24,Corn,ZC=F,421.5,421.5,424.0,418.25,418.75,287987
2024-10-25,Corn,ZC=F,415.25,415.25,421.0,414.5,420.5,247609
2024-10-28,Corn,ZC=F,410.75,410.75,414.75,410.0,413.25,251359
2024-10-29,Corn,ZC=F,413.75,413.75,414.75,410.0,410.0,197431
2024-10-30,Corn,ZC=F,411.5,411.5,414.25,411.0,413.25,170092
2024-10-31,Corn,ZC=F,410.75,410.75,412.75,409.25,411.5,238814
2024-11-01,Corn,ZC=F,414.5,414.5,415.75,410.5,410.75,197406
2024-11-04,Corn,ZC=F,416.5,416.5,420.0,413.0,414.0,219138
2024-11-05,Corn,ZC=F,418.5,418.5,419.75,415.25,416.25,167928
2024-11-06,Corn,ZC=F,426.25,426.25,426.75,414.25,418.0,283193
2024-11-07,Corn,ZC=F,427.5,427.5,428.5,422.25,425.75,310584
2024-11-08,Corn,ZC=F,431.0,431.0,434.75,426.75,427.5,347310
2024-11-11,Corn,ZC=F,430.0,430.0,432.0,426.5,430.0,250205
2024-11-12,Corn,ZC=F,428.5,428.5,433.5,426.75,429.75,250503
2024-11-13,Corn,ZC=F,426.5,426.5,429.75,424.25,428.5,235165
2024-11-14,Corn,ZC=F,419.0,419.0,428.0,418.25,426.0,292267
2024-11-15,Corn,ZC=F,424.0,424.0,425.0,417.0,418.75,218570
2024-11-18,Corn,ZC=F,429.25,429.25,429.5,422.25,423.75,190964
2024-11-19,Corn,ZC=F,427.25,427.25,431.5,426.5,428.75,215160
2024-11-20,Corn,ZC=F,430.25,430.25,432.0,424.75,427.0,224875
2024-11-21,Corn,ZC=F,426.75,426.75,432.0,426.25,430.0,187445
2024-11-22,Corn,ZC=F,425.5,425.5,429.5,425.0,426.75,159873
2024-11-25,Corn,ZC=F,424.75,424.75,426.25,422.25,425.25,226269
2024-11-26,Corn,ZC=F,420.0,420.0,425.75,417.75,424.25,210241
2024-11-27,Corn,ZC=F,415.75,415.75,422.25,414.75,420.0,145009
2024-11-29,Corn,ZC=F,423.0,423.0,423.5,415.0,416.0,7903
2024-12-02,Corn,ZC=F,424.5,424.5,425.5,420.75,423.0,3895
2024-12-03,Corn,ZC=F,423.25,423.25,428.0,422.75,425.0,4091
2024-12-04,Corn,ZC=F,422.0,422.0,424.5,421.0,423.25,1723
2024-12-05,Corn,ZC=F,426.5,426.5,427.0,420.25,421.5,2566
2024-12-06,Corn,ZC=F,430.75,430.75,431.5,425.25,426.5,1372
2024-12-09,Corn,ZC=F,434.0,434.0,434.75,431.0,431.25,1586
2024-12-10,Corn,ZC=F,440.5,440.5,440.75,433.25,433.5,1685
2024-12-11,Corn,ZC=F,438.0,438.0,443.25,437.75,440.0,570
2024-12-12,Corn,ZC=F,431.75,431.75,439.0,431.75,436.5,334
2024-12-13,Corn,ZC=F,430.0,430.0,434.25,426.25,434.25,170867
2024-12-16,Corn,ZC=F,445.0,445.0,445.75,441.25,441.25,157167
2024-12-17,Corn,ZC=F,443.5,443.5,446.75,441.25,445.0,164416
2024-12-18,Corn,ZC=F,437.25,437.25,446.5,437.0,443.75,176178
2024-12-19,Corn,ZC=F,440.75,440.75,441.0,435.75,437.0,182519
2024-12-20,Corn,ZC=F,446.25,446.25,447.5,439.5,439.75,191422
2024-12-23,Corn,ZC=F,447.75,447.75,448.25,445.25,446.0,132878
2024-12-24,Corn,ZC=F,448.5,448.5,448.75,446.75,447.25,88153
2024-12-26,Corn,ZC=F,453.75,453.75,454.25,448.5,448.5,176165
2024-12-27,Corn,ZC=F,454.0,454.0,455.0,452.25,453.25,162024
2024-12-30,Corn,ZC=F,452.25,452.25,458.5,449.75,453.75,217069
2024-12-31,Corn,ZC=F,458.5,458.5,459.0,452.0,452.25,172882
2025-01-02,Corn,ZC=F,459.5,459.5,459.75,456.25,457.25,163449
2025-01-03,Corn,ZC=F,450.75,450.75,459.75,449.25,459.5,199340
2025-01-06,Corn,ZC=F,457.75,457.75,460.25,451.5,451.5,227403
2025-01-07,Corn,ZC=F,458.0,458.0,458.5,453.0,456.0,211629
2025-01-08,Corn,ZC=F,454.0,454.0,459.25,453.5,457.75,192588
2025-01-09,Corn,ZC=F,456.0,456.0,457.25,453.5,454.0,157712
2025-01-10,Corn,ZC=F,470.5,470.5,472.5,455.75,456.0,467086
2025-01-13,Corn,ZC=F,476.5,476.5,477.0,469.25,469.75,376883
2025-01-14,Corn,ZC=F,474.5,474.5,479.75,473.5,475.5,278017
2025-01-15,Corn,ZC=F,478.75,478.75,479.5,474.0,474.25,218140
2025-01-16,Corn,ZC=F,474.5,474.5,479.0,473.25,478.75,209824
2025-01-17,Corn,ZC=F,484.25,484.25,485.0,474.0,474.0,305007
2025-01-21,Corn,ZC=F,490.0,490.0,490.5,482.5,484.25,295105
2025-01-22,Corn,ZC=F,484.25,484.25,492.25,482.5,489.5,264538
2025-01-23,Corn,ZC=F,489.75,489.75,494.5,480.5,484.25,250550
2025-01-24,Corn,ZC=F,486.5,486.5,489.5,483.5,487.0,208959
2025-01-27,Corn,ZC=F,482.0,482.0,484.75,477.75,484.5,216234
2025-01-28,Corn,ZC=F,485.25,485.25,489.25,481.0,482.25,225855
2025-01-29,Corn,ZC=F,497.0,497.0,497.5,485.0,485.0,277207
2025-01-30,Corn,ZC=F,490.25,490.25,497.0,490.0,496.25,218110
2025-01-31,Corn,ZC=F,482.0,482.0,488.75,479.25,488.25,318483
2025-02-03,Corn,ZC=F,488.75,488.75,491.0,472.5,476.75,322166
2025-02-04,Corn,ZC=F,494.5,494.5,497.25,487.25,488.0,279780
2025-02-05,Corn,ZC=F,493.25,493.25,498.5,489.75,494.0,226004
2025-02-06,Corn,ZC=F,495.25,495.25,496.5,486.0,493.25,299134
2025-02-07,Corn,ZC=F,487.5,487.5,496.5,485.5,495.5,287303
2025-02-10,Corn,ZC=F,491.5,491.5,492.75,482.25,485.75,250904
2025-02-11,Corn,ZC=F,484.0,484.0,497.0,483.25,491.75,311257
2025-02-12,Corn,ZC=F,490.25,490.25,492.25,481.5,483.75,271391
2025-02-13,Corn,ZC=F,493.5,493.5,494.25,485.25,489.75,269316
2025-02-14,Corn,ZC=F,496.25,496.25,499.75,492.5,493.0,195600
2025-02-18,Corn,ZC=F,502.0,502.0,504.25,493.25,496.25,238775
2025-02-19,Corn,ZC=F,497.5,497.5,504.5,496.25,502.0,210080
2025-02-20,Corn,ZC=F,498.0,498.0,503.25,497.5,497.75,163804
2025-02-21,Corn,ZC=F,491.25,491.25,499.5,490.0,498.0,209485
2025-02-24,Corn,ZC=F,482.5,482.5,491.0,481.5,490.0,189315
2025-02-25,Corn,ZC=F,479.75,479.75,484.5,474.25,483.25,116438
2025-02-26,Corn,ZC=F,478.25,478.25,485.0,477.0,480.25,101750
2025-02-27,Corn,ZC=F,464.75,464.75,481.25,463.75,478.25,86413
2025-02-28,Corn,ZC=F,453.5,453.5,468.0,453.0,465.5,8178
2025-03-03,Corn,ZC=F,440.25,440.25,456.75,439.0,455.25,3364
2025-03-04,Corn,ZC=F,436.0,436.0,440.5,426.5,440.5,2273
2025-03-05,Corn,ZC=F,440.25,440.25,442.0,433.25,436.75,1169
2025-03-06,Corn,ZC=F,449.5,449.5,452.75,439.75,443.5,668
2025-03-07,Corn,ZC=F,455.25,455.25,456.75,448.0,450.25,311
2025-03-10,Corn,ZC=F,458.75,458.75,459.5,454.0,458.0,479
2025-03-11,Corn,ZC=F,456.5,456.5,464.0,456.5,458.0,76
2025-03-12,Corn,ZC=F,448.75,448.75,455.0,444.0,455.0,233
2025-03-13,Corn,ZC=F,453.5,453.5,459.25,450.0,450.0,101
2025-03-14,Corn,ZC=F,445.5,445.5,445.5,443.25,443.25,242039
2025-03-17,Corn,ZC=F,461.0,461.0,465.5,457.25,460.0,180875
2025-03-18,Corn,ZC=F,458.75,458.75,462.5,455.25,461.0,177170
2025-03-19,Corn,ZC=F,462.0,462.0,463.0,455.75,458.25,185225
2025-03-20,Corn,ZC=F,469.0,469.0,470.25,462.0,462.0,219751
2025-03-21,Corn,ZC=F,464.25,464.25,469.75,461.25,467.25,182427
2025-03-24,Corn,ZC=F,464.5,464.5,466.25,459.5,465.0,125182
2025-03-25,Corn,ZC=F,457.75,457.75,464.75,457.0,464.5,148189
2025-03-26,Corn,ZC=F,451.25,451.25,461.0,450.75,458.75,154487
2025-03-27,Corn,ZC=F,450.0,450.0,452.75,447.25,451.75,170192
2025-03-28,Corn,ZC=F,453.25,453.25,454.0,442.0,450.25,206960
2025-03-31,Corn,ZC=F,457.25,457.25,459.25,444.0,453.0,282804
2025-04-01,Corn,ZC=F,461.75,461.75,465.0,454.0,457.75,179571
2025-04-02,Corn,ZC=F,457.75,457.75,460.75,454.0,460.25,159591
2025-04-03,Corn,ZC=F,457.5,457.5,462.25,447.5,450.0,203152
2025-04-04,Corn,ZC=F,460.25,460.25,462.5,449.25,457.75,212888
2025-04-07,Corn,ZC=F,464.5,464.5,467.5,454.25,456.0,216782
2025-04-08,Corn,ZC=F,469.0,469.0,469.75,462.75,464.5,255177
2025-04-09,Corn,ZC=F,474.0,474.0,475.5,465.75,468.0,257173
2025-04-10,Corn,ZC=F,483.0,483.0,484.0,473.0,473.25,326270
2025-04-11,Corn,ZC=F,490.25,490.25,490.75,481.75,482.0,284335
2025-04-14,Corn,ZC=F,485.0,485.0,490.25,484.25,489.0,201393
2025-04-15,Corn,ZC=F,481.25,481.25,488.75,479.0,485.0,178411
2025-04-16,Corn,ZC=F,484.25,484.25,487.0,479.25,481.25,136221
2025-04-17,Corn,ZC=F,482.25,482.25,486.5,481.5,483.25,117566
2025-04-21,Corn,ZC=F,481.75,481.75,487.25,481.25,483.25,128840
2025-04-22,Corn,ZC=F,475.75,475.75,483.0,475.0,481.75,152079
2025-04-23,Corn,ZC=F,472.0,472.0,477.0,470.25,476.25,147853
2025-04-24,Corn,ZC=F,477.25,477.25,478.5,472.25,472.25,146915
2025-04-25,Corn,ZC=F,478.75,478.75,480.75,476.75,477.0,129454
2025-04-28,Corn,ZC=F,475.5,475.5,478.75,469.5,477.0,176588
2025-04-29,Corn,ZC=F,460.5,460.5,477.25,460.25,475.5,100359
2025-04-30,Corn,ZC=F,467.25,467.25,470.0,460.5,461.0,10991
2025-05-01,Corn,ZC=F,464.25,464.25,472.25,463.0,467.25,3008
2025-05-02,Corn,ZC=F,461.25,461.25,468.75,460.75,464.5,2624
2025-05-05,Corn,ZC=F,446.5,446.5,461.0,446.5,461.0,1098
2025-05-06,Corn,ZC=F,447.5,447.5,448.75,445.5,448.75,466
2025-05-07,Corn,ZC=F,441.0,441.0,453.25,440.5,449.75,617
2025-05-08,Corn,ZC=F,439.0,439.0,440.5,434.0,440.5,438
2025-05-09,Corn,ZC=F,441.5,441.5,444.0,439.5,440.75,240
2025-05-12,Corn,ZC=F,440.25,440.25,447.5,438.5,444.0,205
2025-05-13,Corn,ZC=F,436.0,436.0,436.0,430.75,433.5,66
2025-05-14,Corn,ZC=F,438.5,438.5,440.25,436.75,440.25,177064
2025-05-15,Corn,ZC=F,448.5,448.5,450.5,443.5,444.75,191182
2025-05-16,Corn,ZC=F,443.5,443.5,451.5,442.75,449.0,173410
2025-05-19,Corn,ZC=F,447.5,447.5,449.75,443.0,443.5,179623
2025-05-20,Corn,ZC=F,454.5,454.5,455.5,444.75,446.75,194894
2025-05-21,Corn,ZC=F,461.0,461.0,462.0,453.5,454.5,201425
2025-05-22,Corn,ZC=F,463.0,463.0,464.75,456.5,459.25,192800
2025-05-23,Corn,ZC=F,459.5,459.5,464.5,455.0,462.75,167356
2025-05-27,Corn,ZC=F,459.5,459.5,463.0,456.0,459.0,153148
2025-05-28,Corn,ZC=F,451.0,451.0,463.0,450.0,459.5,196402
2025-05-29,Corn,ZC=F,447.0,447.0,453.0,443.5,452.25,157586
2025-05-30,Corn,ZC=F,444.0,444.0,449.5,443.0,447.0,140113
2025-06-02,Corn,ZC=F,438.25,438.25,451.0,437.75,444.0,211154
2025-06-03,Corn,ZC=F,438.5,438.5,442.5,434.25,438.25,209493
2025-06-04,Corn,ZC=F,438.75,438.75,446.0,437.5,438.5,220751
2025-06-05,Corn,ZC=F,439.5,439.5,442.75,433.25,438.5,0
2025-06-06,Corn,ZC=F,442.5,442.5,445.0,435.0,438.25,229798
2025-06-09,Corn,ZC=F,433.5,433.5,445.75,432.75,442.25,228598
2025-06-10,Corn,ZC=F,438.75,438.75,439.5,429.25,433.5,245097
2025-06-11,Corn,ZC=F,437.0,437.0,444.75,436.0,439.0,201677
2025-06-12,Corn,ZC=F,438.5,438.5,441.75,435.25,436.5,190442
2025-06-13,Corn,ZC=F,444.5,444.5,445.25,435.0,438.25,179124
2025-06-16,Corn,ZC=F,434.75,434.75,446.5,431.25,444.0,177619
2025-06-17,Corn,ZC=F,431.5,431.5,437.5,429.5,434.75,231168
2025-06-18,Corn,ZC=F,433.5,433.5,434.5,430.0,431.5,0
2025-06-20,Corn,ZC=F,428.75,428.75,435.0,428.25,433.0,189743
2025-06-23,Corn,ZC=F,419.25,419.25,430.75,417.25,430.0,197265
2025-06-24,Corn,ZC=F,416.25,416.25,422.5,415.0,419.0,192057
2025-06-25,Corn,ZC=F,410.25,410.25,417.5,408.0,415.5,144137
2025-06-26,Corn,ZC=F,409.5,409.5,414.5,408.0,410.0,159014
2025-06-27,Corn,ZC=F,417.5,417.5,419.25,409.25,409.5,106238
2025-06-30,Corn,ZC=F,420.5,420.5,422.75,415.0,417.75,12555
2025-07-01,Corn,ZC=F,420.0,420.0,423.0,414.5,421.25,4103
2025-07-02,Corn,ZC=F,429.25,429.25,430.25,415.5,419.75,3639
2025-07-03,Corn,ZC=F,431.5,431.5,435.25,429.25,429.5,0
2025-07-07,Corn,ZC=F,418.0,418.0,426.0,417.0,426.0,709
2025-07-08,Corn,ZC=F,411.0,411.0,420.5,411.0,420.5,573
2025-07-09,Corn,ZC=F,412.5,412.5,415.5,409.75,415.5,349
2025-07-10,Corn,ZC=F,407.25,407.25,414.0,407.25,412.5,571
2025-07-11,Corn,ZC=F,403.0,403.0,409.75,400.0,407.25,315
2025-07-14,Corn,ZC=F,412.75,412.75,412.75,398.75,411.75,185262
2025-07-15,Corn,ZC=F,401.25,401.25,406.25,395.0,399.5,182568
2025-07-16,Corn,ZC=F,405.25,405.25,407.25,400.0,400.0,163241
2025-07-17,Corn,ZC=F,402.0,402.0,407.0,400.25,405.0,103691
2025-07-18,Corn,ZC=F,408.5,408.5,411.0,402.5,403.0,127464
2025-07-21,Corn,ZC=F,403.75,403.75,408.75,400.25,406.5,112066
2025-07-22,Corn,ZC=F,399.25,399.25,406.0,398.5,404.5,114958
2025-07-23,Corn,ZC=F,398.5,398.5,401.75,397.25,399.25,92982
2025-07-24,Corn,ZC=F,401.75,401.75,404.25,398.25,398.25,111447
2025-07-25,Corn,ZC=F,399.5,399.5,403.0,398.25,401.5,97166
2025-07-28,Corn,ZC=F,393.75,393.75,400.0,392.0,399.0,141670
2025-07-29,Corn,ZC=F,389.25,389.25,394.25,387.75,392.0,169994
2025-07-30,Corn,ZC=F,391.75,391.75,393.5,388.25,389.0,132091
2025-07-31,Corn,ZC=F,394.0,394.0,394.75,388.0,391.25,124175
2025-08-01,Corn,ZC=F,389.5,389.5,396.25,388.75,394.0,111475
2025-08-04,Corn,ZC=F,387.0,387.0,392.5,386.5,389.5,133486
2025-08-05,Corn,ZC=F,381.5,381.5,386.75,380.5,386.25,166267
2025-08-06,Corn,ZC=F,379.75,379.75,381.25,375.0,381.0,151730
2025-08-07,Corn,ZC=F,384.5,384.5,386.0,379.75,379.75,154983
2025-08-08,Corn,ZC=F,382.75,382.75,389.25,382.0,384.0,174531
2025-08-11,Corn,ZC=F,385.0,385.0,387.0,380.5,382.5,180486
2025-08-12,Corn,ZC=F,371.5,371.5,384.75,368.75,384.5,252732
2025-08-13,Corn,ZC=F,374.0,374.0,376.0,370.75,371.5,167774
2025-08-14,Corn,ZC=F,375.0,375.0,376.75,369.5,373.25,112000
2025-08-15,Corn,ZC=F,383.75,383.75,384.25,374.5,375.5,129521
2025-08-18,Corn,ZC=F,383.0,383.0,384.75,379.25,383.0,104730
2025-08-19,Corn,ZC=F,379.5,379.5,383.0,377.75,383.0,79845
2025-08-20,Corn,ZC=F,380.0,380.0,382.25,378.25,379.5,109776
2025-08-21,Corn,ZC=F,387.25,387.25,389.5,379.25,379.75,116898
2025-08-22,Corn,ZC=F,388.25,388.25,389.25,385.5,387.25,108358
2025-08-25,Corn,ZC=F,389.25,389.25,394.0,388.25,389.25,123992
2025-08-26,Corn,ZC=F,387.5,387.5,392.0,386.75,389.0,170218
2025-08-27,Corn,ZC=F,382.5,382.5,387.5,381.75,387.0,108482
2025-08-28,Corn,ZC=F,385.5,385.5,387.5,379.75,382.5,81216
2025-08-29,Corn,ZC=F,398.0,398.0,398.5,387.0,387.0,0
2025-09-02,Corn,ZC=F,403.0,403.0,403.75,393.5,396.25,1546
2025-09-03,Corn,ZC=F,397.75,397.75,404.5,396.5,403.0,1025
2025-09-04,Corn,ZC=F,399.75,399.75,400.25,394.25,397.5,863
2025-09-05,Corn,ZC=F,399.0,399.0,405.25,397.25,401.25,417
2025-09-08,Corn,ZC=F,403.0,403.0,403.75,394.0,398.0,549
2025-09-09,Corn,ZC=F,401.25,401.25,403.5,398.75,402.0,146
2025-09-10,Corn,ZC=F,397.25,397.25,401.25,395.5,401.0,57
2025-09-11,Corn,ZC=F,399.0,399.0,399.0,396.75,398.25,120
2025-09-12,Corn,ZC=F,399.0,399.0,405.25,398.5,402.5,363844
2025-09-15,Corn,ZC=F,423.25,423.25,428.5,422.0,426.25,192792
2025-09-16,Corn,ZC=F,429.5,429.5,431.25,423.0,423.0,178779
2025-09-17,Corn,ZC=F,426.75,426.75,431.25,425.5,428.75,146851
2025-09-18,Corn,ZC=F,423.75,423.75,428.0,423.5,426.5,113263
2025-09-19,Corn,ZC=F,424.0,424.0,429.75,422.25,424.0,162409
2025-09-22,Corn,ZC=F,421.75,421.75,424.75,418.25,424.0,189769
2025-09-23,Corn,ZC=F,426.25,426.25,426.5,418.75,421.75,145931
2025-09-24,Corn,ZC=F,424.25,424.25,427.5,423.5,425.0,134256
2025-09-25,Corn,ZC=F,425.75,425.75,428.25,423.5,423.75,146851
2025-09-26,Corn,ZC=F,422.0,422.0,425.75,421.25,425.25,131813
2025-09-29,Corn,ZC=F,421.5,421.5,422.75,418.75,421.0,146154
2025-09-30,Corn,ZC=F,415.5,415.5,421.5,414.0,421.25,279177
2025-10-01,Corn,ZC=F,416.5,416.5,419.5,410.5,415.75,285170
2025-10-02,Corn,ZC=F,421.75,421.75,422.5,414.75,417.25,192896
2025-10-03,Corn,ZC=F,419.0,419.0,423.0,418.5,420.75,179524
2025-10-06,Corn,ZC=F,421.75,421.75,422.5,417.25,419.0,141859
2025-10-07,Corn,ZC=F,419.75,419.75,424.5,419.0,421.5,219828
2025-10-08,Corn,ZC=F,422.0,422.0,422.75,418.5,419.25,167360
2025-10-09,Corn,ZC=F,418.25,418.25,423.25,418.0,422.0,207206
2025-10-10,Corn,ZC=F,413.0,413.0,419.25,412.25,418.25,233653
2025-10-13,Corn,ZC=F,410.75,410.75,415.0,410.5,413.0,233653
2025-10-14,Corn,ZC=F,413.0,413.0,413.5,409.25,410.75,192433
2025-10-15,Corn,ZC=F,416.75,416.75,418.5,411.25,412.75,195171
2025-10-16,Corn,ZC=F,421.75,421.75,423.5,416.25,416.75,304262
2025-10-17,Corn,ZC=F,422.5,422.5,424.75,421.0,421.25,185452
2025-10-20,Corn,ZC=F,423.25,423.25,424.0,419.5,422.5,179465
2025-10-21,Corn,ZC=F,419.75,419.75,424.5,418.5,423.25,181051
2025-10-22,Corn,ZC=F,423.0,423.0,424.0,418.5,419.75,186819
2025-10-23,Corn,ZC=F,428.0,428.0,428.5,421.0,423.0,206571
2025-10-24,Corn,ZC=F,423.25,423.25,427.5,423.0,427.25,211852
2025-10-27,Corn,ZC=F,428.75,428.75,431.75,426.0,427.0,295622
2025-10-28,Corn,ZC=F,432.0,432.0,436.25,427.25,428.0,378016
2025-10-29,Corn,ZC=F,434.0,434.0,435.0,430.0,431.25,239879
2025-10-30,Corn,ZC=F,430.25,430.25,437.0,427.75,434.0,301183
2025-10-31,Corn,ZC=F,431.5,431.5,432.25,426.5,429.25,214312
2025-11-03,Corn,ZC=F,434.25,434.25,435.0,427.75,431.0,0
2025-11-04,Corn,ZC=F,431.5,431.5,434.5,429.25,434.0,183033
2025-11-05,Corn,ZC=F,435.25,435.25,436.0,428.75,430.5,201307
2025-11-06,Corn,ZC=F,428.75,428.75,434.75,428.25,434.5,228266
2025-11-07,Corn,ZC=F,427.25,427.25,430.5,426.75,428.5,186066
2025-11-10,Corn,ZC=F,429.75,429.75,431.25,426.25,426.75,220392
2025-11-11,Corn,ZC=F,432.0,432.0,432.75,428.5,429.0,221848
2025-11-12,Corn,ZC=F,435.25,435.25,436.0,431.0,431.5,271699
2025-11-13,Corn,ZC=F,441.5,441.5,442.75,434.0,434.75,400924
2025-11-14,Corn,ZC=F,430.25,430.25,442.75,429.5,441.5,411585
2025-11-17,Corn,ZC=F,434.75,434.75,437.25,428.5,429.75,219642
2025-11-18,Corn,ZC=F,436.75,436.75,438.5,433.25,434.75,162294
2025-11-19,Corn,ZC=F,429.75,429.75,436.25,428.25,435.5,198902
2025-11-20,Corn,ZC=F,426.5,426.5,431.25,425.75,429.75,195292
2025-11-21,Corn,ZC=F,425.5,425.5,427.75,424.0,426.25,194578
2025-11-24,Corn,ZC=F,423.75,423.75,426.5,422.25,426.0,227312
2025-11-25,Corn,ZC=F,423.5,423.5,426.0,422.25,423.75,227795
2025-11-26,Corn,ZC=F,431.75,431.75,433.5,423.0,423.0,158325
2025-11-28,Corn,ZC=F,435.5,435.5,437.0,430.75,432.0,8642
2025-12-01,Corn,ZC=F,432.75,432.75,436.5,432.0,434.5,3265
2025-12-02,Corn,ZC=F,438.0,438.0,439.25,430.75,433.25,2267
2025-12-03,Corn,ZC=F,431.5,431.5,438.0,431.0,438.0,1340
2025-12-04,Corn,ZC=F,437.75,437.75,438.25,431.0,432.75,1242
2025-12-05,Corn,ZC=F,436.75,436.75,439.0,435.5,435.75,1038
2025-12-08,Corn,ZC=F,436.25,436.25,439.75,432.5,437.25,1738
2025-12-09,Corn,ZC=F,440.75,440.75,441.75,434.5,437.0,1093
2025-12-10,Corn,ZC=F,434.75,434.75,440.5,434.0,440.5,702
2025-12-11,Corn,ZC=F,435.25,435.25,440.0,432.5,436.75,257
2025-12-12,Corn,ZC=F,431.5,431.5,437.0,428.25,433.25,218646
2025-12-15,Corn,ZC=F,439.75,439.75,441.25,436.75,440.25,182672
2025-12-16,Corn,ZC=F,436.5,436.5,440.0,435.5,439.75,146742
2025-12-17,Corn,ZC=F,440.5,440.5,441.5,436.0,436.0,164256
2025-12-18,Corn,ZC=F,444.5,444.5,446.0,440.5,440.5,178974
2025-12-19,Corn,ZC=F,443.75,443.75,444.75,442.5,444.0,129516
2025-12-22,Corn,ZC=F,447.0,447.0,447.75,443.0,443.25,136615
2025-12-23,Corn,ZC=F,447.5,447.5,449.0,446.25,446.5,123702
2025-12-24,Corn,ZC=F,451.0,451.0,451.25,446.75,447.0,95803
2025-12-26,Corn,ZC=F,450.0,450.0,453.0,448.75,451.0,100523
2025-12-29,Corn,ZC=F,442.25,442.25,451.0,442.0,450.0,169679
2025-12-30,Corn,ZC=F,440.5,440.5,443.0,439.75,442.0,121253
2025-12-31,Corn,ZC=F,440.25,440.25,442.5,439.0,440.5,98189
2026-01-02,Corn,ZC=F,437.5,437.5,440.75,437.0,440.75,143948
2026-01-05,Corn,ZC=F,444.5,444.5,445.5,436.25,437.25,183496
2026-01-06,Corn,ZC=F,444.0,444.0,447.0,443.5,444.0,185037
2026-01-07,Corn,ZC=F,446.75,446.75,447.25,443.75,443.75,155458
2026-01-08,Corn,ZC=F,446.0,446.0,448.0,445.5,446.0,169477
2026-01-09,Corn,ZC=F,445.75,445.75,447.5,443.75,445.25,171304
2026-01-12,Corn,ZC=F,421.5,421.5,448.75,420.0,445.0,570230
2026-01-13,Corn,ZC=F,419.75,419.75,422.75,417.25,421.75,357198
2026-01-14,Corn,ZC=F,422.0,422.0,425.0,419.5,420.0,232729
2026-01-15,Corn,ZC=F,420.25,420.25,425.0,420.0,422.5,193927
2026-01-16,Corn,ZC=F,424.75,424.75,427.25,420.0,420.25,200728
2026-01-20,Corn,ZC=F,423.75,423.75,425.5,422.0,423.5,174838
2026-01-21,Corn,ZC=F,421.75,421.75,427.75,421.25,423.75,155623
2026-01-22,Corn,ZC=F,424.0,424.0,424.25,421.0,422.5,147104
2026-01-23,Corn,ZC=F,430.5,430.5,431.25,422.5,423.75,257317
2026-01-26,Corn,ZC=F,428.25,428.25,431.5,427.25,430.0,158114
2026-01-27,Corn,ZC=F,426.5,426.5,429.75,426.0,428.25,124209
2026-01-28,Corn,ZC=F,430.0,430.0,433.25,426.75,427.0,200201
2026-01-29,Corn,ZC=F,430.75,430.75,434.0,428.0,430.0,180152
2026-01-30,Corn,ZC=F,428.25,428.25,431.75,425.25,430.75,193268
2026-02-02,Corn,ZC=F,425.75,425.75,428.25,424.0,428.25,153885
2026-02-03,Corn,ZC=F,428.5,428.5,429.25,425.5,425.75,158964
2026-02-04,Corn,ZC=F,429.5,429.5,432.75,425.25,428.5,240663
2026-02-05,Corn,ZC=F,435.0,435.0,435.75,427.0,429.0,224622
2026-02-06,Corn,ZC=F,430.25,430.25,436.0,428.75,434.5,240381
2026-02-09,Corn,ZC=F,428.75,428.75,430.0,427.25,428.75,182317
2026-02-10,Corn,ZC=F,428.75,428.75,431.0,427.75,428.0,222724
2026-02-11,Corn,ZC=F,427.5,427.5,429.5,425.25,428.75,252146
2026-02-12,Corn,ZC=F,431.25,431.25,431.5,427.0,428.0,339184
2026-02-13,Corn,ZC=F,431.75,431.75,432.75,429.5,431.0,236783
2026-02-17,Corn,ZC=F,426.25,426.25,431.25,426.0,431.0,194390
2026-02-18,Corn,ZC=F,427.0,427.0,428.5,425.25,426.25,168146
2026-02-19,Corn,ZC=F,425.75,425.75,427.75,424.0,426.75,217087
2026-02-20,Corn,ZC=F,427.5,427.5,428.75,424.0,425.75,249050
2026-02-23,Corn,ZC=F,427.5,427.5,431.5,425.25,427.25,234474
2026-02-24,Corn,ZC=F,427.75,427.75,429.0,426.0,427.5,158332
2026-02-25,Corn,ZC=F,430.5,430.5,431.25,426.75,428.0,118548
2026-02-26,Corn,ZC=F,433.25,433.25,433.75,428.0,430.0,103287
2026-02-27,Corn,ZC=F,438.75,438.75,440.0,432.0,432.75,13640
2026-03-02,Corn,ZC=F,433.25,433.25,441.0,431.75,439.5,5722
2026-03-03,Corn,ZC=F,434.25,434.25,438.75,432.0,433.25,1549
2026-03-04,Corn,ZC=F,431.75,431.75,434.25,428.0,433.5,1646
2026-03-05,Corn,ZC=F,441.5,441.5,442.25,433.75,434.0,385
2026-03-06,Corn,ZC=F,447.0,447.0,449.5,441.0,441.0,757
2026-03-09,Corn,ZC=F,437.5,437.5,459.0,437.5,447.25,1326
2026-03-10,Corn,ZC=F,436.25,436.25,437.75,432.0,434.75,602
2026-03-11,Corn,ZC=F,444.25,444.25,446.5,439.0,441.0,286
2026-03-12,Corn,ZC=F,448.25,448.25,453.5,448.25,448.5,135
2026-03-13,Corn,ZC=F,452.5,452.5,453.5,446.0,446.0,182865
2026-03-16,Corn,ZC=F,454.0,454.0,466.0,452.0,464.75,279245
2026-03-17,Corn,ZC=F,454.0,454.0,459.0,449.25,453.75,200108
2026-03-18,Corn,ZC=F,463.25,463.25,464.5,451.5,454.75,190614
2026-03-19,Corn,ZC=F,469.75,469.75,470.0,463.25,463.25,214405
2026-03-20,Corn,ZC=F,465.5,465.5,469.25,464.0,469.0,161723
2026-03-23,Corn,ZC=F,459.5,459.5,473.75,456.5,465.25,253109
2026-03-24,Corn,ZC=F,462.5,462.5,465.75,459.0,460.0,184112
2026-03-25,Corn,ZC=F,467.25,467.25,468.5,458.0,461.25,155914
2026-03-26,Corn,ZC=F,467.0,467.0,468.75,462.0,466.75,164119
2026-03-27,Corn,ZC=F,462.0,462.0,470.5,460.75,466.0,179461
2026-03-30,Corn,ZC=F,455.75,455.75,465.75,455.0,462.75,165878
2026-03-31,Corn,ZC=F,457.75,457.75,462.0,451.25,455.5,288867
2026-04-01,Corn,ZC=F,454.25,454.25,460.0,448.5,457.5,203129
2026-04-02,Corn,ZC=F,452.25,452.25,460.5,451.25,454.0,0
2026-04-06,Corn,ZC=F,454.0,454.0,454.5,448.25,453.0,126749
2026-04-07,Corn,ZC=F,449.0,449.0,455.0,448.25,454.0,172653
2026-04-08,Corn,ZC=F,447.25,447.25,448.25,442.25,447.0,295027
2026-04-09,Corn,ZC=F,444.0,444.0,450.25,442.25,447.25,247651
2026-04-10,Corn,ZC=F,441.0,441.0,446.25,438.0,444.75,237015
2026-04-13,Corn,ZC=F,440.25,440.25,446.0,440.0,446.0,261260
2026-04-14,Corn,ZC=F,443.0,443.0,446.0,440.25,440.5,229083
2026-04-15,Corn,ZC=F,451.25,451.25,452.0,442.75,443.0,235844
2026-04-16,Corn,ZC=F,448.5,448.5,452.75,447.5,451.0,171542
2026-04-17,Corn,ZC=F,448.75,448.75,451.0,443.25,448.25,158101
2026-04-20,Corn,ZC=F,452.0,452.0,454.0,446.75,449.0,203127
2026-04-21,Corn,ZC=F,453.75,453.75,455.25,450.75,452.0,175218
2026-04-22,Corn,ZC=F,454.25,454.25,457.0,452.75,453.5,169698
2026-04-23,Corn,ZC=F,455.5,455.5,456.75,452.5,453.5,120100
2026-04-24,Corn,ZC=F,455.0,455.0,457.75,453.5,455.5,127510
2026-04-27,Corn,ZC=F,460.75,460.75,461.25,454.25,454.25,191489
2026-04-28,Corn,ZC=F,465.25,465.25,465.5,460.0,460.25,172176
2026-04-29,Corn,ZC=F,466.5,466.5,468.25,462.75,464.25,105694
2026-04-30,Corn,ZC=F,464.75,464.75,469.0,460.75,466.25,9716
2026-05-01,Corn,ZC=F,468.25,468.25,471.25,461.75,462.75,3433
2026-05-04,Corn,ZC=F,473.75,473.75,474.0,466.5,468.25,2298
2026-05-05,Corn,ZC=F,465.5,465.5,475.0,464.25,473.75,1417
2026-05-06,Corn,ZC=F,452.75,452.75,463.0,452.25,463.0,1311
2026-05-07,Corn,ZC=F,452.75,452.75,453.25,446.75,453.0,730
2026-05-08,Corn,ZC=F,456.25,456.25,457.75,452.5,454.0,329
2026-05-11,Corn,ZC=F,460.75,460.75,462.0,459.5,461.0,126
2026-05-12,Corn,ZC=F,467.25,467.25,467.75,463.0,463.0,413
2026-05-13,Corn,ZC=F,466.5,466.5,470.75,466.5,467.25,55
2026-05-14,Corn,ZC=F,451.5,451.5,456.0,451.5,456.0,277366
2026-05-15,Corn,ZC=F,455.75,455.75,473.75,455.0,468.25,301697
2026-05-18,Corn,ZC=F,477.0,477.0,478.0,464.0,469.0,372244
2026-05-19,Corn,ZC=F,475.25,475.25,481.75,472.0,476.75,218612
2026-05-20,Corn,ZC=F,465.75,465.75,477.0,462.75,475.75,248291
2026-05-21,Corn,ZC=F,462.25,462.25,469.25,460.0,465.0,210499
2026-05-22,Corn,ZC=F,463.25,463.25,467.75,461.0,462.5,162835
2026-05-26,Corn,ZC=F,457.5,457.5,463.0,456.5,458.25,229760
2026-05-27,Corn,ZC=F,452.5,452.5,459.75,451.75,458.5,177055
2026-05-28,Corn,ZC=F,455.75,455.75,458.25,451.5,452.25,240560
2026-05-29,Corn,ZC=F,446.75,446.75,459.0,445.0,457.75,248523
2026-06-01,Corn,ZC=F,444.0,444.0,449.25,440.0,446.0,241486
2026-06-02,Corn,ZC=F,440.5,440.5,445.75,439.0,444.75,211400
2026-06-03,Corn,ZC=F,431.5,431.5,442.0,430.25,440.75,246223
2026-06-04,Corn,ZC=F,424.5,424.5,431.5,421.5,431.0,273610
2026-06-05,Corn,ZC=F,417.5,417.5,424.5,416.0,424.0,295853
2026-06-08,Corn,ZC=F,418.75,418.75,421.0,412.5,420.5,280265
2026-06-09,Corn,ZC=F,419.5,419.5,425.5,417.5,419.0,289426
2026-06-10,Corn,ZC=F,419.0,419.0,425.75,418.25,419.75,252579
2026-06-11,Corn,ZC=F,411.75,411.75,420.0,410.5,419.75,315342
2026-06-12,Corn,ZC=F,412.75,412.75,417.0,408.5,411.75,206777
2026-06-15,Corn,ZC=F,415.5,415.5,416.75,406.25,411.75,200373
2026-06-16,Corn,ZC=F,413.75,413.75,421.0,412.5,415.0,275994
2026-06-17,Corn,ZC=F,421.0,421.0,421.75,412.25,414.25,197785
2026-06-18,Corn,ZC=F,417.5,417.5,422.0,415.0,419.75,179735
2026-06-22,Corn,ZC=F,411.5,411.5,418.0,411.25,417.5,211745
2026-06-23,Corn,ZC=F,409.75,409.75,414.5,407.0,411.5,200271
2026-06-24,Corn,ZC=F,407.0,407.0,412.5,405.75,410.0,166823
2026-06-25,Corn,ZC=F,414.75,414.75,416.0,403.75,406.0,214854
2026-06-26,Corn,ZC=F,412.75,412.75,417.5,411.25,414.25,258009
2026-06-29,Corn,ZC=F,402.0,402.0,412.5,398.5,412.5,131331
2026-06-30,Corn,ZC=F,412.75,412.75,415.5,400.5,402.0,17806
2026-07-01,Corn,ZC=F,421.0,421.0,422.25,412.25,413.75,4203
2026-07-02,Corn,ZC=F,425.0,425.0,428.25,421.0,422.0,3122
2026-07-06,Corn,ZC=F,440.75,440.75,441.5,430.0,430.0,978
2026-07-07,Corn,ZC=F,442.5,442.5,444.5,437.25,441.0,1098
2026-07-08,Corn,ZC=F,434.75,434.75,443.75,434.25,442.25,492
2026-07-09,Corn,ZC=F,427.75,427.75,435.0,427.75,434.0,1502
2026-07-10,Corn,ZC=F,438.0,438.0,438.25,428.0,428.5,271
2026-07-13,Corn,ZC=F,437.75,437.75,447.75,437.75,441.0,195
2026-07-14,Corn,ZC=F,433.75,433.75,441.0,432.5,439.75,88277
2026-07-15,Corn,ZC=F,447.5,447.5,449.0,437.0,438.0,153312
2026-07-16,Corn,ZC=F,441.5,441.5,452.0,440.25,446.75,127513
2026-07-17,Corn,ZC=F,444.75,444.75,445.5,436.0,441.0,105384
2026-07-20,Corn,ZC=F,449.5,449.5,452.5,447.0,449.0,154388
2026-07-21,Corn,ZC=F,452.75,452.75,453.75,445.5,447.0,104323
2026-07-22,Corn,ZC=F,462.0,462.0,463.0,452.0,452.25,153366
2026-07-23,Corn,ZC=F,464.0,464.0,466.75,460.0,460.0,123627
2026-07-24,Corn,ZC=F,464.25,464.25,468.0,455.5,462.5,138477
2026-07-27,Corn,ZC=F,451.75,451.75,461.25,448.75,459.25,138477
2026-07-28,Corn,ZC=F,475.5,475.5,478.25,474.25,474.75,17836
2023-07-28,Crude Oil,CL=F,80.58000183105469,80.58000183105469,80.70999908447266,79.06999969482422,79.83999633789062,299547
2023-07-31,Crude Oil,CL=F,81.80000305175781,81.80000305175781,82.0,80.12999725341797,80.6500015258789,297270
2023-08-01,Crude Oil,CL=F,81.37000274658203,81.37000274658203,82.22000122070312,80.58999633789062,81.7300033569336,307859
2023-08-02,Crude Oil,CL=F,79.48999786376953,79.48999786376953,82.43000030517578,79.05000305175781,82.05000305175781,414825
2023-08-03,Crude Oil,CL=F,81.55000305175781,81.55000305175781,81.86000061035156,78.69000244140625,79.7699966430664,402641
2023-08-04,Crude Oil,CL=F,82.81999969482422,82.81999969482422,83.23999786376953,81.51000213623047,81.7300033569336,320873
2023-08-07,Crude Oil,CL=F,81.94000244140625,81.94000244140625,83.30000305175781,81.5199966430664,82.81999969482422,293036
2023-08-08,Crude Oil,CL=F,82.91999816894531,82.91999816894531,83.08000183105469,79.9000015258789,82.52999877929688,424545
2023-08-09,Crude Oil,CL=F,84.4000015258789,84.4000015258789,84.6500015258789,82.66999816894531,82.87999725341797,478140
2023-08-10,Crude Oil,CL=F,82.81999969482422,82.81999969482422,84.88999938964844,82.58000183105469,84.25,362188
2023-08-11,Crude Oil,CL=F,83.19000244140625,83.19000244140625,83.80999755859375,82.2300033569336,82.83000183105469,331254
2023-08-14,Crude Oil,CL=F,82.51000213623047,82.51000213623047,83.19999694824219,81.76000213623047,83.08999633789062,277352
2023-08-15,Crude Oil,CL=F,80.98999786376953,80.98999786376953,82.91000366210938,80.4000015258789,82.5199966430664,303207
2023-08-16,Crude Oil,CL=F,79.37999725341797,79.37999725341797,81.43000030517578,79.05000305175781,81.2300033569336,325403
2023-08-17,Crude Oil,CL=F,80.38999938964844,80.38999938964844,81.08000183105469,78.94999694824219,79.25,235581
2023-08-18,Crude Oil,CL=F,81.25,81.25,81.61000061035156,79.58999633789062,80.04000091552734,128090
2023-08-21,Crude Oil,CL=F,80.72000122070312,80.72000122070312,82.47000122070312,80.61000061035156,81.43000030517578,115874
2023-08-22,Crude Oil,CL=F,80.3499984741211,80.3499984741211,80.98999786376953,80.0999984741211,80.80000305175781,287489
2023-08-23,Crude Oil,CL=F,78.88999938964844,78.88999938964844,79.91000366210938,77.62000274658203,79.63999938964844,378146
2023-08-24,Crude Oil,CL=F,79.05000305175781,79.05000305175781,79.27999877929688,77.58999633789062,78.56999969482422,349230
2023-08-25,Crude Oil,CL=F,79.83000183105469,79.83000183105469,80.44999694824219,78.13999938964844,78.87999725341797,411409
2023-08-28,Crude Oil,CL=F,80.0999984741211,80.0999984741211,80.87000274658203,79.61000061035156,80.1500015258789,246584
2023-08-29,Crude Oil,CL=F,81.16000366210938,81.16000366210938,81.41000366210938,79.33999633789062,79.9800033569336,284168
2023-08-30,Crude Oil,CL=F,81.62999725341797,81.62999725341797,82.05000305175781,80.87999725341797,81.29000091552734,299418
2023-08-31,Crude Oil,CL=F,83.62999725341797,83.62999725341797,83.69000244140625,81.4800033569336,81.69999694824219,368848
2023-09-01,Crude Oil,CL=F,85.55000305175781,85.55000305175781,86.05999755859375,83.45999908447266,83.62999725341797,420461
2023-09-05,Crude Oil,CL=F,86.69000244140625,86.69000244140625,88.06999969482422,85.0199966430664,86.05999755859375,452908
2023-09-06,Crude Oil,CL=F,87.54000091552734,87.54000091552734,88.08000183105469,85.93000030517578,86.72000122070312,307115
2023-09-07,Crude Oil,CL=F,86.87000274658203,86.87000274658203,87.73999786376953,86.38999938964844,87.54000091552734,270736
2023-09-08,Crude Oil,CL=F,87.51000213623047,87.51000213623047,87.94999694824219,86.1500015258789,86.77999877929688,294437
2023-09-11,Crude Oil,CL=F,87.29000091552734,87.29000091552734,88.1500015258789,86.70999908447266,87.4000015258789,292388
2023-09-12,Crude Oil,CL=F,88.83999633789062,88.83999633789062,89.37000274658203,87.22000122070312,87.2699966430664,341137
2023-09-13,Crude Oil,CL=F,88.5199966430664,88.5199966430664,89.63999938964844,88.29000091552734,88.75,345972
2023-09-14,Crude Oil,CL=F,90.16000366210938,90.16000366210938,90.79000091552734,88.68000030517578,88.80999755859375,325270
2023-09-15,Crude Oil,CL=F,90.7699966430664,90.7699966430664,91.2300033569336,89.22000122070312,90.66999816894531,315003
2023-09-18,Crude Oil,CL=F,91.4800033569336,91.4800033569336,92.43000030517578,90.75,91.19999694824219,119258
2023-09-19,Crude Oil,CL=F,91.19999694824219,91.19999694824219,93.73999786376953,91.06999969482422,92.22000122070312,94597
2023-09-20,Crude Oil,CL=F,90.27999877929688,90.27999877929688,91.9800033569336,89.87000274658203,91.55000305175781,457854
2023-09-21,Crude Oil,CL=F,89.62999725341797,89.62999725341797,90.9800033569336,88.37000274658203,89.30000305175781,351032
2023-09-22,Crude Oil,CL=F,90.02999877929688,90.02999877929688,91.33000183105469,89.30999755859375,89.62000274658203,402087
2023-09-25,Crude Oil,CL=F,89.68000030517578,89.68000030517578,90.83000183105469,89.02999877929688,90.55000305175781,328369
2023-09-26,Crude Oil,CL=F,90.38999938964844,90.38999938964844,90.73999786376953,88.19000244140625,89.87999725341797,318016
2023-09-27,Crude Oil,CL=F,93.68000030517578,93.68000030517578,94.16999816894531,90.4000015258789,90.52999877929688,504630
2023-09-28,Crude Oil,CL=F,91.70999908447266,91.70999908447266,95.02999877929688,91.38999938964844,93.77999877929688,406709
2023-09-29,Crude Oil,CL=F,90.79000091552734,90.79000091552734,93.0999984741211,90.3499984741211,91.76000213623047,355782
2023-10-02,Crude Oil,CL=F,88.81999969482422,88.81999969482422,91.87999725341797,88.45999908447266,90.81999969482422,334493
2023-10-03,Crude Oil,CL=F,89.2300033569336,89.2300033569336,90.2699966430664,87.76000213623047,88.66999816894531,350659
2023-10-04,Crude Oil,CL=F,84.22000122070312,84.22000122070312,89.58999633789062,84.16000366210938,89.41999816894531,459995
2023-10-05,Crude Oil,CL=F,82.30999755859375,82.30999755859375,84.91999816894531,82.1500015258789,84.44999694824219,465997
2023-10-06,Crude Oil,CL=F,82.79000091552734,82.79000091552734,83.27999877929688,81.5,82.27999877929688,461139
2023-10-09,Crude Oil,CL=F,86.37999725341797,86.37999725341797,87.23999786376953,84.66999816894531,85.25,435037
2023-10-10,Crude Oil,CL=F,85.97000122070312,85.97000122070312,86.73999786376953,85.12000274658203,86.43000030517578,337654
2023-10-11,Crude Oil,CL=F,83.48999786376953,83.48999786376953,86.51000213623047,83.11000061035156,85.95999908447266,425395
2023-10-12,Crude Oil,CL=F,82.91000366210938,82.91000366210938,85.19999694824219,82.30999755859375,83.19999694824219,373492
2023-10-13,Crude Oil,CL=F,87.69000244140625,87.69000244140625,87.83000183105469,83.3499984741211,83.51000213623047,356863
2023-10-16,Crude Oil,CL=F,86.66000366210938,86.66000366210938,88.33000183105469,86.31999969482422,87.72000122070312,235780
2023-10-17,Crude Oil,CL=F,86.66000366210938,86.66000366210938,87.75,85.5999984741211,87.05999755859375,197124
2023-10-18,Crude Oil,CL=F,88.31999969482422,88.31999969482422,89.87999725341797,87.19999694824219,87.80999755859375,92797
2023-10-19,Crude Oil,CL=F,89.37000274658203,89.37000274658203,90.68000030517578,86.5999984741211,88.23999786376953,72058
2023-10-20,Crude Oil,CL=F,88.75,88.75,90.77999877929688,88.33000183105469,90.27999877929688,311917
2023-10-23,Crude Oil,CL=F,85.48999786376953,85.48999786376953,88.29000091552734,85.3499984741211,88.0,315517
2023-10-24,Crude Oil,CL=F,83.73999786376953,83.73999786376953,86.30000305175781,82.94000244140625,86.1500015258789,370591
2023-10-25,Crude Oil,CL=F,85.38999938964844,85.38999938964844,85.55999755859375,82.08000183105469,83.69000244140625,429459
2023-10-26,Crude Oil,CL=F,83.20999908447266,83.20999908447266,85.58999633789062,82.55999755859375,85.37000274658203,341792
2023-10-27,Crude Oil,CL=F,85.54000091552734,85.54000091552734,85.9000015258789,83.0999984741211,83.52999877929688,333760
2023-10-30,Crude Oil,CL=F,82.30999755859375,82.30999755859375,85.30000305175781,81.81999969482422,85.0,356928
2023-10-31,Crude Oil,CL=F,81.0199966430664,81.0199966430664,83.37000274658203,80.73999786376953,82.58999633789062,346007
2023-11-01,Crude Oil,CL=F,80.44000244140625,80.44000244140625,83.41999816894531,80.30000305175781,81.4800033569336,321592
2023-11-02,Crude Oil,CL=F,82.45999908447266,82.45999908447266,82.83000183105469,80.22000122070312,80.81999969482422,307122
2023-11-03,Crude Oil,CL=F,80.51000213623047,80.51000213623047,83.5999984741211,80.0999984741211,82.58000183105469,457281
2023-11-06,Crude Oil,CL=F,80.81999969482422,80.81999969482422,82.23999786376953,80.66000366210938,81.12999725341797,271131
2023-11-07,Crude Oil,CL=F,77.37000274658203,77.37000274658203,81.05000305175781,77.08999633789062,80.93000030517578,396289
2023-11-08,Crude Oil,CL=F,75.33000183105469,75.33000183105469,77.52999877929688,74.91000366210938,77.12000274658203,429647
2023-11-09,Crude Oil,CL=F,75.73999786376953,75.73999786376953,77.16000366210938,75.20999908447266,75.6500015258789,303430
2023-11-10,Crude Oil,CL=F,77.16999816894531,77.16999816894531,77.7300033569336,75.30999755859375,75.58999633789062,266998
2023-11-13,Crude Oil,CL=F,78.26000213623047,78.26000213623047,78.63999938964844,76.20999908447266,77.1500015258789,262903
2023-11-14,Crude Oil,CL=F,78.26000213623047,78.26000213623047,79.7699966430664,77.79000091552734,78.52999877929688,263002
2023-11-15,Crude Oil,CL=F,76.66000366210938,76.66000366210938,78.7699966430664,76.30999755859375,78.16999816894531,282301
2023-11-16,Crude Oil,CL=F,72.9000015258789,72.9000015258789,76.62999725341797,72.16000366210938,76.5999984741211,125165
2023-11-17,Crude Oil,CL=F,75.88999938964844,75.88999938964844,75.98999786376953,72.75,72.97000122070312,101484
2023-11-20,Crude Oil,CL=F,77.5999984741211,77.5999984741211,78.22000122070312,75.6500015258789,75.6500015258789,270638
2023-11-21,Crude Oil,CL=F,77.7699966430664,77.7699966430664,77.91999816894531,76.91999816894531,77.6500015258789,238629
2023-11-22,Crude Oil,CL=F,77.0999984741211,77.0999984741211,77.97000122070312,73.79000091552734,77.7699966430664,389325
2023-11-24,Crude Oil,CL=F,75.54000091552734,75.54000091552734,77.08999633789062,75.06999969482422,76.79000091552734,281147
2023-11-27,Crude Oil,CL=F,74.86000061035156,74.86000061035156,76.2300033569336,74.05999755859375,75.30999755859375,289562
2023-11-28,Crude Oil,CL=F,76.41000366210938,76.41000366210938,77.0199966430664,74.63999938964844,75.06999969482422,286618
2023-11-29,Crude Oil,CL=F,77.86000061035156,77.86000061035156,78.08999633789062,75.66999816894531,76.55999755859375,322170
2023-11-30,Crude Oil,CL=F,75.95999908447266,75.95999908447266,79.5999984741211,75.05000305175781,77.75,559169
2023-12-01,Crude Oil,CL=F,74.06999969482422,74.06999969482422,76.76000213623047,73.93000030517578,75.58999633789062,358976
2023-12-04,Crude Oil,CL=F,73.04000091552734,73.04000091552734,75.02999877929688,72.62999725341797,74.58000183105469,388832
2023-12-05,Crude Oil,CL=F,72.31999969482422,72.31999969482422,74.12000274658203,72.0199966430664,73.30000305175781,358703
2023-12-06,Crude Oil,CL=F,69.37999725341797,69.37999725341797,72.5999984741211,69.11000061035156,72.0999984741211,436803
2023-12-07,Crude Oil,CL=F,69.33999633789062,69.33999633789062,70.4800033569336,68.80000305175781,69.27999877929688,339000
2023-12-08,Crude Oil,CL=F,71.2300033569336,71.2300033569336,71.62999725341797,69.5,69.76000213623047,302250
2023-12-11,Crude Oil,CL=F,71.31999969482422,71.31999969482422,71.80999755859375,70.3499984741211,71.1500015258789,274414
2023-12-12,Crude Oil,CL=F,68.61000061035156,68.61000061035156,71.95999908447266,68.22000122070312,71.43000030517578,324530
2023-12-13,Crude Oil,CL=F,69.47000122070312,69.47000122070312,69.88999938964844,67.70999908447266,68.7300033569336,306996
2023-12-14,Crude Oil,CL=F,71.58000183105469,71.58000183105469,72.45999908447266,69.54000091552734,69.8499984741211,275688
2023-12-15,Crude Oil,CL=F,71.43000030517578,71.43000030517578,72.22000122070312,70.30000305175781,71.61000061035156,95513
2023-12-18,Crude Oil,CL=F,72.47000122070312,72.47000122070312,74.26000213623047,70.63999938964844,71.68000030517578,73941
2023-12-19,Crude Oil,CL=F,73.44000244140625,73.44000244140625,74.01000213623047,71.8499984741211,72.4800033569336,230042
2023-12-20,Crude Oil,CL=F,74.22000122070312,74.22000122070312,75.37000274658203,73.5999984741211,74.05999755859375,273364
2023-12-21,Crude Oil,CL=F,73.88999938964844,73.88999938964844,74.58000183105469,72.44000244140625,73.80999755859375,251982
2023-12-22,Crude Oil,CL=F,73.55999755859375,73.55999755859375,74.9800033569336,73.38999938964844,73.91000366210938,222600
2023-12-26,Crude Oil,CL=F,75.56999969482422,75.56999969482422,76.18000030517578,73.12999725341797,73.55999755859375,208715
2023-12-27,Crude Oil,CL=F,74.11000061035156,74.11000061035156,75.66000366210938,73.7699966430664,75.31999969482422,253323
2023-12-28,Crude Oil,CL=F,71.7699966430664,71.7699966430664,74.4000015258789,71.72000122070312,73.80000305175781,262748
2023-12-29,Crude Oil,CL=F,71.6500015258789,71.6500015258789,72.62000274658203,71.25,71.98999786376953,214486
2024-01-02,Crude Oil,CL=F,70.37999725341797,70.37999725341797,73.63999938964844,70.05999755859375,71.70999908447266,330992
2024-01-03,Crude Oil,CL=F,72.69999694824219,72.69999694824219,73.2300033569336,69.27999877929688,70.5,334861
2024-01-04,Crude Oil,CL=F,72.19000244140625,72.19000244140625,74.0,71.05999755859375,73.04000091552734,344467
2024-01-05,Crude Oil,CL=F,73.80999755859375,73.80999755859375,74.23999786376953,72.20999908447266,72.4000015258789,325525
2024-01-08,Crude Oil,CL=F,70.7699966430664,70.7699966430664,73.94999694824219,70.12999725341797,73.51000213623047,392249
2024-01-09,Crude Oil,CL=F,72.23999786376953,72.23999786376953,72.93000030517578,70.47000122070312,70.91000366210938,363445
2024-01-10,Crude Oil,CL=F,71.37000274658203,71.37000274658203,73.58999633789062,71.01000213623047,72.16999816894531,352772
2024-01-11,Crude Oil,CL=F,72.0199966430664,72.0199966430664,73.80999755859375,71.16999816894531,71.33000183105469,373645
2024-01-12,Crude Oil,CL=F,72.68000030517578,72.68000030517578,75.25,72.36000061035156,73.01000213623047,403636
2024-01-16,Crude Oil,CL=F,72.4000015258789,72.4000015258789,73.55999755859375,71.2300033569336,72.62999725341797,430437
2024-01-17,Crude Oil,CL=F,72.55999755859375,72.55999755859375,72.94999694824219,70.5,72.0,315679
2024-01-18,Crude Oil,CL=F,74.08000183105469,74.08000183105469,74.37999725341797,72.18000030517578,72.77999877929688,86646
2024-01-19,Crude Oil,CL=F,73.41000366210938,73.41000366210938,74.91000366210938,73.19999694824219,74.08000183105469,78234
2024-01-22,Crude Oil,CL=F,75.19000244140625,75.19000244140625,75.75,72.88999938964844,73.41000366210938,372284
2024-01-23,Crude Oil,CL=F,74.37000274658203,74.37000274658203,75.25,73.41000366210938,74.68000030517578,306060
2024-01-24,Crude Oil,CL=F,75.08999633789062,75.08999633789062,75.83000183105469,73.94000244140625,74.56999969482422,323726
2024-01-25,Crude Oil,CL=F,77.36000061035156,77.36000061035156,77.51000213623047,75.16000366210938,75.30000305175781,320177
2024-01-26,Crude Oil,CL=F,78.01000213623047,78.01000213623047,78.26000213623047,76.05999755859375,77.1500015258789,365456
2024-01-29,Crude Oil,CL=F,76.77999877929688,76.77999877929688,79.29000091552734,76.41000366210938,78.9000015258789,331925
2024-01-30,Crude Oil,CL=F,77.81999969482422,77.81999969482422,78.13999938964844,75.8499984741211,77.0199966430664,347242
2024-01-31,Crude Oil,CL=F,75.8499984741211,75.8499984741211,78.11000061035156,75.5199966430664,77.83999633789062,344493
2024-02-01,Crude Oil,CL=F,73.81999969482422,73.81999969482422,76.94999694824219,73.69999694824219,75.95999908447266,577936
2024-02-02,Crude Oil,CL=F,72.27999877929688,72.27999877929688,74.5199966430664,71.79000091552734,73.91000366210938,467768
2024-02-05,Crude Oil,CL=F,72.77999877929688,72.77999877929688,73.27999877929688,71.41000366210938,72.75,350843
2024-02-06,Crude Oil,CL=F,73.30999755859375,73.30999755859375,73.81999969482422,72.37999725341797,72.76000213623047,310955
2024-02-07,Crude Oil,CL=F,73.86000061035156,73.86000061035156,74.22000122070312,73.2300033569336,73.5,294955
2024-02-08,Crude Oil,CL=F,76.22000122070312,76.22000122070312,76.58999633789062,73.55999755859375,74.08000183105469,377906
2024-02-09,Crude Oil,CL=F,76.83999633789062,76.83999633789062,77.29000091552734,75.93000030517578,76.41999816894531,302612
2024-02-12,Crude Oil,CL=F,76.91999816894531,76.91999816894531,77.08999633789062,75.54000091552734,76.5999984741211,248476
2024-02-13,Crude Oil,CL=F,77.87000274658203,77.87000274658203,78.47000122070312,76.87000274658203,77.02999877929688,338174
2024-02-14,Crude Oil,CL=F,76.63999938964844,76.63999938964844,78.7699966430664,76.37999725341797,77.80999755859375,296131
2024-02-15,Crude Oil,CL=F,78.02999877929688,78.02999877929688,78.44000244140625,75.77999877929688,76.5999984741211,122432
2024-02-16,Crude Oil,CL=F,79.19000244140625,79.19000244140625,79.3499984741211,77.22000122070312,78.11000061035156,113713
2024-02-20,Crude Oil,CL=F,78.18000030517578,78.18000030517578,79.80000305175781,77.66999816894531,78.9800033569336,435235
2024-02-21,Crude Oil,CL=F,77.91000366210938,77.91000366210938,78.08000183105469,76.31999969482422,77.1500015258789,323243
2024-02-22,Crude Oil,CL=F,78.61000061035156,78.61000061035156,78.91999816894531,77.2300033569336,78.08999633789062,330511
2024-02-23,Crude Oil,CL=F,76.48999786376953,76.48999786376953,78.38999938964844,76.3499984741211,78.37000274658203,353437
2024-02-26,Crude Oil,CL=F,77.58000183105469,77.58000183105469,78.02999877929688,75.83999633789062,76.4000015258789,274710
2024-02-27,Crude Oil,CL=F,78.87000274658203,78.87000274658203,79.0,77.16999816894531,77.62000274658203,269236
2024-02-28,Crude Oil,CL=F,78.54000091552734,78.54000091552734,79.62000274658203,77.77999877929688,78.4800033569336,330043
2024-02-29,Crude Oil,CL=F,78.26000213623047,78.26000213623047,79.27999877929688,77.94000244140625,78.19999694824219,317939
2024-03-01,Crude Oil,CL=F,79.97000122070312,79.97000122070312,80.8499984741211,78.05000305175781,78.27999877929688,363417
2024-03-04,Crude Oil,CL=F,78.73999786376953,78.73999786376953,80.41000366210938,78.55999755859375,80.13999938964844,347214
2024-03-05,Crude Oil,CL=F,78.1500015258789,78.1500015258789,79.48999786376953,77.5199966430664,78.73999786376953,436521
2024-03-06,Crude Oil,CL=F,79.12999725341797,79.12999725341797,80.66999816894531,77.98999786376953,78.1500015258789,371049
2024-03-07,Crude Oil,CL=F,78.93000030517578,78.93000030517578,79.52999877929688,78.0199966430664,79.12999725341797,432923
2024-03-08,Crude Oil,CL=F,78.01000213623047,78.01000213623047,79.98999786376953,77.55999755859375,79.51000213623047,347533
2024-03-11,Crude Oil,CL=F,77.93000030517578,77.93000030517578,78.47000122070312,76.79000091552734,77.80000305175781,329873
2024-03-12,Crude Oil,CL=F,77.55999755859375,77.55999755859375,78.7300033569336,77.33999633789062,78.08999633789062,309922
2024-03-13,Crude Oil,CL=F,79.72000122070312,79.72000122070312,79.9000015258789,77.56999969482422,78.05999755859375,316390
2024-03-14,Crude Oil,CL=F,81.26000213623047,81.26000213623047,81.62000274658203,79.56999969482422,79.62999725341797,297450
2024-03-15,Crude Oil,CL=F,81.04000091552734,81.04000091552734,81.44999694824219,80.48999786376953,81.13999938964844,185078
2024-03-18,Crude Oil,CL=F,82.72000122070312,82.72000122070312,83.08999633789062,81.01000213623047,81.02999877929688,84718
2024-03-19,Crude Oil,CL=F,83.47000122070312,83.47000122070312,83.8499984741211,82.38999938964844,82.8499984741211,76814
2024-03-20,Crude Oil,CL=F,81.68000030517578,81.68000030517578,83.20999908447266,81.44000244140625,83.19999694824219,351161
2024-03-21,Crude Oil,CL=F,81.06999969482422,81.06999969482422,81.91999816894531,80.30000305175781,81.48999786376953,266860
2024-03-22,Crude Oil,CL=F,80.62999725341797,80.62999725341797,81.44999694824219,80.41999816894531,80.83999633789062,231101
2024-03-25,Crude Oil,CL=F,81.94999694824219,81.94999694824219,82.4800033569336,80.58999633789062,80.8499984741211,300360
2024-03-26,Crude Oil,CL=F,81.62000274658203,81.62000274658203,82.36000061035156,81.22000122070312,81.94000244140625,235845
2024-03-27,Crude Oil,CL=F,81.3499984741211,81.3499984741211,81.73999786376953,80.55000305175781,81.29000091552734,249964
2024-03-28,Crude Oil,CL=F,83.16999816894531,83.16999816894531,83.20999908447266,81.5199966430664,81.70999908447266,293774
2024-04-01,Crude Oil,CL=F,83.70999908447266,83.70999908447266,84.48999786376953,82.5999984741211,83.13999938964844,321059
2024-04-02,Crude Oil,CL=F,85.1500015258789,85.1500015258789,85.5,83.8499984741211,84.04000091552734,344040
2024-04-03,Crude Oil,CL=F,85.43000030517578,85.43000030517578,86.19999694824219,84.8499984741211,85.45999908447266,322549
2024-04-04,Crude Oil,CL=F,86.58999633789062,86.58999633789062,87.22000122070312,84.63999938964844,85.66000366210938,359534
2024-04-05,Crude Oil,CL=F,86.91000366210938,86.91000366210938,87.62999725341797,86.31999969482422,86.86000061035156,353206
2024-04-08,Crude Oil,CL=F,86.43000030517578,86.43000030517578,87.0999984741211,84.69000244140625,86.0999984741211,393734
2024-04-09,Crude Oil,CL=F,85.2300033569336,85.2300033569336,86.9800033569336,85.08999633789062,86.58999633789062,314994
2024-04-10,Crude Oil,CL=F,86.20999908447266,86.20999908447266,86.37999725341797,84.55000305175781,85.33999633789062,373939
2024-04-11,Crude Oil,CL=F,85.0199966430664,85.0199966430664,86.62999725341797,84.83999633789062,86.31999969482422,388128
2024-04-12,Crude Oil,CL=F,85.66000366210938,85.66000366210938,87.66999816894531,85.23999786376953,85.5999984741211,369958
2024-04-15,Crude Oil,CL=F,85.41000366210938,85.41000366210938,86.11000061035156,84.05000305175781,85.93000030517578,343894
2024-04-16,Crude Oil,CL=F,85.36000061035156,85.36000061035156,86.18000030517578,84.75,85.69999694824219,241343
2024-04-17,Crude Oil,CL=F,82.69000244140625,82.69000244140625,85.51000213623047,82.55000305175781,85.36000061035156,259540
2024-04-18,Crude Oil,CL=F,82.7300033569336,82.7300033569336,83.47000122070312,81.55999755859375,82.79000091552734,84468
2024-04-19,Crude Oil,CL=F,83.13999938964844,83.13999938964844,86.27999877929688,81.80000305175781,82.62000274658203,76901
2024-04-22,Crude Oil,CL=F,82.8499984741211,82.8499984741211,83.3499984741211,81.8499984741211,83.05000305175781,313914
2024-04-23,Crude Oil,CL=F,83.36000061035156,83.36000061035156,83.43000030517578,80.87999725341797,82.12999725341797,355814
2024-04-24,Crude Oil,CL=F,82.80999755859375,82.80999755859375,83.70999908447266,82.44000244140625,83.4000015258789,329077
2024-04-25,Crude Oil,CL=F,83.56999969482422,83.56999969482422,83.83000183105469,81.98999786376953,82.83000183105469,314116
2024-04-26,Crude Oil,CL=F,83.8499984741211,83.8499984741211,84.45999908447266,83.3499984741211,83.80999755859375,244090
2024-04-29,Crude Oil,CL=F,82.62999725341797,82.62999725341797,83.91000366210938,82.4000015258789,83.69000244140625,336984
2024-04-30,Crude Oil,CL=F,81.93000030517578,81.93000030517578,83.30000305175781,80.94999694824219,82.76000213623047,400680
2024-05-01,Crude Oil,CL=F,79.0,79.0,81.56999969482422,78.83000183105469,81.4800033569336,441978
2024-05-02,Crude Oil,CL=F,78.94999694824219,78.94999694824219,79.9000015258789,78.41000366210938,79.1500015258789,359652
2024-05-03,Crude Oil,CL=F,78.11000061035156,78.11000061035156,79.62999725341797,77.95999908447266,79.06999969482422,324438
2024-05-06,Crude Oil,CL=F,78.4800033569336,78.4800033569336,79.08999633789062,77.91000366210938,78.16000366210938,297369
2024-05-07,Crude Oil,CL=F,78.37999725341797,78.37999725341797,79.16999816894531,77.55000305175781,78.72000122070312,327593
2024-05-08,Crude Oil,CL=F,78.98999786376953,78.98999786376953,79.2699966430664,76.88999938964844,78.33999633789062,355449
2024-05-09,Crude Oil,CL=F,79.26000213623047,79.26000213623047,79.80000305175781,78.91000366210938,79.2300033569336,272712
2024-05-10,Crude Oil,CL=F,78.26000213623047,78.26000213623047,79.95999908447266,78.13999938964844,79.58999633789062,281169
2024-05-13,Crude Oil,CL=F,79.12000274658203,79.12000274658203,79.48999786376953,77.77999877929688,78.18000030517578,287701
2024-05-14,Crude Oil,CL=F,78.0199966430664,78.0199966430664,79.37999725341797,77.68000030517578,79.2300033569336,307410
2024-05-15,Crude Oil,CL=F,78.62999725341797,78.62999725341797,78.91999816894531,76.69999694824219,78.44000244140625,321267
2024-05-16,Crude Oil,CL=F,79.2300033569336,79.2300033569336,79.8499984741211,78.19999694824219,78.83999633789062,230277
2024-05-17,Crude Oil,CL=F,80.05999755859375,80.05999755859375,80.13999938964844,79.0,79.37999725341797,94152
2024-05-20,Crude Oil,CL=F,79.80000305175781,79.80000305175781,80.5999984741211,79.16999816894531,80.01000213623047,85072
2024-05-21,Crude Oil,CL=F,79.26000213623047,79.26000213623047,79.72000122070312,78.08000183105469,79.69999694824219,371672
2024-05-22,Crude Oil,CL=F,77.56999969482422,77.56999969482422,78.41000366210938,77.25,78.20999908447266,314145
2024-05-23,Crude Oil,CL=F,76.87000274658203,76.87000274658203,78.66000366210938,76.43000030517578,77.29000091552734,330273
2024-05-24,Crude Oil,CL=F,77.72000122070312,77.72000122070312,78.05000305175781,76.1500015258789,77.04000091552734,299075
2024-05-28,Crude Oil,CL=F,79.83000183105469,79.83000183105469,80.29000091552734,77.69000244140625,77.80999755859375,334074
2024-05-29,Crude Oil,CL=F,79.2300033569336,79.2300033569336,80.62000274658203,78.98999786376953,80.26000213623047,259594
2024-05-30,Crude Oil,CL=F,77.91000366210938,77.91000366210938,79.41999816894531,77.62999725341797,79.27999877929688,373779
2024-05-31,Crude Oil,CL=F,76.98999786376953,76.98999786376953,78.62000274658203,76.66999816894531,77.91000366210938,345120
2024-06-03,Crude Oil,CL=F,74.22000122070312,74.22000122070312,77.5199966430664,73.9800033569336,76.97000122070312,443271
2024-06-04,Crude Oil,CL=F,73.25,73.25,74.12999725341797,72.4800033569336,74.0199966430664,408721
2024-06-05,Crude Oil,CL=F,74.06999969482422,74.06999969482422,74.33000183105469,72.81999969482422,72.9000015258789,307701
2024-06-06,Crude Oil,CL=F,75.55000305175781,75.55000305175781,75.79000091552734,74.05999755859375,74.30000305175781,291082
2024-06-07,Crude Oil,CL=F,75.52999877929688,75.52999877929688,76.25,75.20999908447266,75.66999816894531,280253
2024-06-10,Crude Oil,CL=F,77.73999786376953,77.73999786376953,78.29000091552734,75.2300033569336,75.3499984741211,317031
2024-06-11,Crude Oil,CL=F,77.9000015258789,77.9000015258789,78.36000061035156,77.22000122070312,78.12000274658203,314874
2024-06-12,Crude Oil,CL=F,78.5,78.5,79.31999969482422,77.87999725341797,78.22000122070312,322285
2024-06-13,Crude Oil,CL=F,78.62000274658203,78.62000274658203,78.88999938964844,77.66999816894531,78.37000274658203,307638
2024-06-14,Crude Oil,CL=F,78.44999694824219,78.44999694824219,79.1500015258789,77.7300033569336,77.95999908447266,245827
2024-06-17,Crude Oil,CL=F,80.33000183105469,80.33000183105469,80.66000366210938,77.9800033569336,78.4800033569336,126733
2024-06-18,Crude Oil,CL=F,81.56999969482422,81.56999969482422,81.66999816894531,79.7699966430664,80.43000030517578,140709
2024-06-20,Crude Oil,CL=F,82.16999816894531,82.16999816894531,82.41000366210938,81.12999725341797,81.5199966430664,420499
2024-06-21,Crude Oil,CL=F,80.7300033569336,80.7300033569336,81.79000091552734,80.3499984741211,81.2699966430664,290500
2024-06-24,Crude Oil,CL=F,81.62999725341797,81.62999725341797,81.77999877929688,80.2300033569336,80.44999694824219,271745
2024-06-25,Crude Oil,CL=F,80.83000183105469,80.83000183105469,81.9000015258789,80.55000305175781,81.69999694824219,286038
2024-06-26,Crude Oil,CL=F,80.9000015258789,80.9000015258789,81.62999725341797,80.18000030517578,80.72000122070312,308410
2024-06-27,Crude Oil,CL=F,81.73999786376953,81.73999786376953,82.04000091552734,80.51000213623047,80.86000061035156,306342
2024-06-28,Crude Oil,CL=F,81.54000091552734,81.54000091552734,82.72000122070312,80.97000122070312,81.86000061035156,260252
2024-07-01,Crude Oil,CL=F,83.37999725341797,83.37999725341797,83.63999938964844,81.37999725341797,81.44999694824219,345780
2024-07-02,Crude Oil,CL=F,82.80999755859375,82.80999755859375,84.37999725341797,82.72000122070312,83.43000030517578,367787
2024-07-03,Crude Oil,CL=F,83.87999725341797,83.87999725341797,83.93000030517578,82.45999908447266,83.19999694824219,289685
2024-07-05,Crude Oil,CL=F,83.16000366210938,83.16000366210938,84.5199966430664,83.0199966430664,83.5999984741211,361357
2024-07-08,Crude Oil,CL=F,82.33000183105469,82.33000183105469,83.31999969482422,82.08000183105469,83.1500015258789,251774
2024-07-09,Crude Oil,CL=F,81.41000366210938,81.41000366210938,82.4800033569336,81.25,82.22000122070312,297325
2024-07-10,Crude Oil,CL=F,82.0999984741211,82.0999984741211,82.66000366210938,80.80999755859375,81.80999755859375,334380
2024-07-11,Crude Oil,CL=F,82.62000274658203,82.62000274658203,83.12999725341797,81.62999725341797,82.4000015258789,324170
2024-07-12,Crude Oil,CL=F,82.20999908447266,82.20999908447266,83.73999786376953,82.0999984741211,82.86000061035156,370062
2024-07-15,Crude Oil,CL=F,81.91000366210938,81.91000366210938,82.58000183105469,81.47000122070312,82.16000366210938,296520
2024-07-16,Crude Oil,CL=F,80.76000213623047,80.76000213623047,81.93000030517578,80.22000122070312,81.91999816894531,308186
2024-07-17,Crude Oil,CL=F,82.8499984741211,82.8499984741211,83.0999984741211,80.44999694824219,80.8499984741211,257437
2024-07-18,Crude Oil,CL=F,82.81999969482422,82.81999969482422,83.81999969482422,82.04000091552734,83.11000061035156,95704
2024-07-19,Crude Oil,CL=F,80.12999725341797,80.12999725341797,82.87999725341797,80.06999969482422,82.47000122070312,83795
2024-07-22,Crude Oil,CL=F,79.77999877929688,79.77999877929688,80.69000244140625,79.16999816894531,80.38999938964844,345235
2024-07-23,Crude Oil,CL=F,76.95999908447266,76.95999908447266,78.7300033569336,76.4000015258789,78.2699966430664,417941
2024-07-24,Crude Oil,CL=F,77.58999633789062,77.58999633789062,78.19000244140625,76.9800033569336,77.44999694824219,355971
2024-07-25,Crude Oil,CL=F,78.27999877929688,78.27999877929688,78.47000122070312,76.04000091552734,77.5,457288
2024-07-26,Crude Oil,CL=F,77.16000366210938,77.16000366210938,78.5999984741211,76.19000244140625,78.3499984741211,365121
2024-07-29,Crude Oil,CL=F,75.80999755859375,75.80999755859375,77.69000244140625,75.3499984741211,77.30000305175781,362635
2024-07-30,Crude Oil,CL=F,74.7300033569336,74.7300033569336,75.97000122070312,74.58999633789062,75.91000366210938,419478
2024-07-31,Crude Oil,CL=F,77.91000366210938,77.91000366210938,78.66000366210938,75.18000030517578,75.23999786376953,460315
2024-08-01,Crude Oil,CL=F,76.30999755859375,76.30999755859375,78.87999725341797,76.23999786376953,78.58999633789062,383014
2024-08-02,Crude Oil,CL=F,73.5199966430664,73.5199966430664,77.29000091552734,72.97000122070312,76.87000274658203,467786
2024-08-05,Crude Oil,CL=F,72.94000244140625,72.94000244140625,74.45999908447266,71.66999816894531,74.20999908447266,500151
2024-08-06,Crude Oil,CL=F,73.19999694824219,73.19999694824219,74.55999755859375,72.19999694824219,73.86000061035156,352250
2024-08-07,Crude Oil,CL=F,75.2300033569336,75.2300033569336,75.83999633789062,72.58000183105469,72.83999633789062,427995
2024-08-08,Crude Oil,CL=F,76.19000244140625,76.19000244140625,76.5199966430664,74.5999984741211,75.47000122070312,327301
2024-08-09,Crude Oil,CL=F,76.83999633789062,76.83999633789062,77.08999633789062,75.8499984741211,76.0199966430664,263007
2024-08-12,Crude Oil,CL=F,80.05999755859375,80.05999755859375,80.16000366210938,76.69999694824219,76.98999786376953,376747
2024-08-13,Crude Oil,CL=F,78.3499984741211,78.3499984741211,80.1500015258789,78.16000366210938,79.73999786376953,370763
2024-08-14,Crude Oil,CL=F,76.9800033569336,76.9800033569336,79.0999984741211,76.83000183105469,78.7300033569336,357636
2024-08-15,Crude Oil,CL=F,78.16000366210938,78.16000366210938,78.5999984741211,76.93000030517578,77.5199966430664,195122
2024-08-16,Crude Oil,CL=F,76.6500015258789,76.6500015258789,78.16000366210938,75.54000091552734,78.16000366210938,100810
2024-08-19,Crude Oil,CL=F,74.37000274658203,74.37000274658203,76.87000274658203,74.16999816894531,76.58000183105469,118172
2024-08-20,Crude Oil,CL=F,74.04000091552734,74.04000091552734,75.02999877929688,73.5,74.33999633789062,329276
2024-08-21,Crude Oil,CL=F,71.93000030517578,71.93000030517578,74.16000366210938,71.45999908447266,73.12000274658203,390527
2024-08-22,Crude Oil,CL=F,73.01000213623047,73.01000213623047,73.5199966430664,71.58000183105469,71.93000030517578,334117
2024-08-23,Crude Oil,CL=F,74.83000183105469,74.83000183105469,75.06999969482422,72.83000183105469,72.95999908447266,313764
2024-08-26,Crude Oil,CL=F,77.41999816894531,77.41999816894531,77.5999984741211,75.04000091552734,75.0999984741211,409675
2024-08-27,Crude Oil,CL=F,75.52999877929688,75.52999877929688,77.4800033569336,75.4000015258789,77.19999694824219,331162
2024-08-28,Crude Oil,CL=F,74.5199966430664,74.5199966430664,75.94999694824219,73.81999969482422,75.75,337361
2024-08-29,Crude Oil,CL=F,75.91000366210938,75.91000366210938,76.91000366210938,74.05000305175781,74.41999816894531,408147
2024-08-30,Crude Oil,CL=F,73.55000305175781,73.55000305175781,76.58999633789062,73.36000061035156,75.87000274658203,427273
2024-09-03,Crude Oil,CL=F,70.33999633789062,70.33999633789062,74.41000366210938,70.0999984741211,73.52999877929688,546617
2024-09-04,Crude Oil,CL=F,69.19999694824219,69.19999694824219,71.45999908447266,68.81999969482422,70.27999877929688,482025
2024-09-05,Crude Oil,CL=F,69.1500015258789,69.1500015258789,70.81999969482422,68.75,69.2699966430664,405596
2024-09-06,Crude Oil,CL=F,67.66999816894531,67.66999816894531,70.12999725341797,67.16999816894531,69.33000183105469,351074
2024-09-09,Crude Oil,CL=F,68.70999908447266,68.70999908447266,68.95999908447266,67.30999755859375,68.12999725341797,351074
2024-09-10,Crude Oil,CL=F,65.75,65.75,69.08000183105469,65.2699966430664,68.77999877929688,442855
2024-09-11,Crude Oil,CL=F,67.30999755859375,67.30999755859375,67.97000122070312,65.62999725341797,66.27999877929688,393311
2024-09-12,Crude Oil,CL=F,68.97000122070312,68.97000122070312,69.80999755859375,67.23999786376953,67.38999938964844,351976
2024-09-13,Crude Oil,CL=F,68.6500015258789,68.6500015258789,70.31999969482422,68.47000122070312,69.30999755859375,308983
2024-09-16,Crude Oil,CL=F,70.08999633789062,70.08999633789062,70.69999694824219,68.6500015258789,69.16000366210938,295176
2024-09-17,Crude Oil,CL=F,71.19000244140625,71.19000244140625,71.91999816894531,69.61000061035156,70.5,251629
2024-09-18,Crude Oil,CL=F,70.91000366210938,70.91000366210938,71.4800033569336,69.7300033569336,71.13999938964844,102907
2024-09-19,Crude Oil,CL=F,71.94999694824219,71.94999694824219,72.48999786376953,70.12999725341797,70.12999725341797,86630
2024-09-20,Crude Oil,CL=F,71.91999816894531,71.91999816894531,72.4000015258789,71.36000061035156,72.0999984741211,306997
2024-09-23,Crude Oil,CL=F,70.37000274658203,70.37000274658203,71.80999755859375,69.48999786376953,71.30999755859375,338267
2024-09-24,Crude Oil,CL=F,71.55999755859375,71.55999755859375,72.4000015258789,70.44000244140625,70.76000213623047,318516
2024-09-25,Crude Oil,CL=F,69.69000244140625,69.69000244140625,71.72000122070312,69.2300033569336,71.54000091552734,476237
2024-09-26,Crude Oil,CL=F,67.66999816894531,67.66999816894531,70.01000213623047,66.94999694824219,69.88999938964844,478069
2024-09-27,Crude Oil,CL=F,68.18000030517578,68.18000030517578,68.6500015258789,67.05999755859375,67.44999694824219,341133
2024-09-30,Crude Oil,CL=F,68.16999816894531,68.16999816894531,69.31999969482422,67.56999969482422,68.62999725341797,350115
2024-10-01,Crude Oil,CL=F,69.83000183105469,69.83000183105469,71.94000244140625,66.33000183105469,68.41000366210938,668216
2024-10-02,Crude Oil,CL=F,70.0999984741211,70.0999984741211,72.48999786376953,69.87000274658203,70.80000305175781,429225
2024-10-03,Crude Oil,CL=F,73.70999908447266,73.70999908447266,74.08999633789062,70.5199966430664,70.9800033569336,460554
2024-10-04,Crude Oil,CL=F,74.37999725341797,74.37999725341797,75.56999969482422,73.45999908447266,73.94999694824219,428815
2024-10-07,Crude Oil,CL=F,77.13999938964844,77.13999938964844,77.4000015258789,73.62000274658203,74.4000015258789,419018
2024-10-08,Crude Oil,CL=F,73.56999969482422,73.56999969482422,78.45999908447266,72.69000244140625,77.33000183105469,496760
2024-10-09,Crude Oil,CL=F,73.23999786376953,73.23999786376953,74.44999694824219,71.52999877929688,73.83999633789062,401159
2024-10-10,Crude Oil,CL=F,75.8499984741211,75.8499984741211,76.23999786376953,73.26000213623047,73.38999938964844,321453
2024-10-11,Crude Oil,CL=F,75.55999755859375,75.55999755859375,76.04000091552734,74.52999877929688,75.73999786376953,315302
2024-10-14,Crude Oil,CL=F,73.83000183105469,73.83000183105469,75.08000183105469,71.80999755859375,75.05000305175781,273455
2024-10-15,Crude Oil,CL=F,70.58000183105469,70.58000183105469,72.12000274658203,69.70999908447266,71.51000213623047,328738
2024-10-16,Crude Oil,CL=F,70.38999938964844,70.38999938964844,71.30999755859375,69.63999938964844,70.98999786376953,222437
2024-10-17,Crude Oil,CL=F,70.66999816894531,70.66999816894531,71.11000061035156,69.44000244140625,70.68000030517578,188161
2024-10-18,Crude Oil,CL=F,69.22000122070312,69.22000122070312,71.2300033569336,68.69000244140625,70.75,95768
2024-10-21,Crude Oil,CL=F,70.55999755859375,70.55999755859375,71.02999877929688,69.0,69.45999908447266,92584
2024-10-22,Crude Oil,CL=F,72.08999633789062,72.08999633789062,72.66000366210938,70.05000305175781,70.48999786376953,330456
2024-10-23,Crude Oil,CL=F,70.7699966430664,70.7699966430664,71.72000122070312,70.12999725341797,71.3499984741211,293835
2024-10-24,Crude Oil,CL=F,70.19000244140625,70.19000244140625,72.33999633789062,69.7699966430664,71.0199966430664,286571
2024-10-25,Crude Oil,CL=F,71.77999877929688,71.77999877929688,71.91999816894531,69.95999908447266,70.33000183105469,287189
2024-10-28,Crude Oil,CL=F,67.37999725341797,67.37999725341797,69.0,66.91999816894531,68.9800033569336,419623
2024-10-29,Crude Oil,CL=F,67.20999908447266,67.20999908447266,68.5199966430664,66.72000122070312,68.0199966430664,291929
2024-10-30,Crude Oil,CL=F,68.61000061035156,68.61000061035156,69.16999816894531,67.27999877929688,67.47000122070312,284795
2024-10-31,Crude Oil,CL=F,69.26000213623047,69.26000213623047,70.80999755859375,68.30000305175781,69.0999984741211,311055
2024-11-01,Crude Oil,CL=F,69.48999786376953,69.48999786376953,71.44999694824219,69.31999969482422,70.44000244140625,320572
2024-11-04,Crude Oil,CL=F,71.47000122070312,71.47000122070312,71.80999755859375,70.25,70.29000091552734,286947
2024-11-05,Crude Oil,CL=F,71.98999786376953,71.98999786376953,72.66999816894531,71.29000091552734,71.62000274658203,247311
2024-11-06,Crude Oil,CL=F,71.69000244140625,71.69000244140625,72.62999725341797,69.73999786376953,72.0199966430664,388265
2024-11-07,Crude Oil,CL=F,72.36000061035156,72.36000061035156,72.87999725341797,70.66000366210938,71.87000274658203,353595
2024-11-08,Crude Oil,CL=F,70.37999725341797,70.37999725341797,72.25,69.98999786376953,72.20999908447266,362038
2024-11-11,Crude Oil,CL=F,68.04000091552734,68.04000091552734,70.55999755859375,67.91999816894531,70.25,364506
2024-11-12,Crude Oil,CL=F,68.12000274658203,68.12000274658203,69.12999725341797,67.75,68.1500015258789,286926
2024-11-13,Crude Oil,CL=F,68.43000030517578,68.43000030517578,68.86000061035156,66.94000244140625,67.9800033569336,386027
2024-11-14,Crude Oil,CL=F,68.69999694824219,68.69999694824219,69.38999938964844,67.91999816894531,68.12999725341797,232270
2024-11-15,Crude Oil,CL=F,67.0199966430664,67.0199966430664,68.69000244140625,66.81999969482422,68.62000274658203,205235
2024-11-18,Crude Oil,CL=F,69.16000366210938,69.16000366210938,69.38999938964844,66.61000061035156,66.86000061035156,110375
2024-11-19,Crude Oil,CL=F,69.38999938964844,69.38999938964844,69.69000244140625,68.44999694824219,69.01000213623047,89360
2024-11-20,Crude Oil,CL=F,68.87000274658203,68.87000274658203,70.1500015258789,68.75,69.55000305175781,235637
2024-11-21,Crude Oil,CL=F,70.0999984741211,70.0999984741211,70.37999725341797,68.86000061035156,69.04000091552734,283850
2024-11-22,Crude Oil,CL=F,71.23999786376953,71.23999786376953,71.51000213623047,69.29000091552734,70.18000030517578,408207
2024-11-25,Crude Oil,CL=F,68.94000244140625,68.94000244140625,71.4800033569336,68.73999786376953,71.44000244140625,380922
2024-11-26,Crude Oil,CL=F,68.7699966430664,68.7699966430664,70.30000305175781,68.05000305175781,69.08000183105469,292138
2024-11-27,Crude Oil,CL=F,68.72000122070312,68.72000122070312,69.37000274658203,68.18000030517578,68.91000366210938,227215
2024-11-29,Crude Oil,CL=F,68.0,68.0,69.69000244140625,67.87000274658203,68.7699966430664,291408
2024-12-02,Crude Oil,CL=F,68.0999984741211,68.0999984741211,69.11000061035156,67.70999908447266,68.0,264883
2024-12-03,Crude Oil,CL=F,69.94000244140625,69.94000244140625,70.2300033569336,67.91000366210938,68.16000366210938,303752
2024-12-04,Crude Oil,CL=F,68.54000091552734,68.54000091552734,70.51000213623047,68.48999786376953,70.0199966430664,325636
2024-12-05,Crude Oil,CL=F,68.30000305175781,68.30000305175781,69.16000366210938,67.9800033569336,68.73999786376953,286701
2024-12-06,Crude Oil,CL=F,67.19999694824219,67.19999694824219,68.48999786376953,66.9800033569336,68.44000244140625,341593
2024-12-09,Crude Oil,CL=F,68.37000274658203,68.37000274658203,68.87999725341797,67.08000183105469,67.1500015258789,297085
2024-12-10,Crude Oil,CL=F,68.58999633789062,68.58999633789062,69.05999755859375,67.72000122070312,68.19000244140625,286003
2024-12-11,Crude Oil,CL=F,70.29000091552734,70.29000091552734,70.52999877929688,68.44000244140625,68.5,335892
2024-12-12,Crude Oil,CL=F,70.0199966430664,70.0199966430664,70.72000122070312,69.13999938964844,70.43000030517578,326046
2024-12-13,Crude Oil,CL=F,71.29000091552734,71.29000091552734,71.41999816894531,69.87000274658203,70.05999755859375,230429
2024-12-16,Crude Oil,CL=F,70.70999908447266,70.70999908447266,71.44000244140625,70.37000274658203,71.44000244140625,204296
2024-12-17,Crude Oil,CL=F,70.08000183105469,70.08000183105469,70.91999816894531,69.18000030517578,70.61000061035156,99604
2024-12-18,Crude Oil,CL=F,70.58000183105469,70.58000183105469,71.37999725341797,69.98999786376953,70.22000122070312,99386
2024-12-19,Crude Oil,CL=F,69.91000366210938,69.91000366210938,71.26000213623047,69.69999694824219,70.13999938964844,291660
2024-12-20,Crude Oil,CL=F,69.45999908447266,69.45999908447266,69.8499984741211,68.41999816894531,69.2300033569336,231592
2024-12-23,Crude Oil,CL=F,69.23999786376953,69.23999786376953,69.94000244140625,68.58999633789062,69.4000015258789,188843
2024-12-24,Crude Oil,CL=F,70.0999984741211,70.0999984741211,70.43000030517578,69.36000061035156,69.55999755859375,122602
2024-12-26,Crude Oil,CL=F,69.62000274658203,69.62000274658203,70.75,69.33000183105469,70.19999694824219,144877
2024-12-27,Crude Oil,CL=F,70.5999984741211,70.5999984741211,70.75,69.44000244140625,69.68000030517578,172641
2024-12-30,Crude Oil,CL=F,70.98999786376953,70.98999786376953,71.55999755859375,70.12000274658203,70.41999816894531,199296
2024-12-31,Crude Oil,CL=F,71.72000122070312,71.72000122070312,72.0199966430664,70.87000274658203,71.1500015258789,151155
2025-01-02,Crude Oil,CL=F,73.12999725341797,73.12999725341797,73.7300033569336,71.79000091552734,71.8499984741211,306498
2025-01-03,Crude Oil,CL=F,73.95999908447266,73.95999908447266,74.3499984741211,72.69999694824219,73.12999725341797,296040
2025-01-06,Crude Oil,CL=F,73.55999755859375,73.55999755859375,74.98999786376953,73.19999694824219,74.05000305175781,306042
2025-01-07,Crude Oil,CL=F,74.25,74.25,74.52999877929688,73.11000061035156,73.44000244140625,277328
2025-01-08,Crude Oil,CL=F,73.31999969482422,73.31999969482422,75.29000091552734,73.16000366210938,74.5199966430664,328617
2025-01-09,Crude Oil,CL=F,73.91999816894531,73.91999816894531,74.31999969482422,72.83999633789062,73.31999969482422,213421
2025-01-10,Crude Oil,CL=F,76.56999969482422,76.56999969482422,77.86000061035156,74.0199966430664,74.29000091552734,478432
2025-01-13,Crude Oil,CL=F,78.81999969482422,78.81999969482422,79.2699966430664,76.54000091552734,76.54000091552734,460942
2025-01-14,Crude Oil,CL=F,77.5,77.5,79.08999633789062,77.41000366210938,78.81999969482422,326729
2025-01-15,Crude Oil,CL=F,80.04000091552734,80.04000091552734,80.7699966430664,77.23999786376953,78.02999877929688,321422
2025-01-16,Crude Oil,CL=F,78.68000030517578,78.68000030517578,80.58999633789062,77.87000274658203,80.4000015258789,159948
2025-01-17,Crude Oil,CL=F,77.87999725341797,77.87999725341797,79.44000244140625,77.76000213623047,78.75,112409
2025-01-21,Crude Oil,CL=F,75.88999938964844,75.88999938964844,78.47000122070312,75.48999786376953,78.19000244140625,568807
2025-01-22,Crude Oil,CL=F,75.44000244140625,75.44000244140625,76.44999694824219,75.27999877929688,75.87999725341797,315333
2025-01-23,Crude Oil,CL=F,74.62000274658203,74.62000274658203,76.0,74.13999938964844,75.38999938964844,350688
2025-01-24,Crude Oil,CL=F,74.66000366210938,74.66000366210938,75.20999908447266,74.01000213623047,74.30000305175781,319679
2025-01-27,Crude Oil,CL=F,73.16999816894531,73.16999816894531,75.1500015258789,72.37999725341797,74.54000091552734,334418
2025-01-28,Crude Oil,CL=F,73.7699966430664,73.7699966430664,74.30999755859375,72.93000030517578,73.1500015258789,326075
2025-01-29,Crude Oil,CL=F,72.62000274658203,72.62000274658203,74.08000183105469,72.33000183105469,73.94999694824219,312733
2025-01-30,Crude Oil,CL=F,72.7300033569336,72.7300033569336,73.83999633789062,72.0199966430664,73.0,336475
2025-01-31,Crude Oil,CL=F,72.52999877929688,72.52999877929688,73.83999633789062,71.94000244140625,73.19999694824219,376335
2025-02-03,Crude Oil,CL=F,73.16000366210938,73.16000366210938,75.18000030517578,72.05000305175781,74.13999938964844,517853
2025-02-04,Crude Oil,CL=F,72.69999694824219,72.69999694824219,73.3499984741211,70.66999816894531,72.3499984741211,452961
2025-02-05,Crude Oil,CL=F,71.02999877929688,71.02999877929688,72.97000122070312,70.95999908447266,72.76000213623047,289902
2025-02-06,Crude Oil,CL=F,70.61000061035156,70.61000061035156,71.8499984741211,70.43000030517578,71.18000030517578,299037
2025-02-07,Crude Oil,CL=F,71.0,71.0,71.41000366210938,70.47000122070312,70.55999755859375,273766
2025-02-10,Crude Oil,CL=F,72.31999969482422,72.31999969482422,72.54000091552734,70.83999633789062,71.0,255941
2025-02-11,Crude Oil,CL=F,73.31999969482422,73.31999969482422,73.68000030517578,72.30999755859375,72.48999786376953,266819
2025-02-12,Crude Oil,CL=F,71.37000274658203,71.37000274658203,73.22000122070312,71.16999816894531,73.19999694824219,318123
2025-02-13,Crude Oil,CL=F,71.29000091552734,71.29000091552734,71.5999984741211,70.22000122070312,71.23999786376953,278197
2025-02-14,Crude Oil,CL=F,70.73999786376953,70.73999786376953,72.0199966430664,70.5199966430664,71.5199966430664,207719
2025-02-18,Crude Oil,CL=F,71.8499984741211,71.8499984741211,72.06999969482422,70.12000274658203,70.69999694824219,130937
2025-02-19,Crude Oil,CL=F,72.25,72.25,73.04000091552734,71.70999908447266,71.77999877929688,69012
2025-02-20,Crude Oil,CL=F,72.56999969482422,72.56999969482422,73.25,71.8499984741211,72.18000030517578,240060
2025-02-21,Crude Oil,CL=F,70.4000015258789,70.4000015258789,72.7699966430664,70.16999816894531,72.58000183105469,268470
2025-02-24,Crude Oil,CL=F,70.69999694824219,70.69999694824219,70.94000244140625,69.80000305175781,69.80000305175781,205468
2025-02-25,Crude Oil,CL=F,68.93000030517578,68.93000030517578,71.26000213623047,68.68000030517578,70.91999816894531,267310
2025-02-26,Crude Oil,CL=F,68.62000274658203,68.62000274658203,69.27999877929688,68.36000061035156,69.11000061035156,255601
2025-02-27,Crude Oil,CL=F,70.3499984741211,70.3499984741211,70.54000091552734,68.61000061035156,68.81999969482422,265933
2025-02-28,Crude Oil,CL=F,69.76000213623047,69.76000213623047,70.29000091552734,69.13999938964844,70.16999816894531,250074
2025-03-03,Crude Oil,CL=F,68.37000274658203,68.37000274658203,70.5999984741211,67.88999938964844,69.94999694824219,332751
2025-03-04,Crude Oil,CL=F,68.26000213623047,68.26000213623047,68.55999755859375,66.7699966430664,68.45999908447266,386750
2025-03-05,Crude Oil,CL=F,66.30999755859375,66.30999755859375,68.0999984741211,65.22000122070312,68.08000183105469,382493
2025-03-06,Crude Oil,CL=F,66.36000061035156,66.36000061035156,67.08999633789062,65.58999633789062,66.38999938964844,341632
2025-03-07,Crude Oil,CL=F,67.04000091552734,67.04000091552734,68.22000122070312,66.12000274658203,66.33999633789062,329710
2025-03-10,Crude Oil,CL=F,66.02999877929688,66.02999877929688,67.5999984741211,65.80000305175781,67.11000061035156,249633
2025-03-11,Crude Oil,CL=F,66.25,66.25,67.16999816894531,65.29000091552734,65.94999694824219,222511
2025-03-12,Crude Oil,CL=F,67.68000030517578,67.68000030517578,67.87999725341797,66.1500015258789,66.62000274658203,246675
2025-03-13,Crude Oil,CL=F,66.55000305175781,66.55000305175781,67.94000244140625,66.37000274658203,67.69000244140625,268590
2025-03-14,Crude Oil,CL=F,67.18000030517578,67.18000030517578,67.4800033569336,66.58999633789062,66.77999877929688,180495
2025-03-17,Crude Oil,CL=F,67.58000183105469,67.58000183105469,68.37000274658203,67.25,67.3499984741211,161298
2025-03-18,Crude Oil,CL=F,66.9000015258789,66.9000015258789,68.72000122070312,66.55999755859375,67.4000015258789,110338
2025-03-19,Crude Oil,CL=F,67.16000366210938,67.16000366210938,67.62999725341797,66.20999908447266,66.72000122070312,73077
2025-03-20,Crude Oil,CL=F,68.26000213623047,68.26000213623047,68.47000122070312,66.87999725341797,67.29000091552734,283376
2025-03-21,Crude Oil,CL=F,68.27999877929688,68.27999877929688,68.6500015258789,67.6500015258789,68.3499984741211,198964
2025-03-24,Crude Oil,CL=F,69.11000061035156,69.11000061035156,69.33000183105469,67.94999694824219,68.3499984741211,247024
2025-03-25,Crude Oil,CL=F,69.0,69.0,69.68000030517578,68.5199966430664,69.16000366210938,258411
2025-03-26,Crude Oil,CL=F,69.6500015258789,69.6500015258789,70.22000122070312,69.05999755859375,69.16000366210938,262413
2025-03-27,Crude Oil,CL=F,69.91999816894531,69.91999816894531,69.97000122070312,69.12000274658203,69.95999908447266,211825
2025-03-28,Crude Oil,CL=F,69.36000061035156,69.36000061035156,70.08999633789062,68.87000274658203,69.91000366210938,246650
2025-03-31,Crude Oil,CL=F,71.4800033569336,71.4800033569336,71.83000183105469,68.80999755859375,69.43000030517578,313087
2025-04-01,Crude Oil,CL=F,71.19999694824219,71.19999694824219,72.0999984741211,71.02999877929688,71.38999938964844,272832
2025-04-02,Crude Oil,CL=F,71.70999908447266,71.70999908447266,72.27999877929688,70.58999633789062,71.19999694824219,286501
2025-04-03,Crude Oil,CL=F,66.94999694824219,66.94999694824219,70.41000366210938,65.9800033569336,70.37999725341797,459238
2025-04-04,Crude Oil,CL=F,61.9900016784668,61.9900016784668,66.9000015258789,60.45000076293945,66.63999938964844,559638
2025-04-07,Crude Oil,CL=F,60.70000076293945,60.70000076293945,63.900001525878906,58.95000076293945,61.119998931884766,597617
2025-04-08,Crude Oil,CL=F,59.58000183105469,59.58000183105469,61.75,57.880001068115234,61.029998779296875,557655
2025-04-09,Crude Oil,CL=F,62.349998474121094,62.349998474121094,62.93000030517578,55.119998931884766,58.31999969482422,592250
2025-04-10,Crude Oil,CL=F,60.06999969482422,60.06999969482422,63.34000015258789,58.7599983215332,62.709999084472656,391826
2025-04-11,Crude Oil,CL=F,61.5,61.5,61.869998931884766,59.43000030517578,60.20000076293945,306231
2025-04-14,Crude Oil,CL=F,61.529998779296875,61.529998779296875,62.68000030517578,60.59000015258789,61.70000076293945,238068
2025-04-15,Crude Oil,CL=F,61.33000183105469,61.33000183105469,62.060001373291016,60.880001068115234,61.58000183105469,197404
2025-04-16,Crude Oil,CL=F,62.470001220703125,62.470001220703125,62.97999954223633,60.439998626708984,61.540000915527344,213194
2025-04-17,Crude Oil,CL=F,64.68000030517578,64.68000030517578,64.86000061035156,62.61000061035156,62.630001068115234,111479
2025-04-21,Crude Oil,CL=F,63.08000183105469,63.08000183105469,64.41999816894531,62.45000076293945,64.30000305175781,82671
2025-04-22,Crude Oil,CL=F,64.30999755859375,64.30999755859375,65.08999633789062,63.43000030517578,63.43000030517578,297928
2025-04-23,Crude Oil,CL=F,62.27000045776367,62.27000045776367,64.87000274658203,61.529998779296875,64.0,397841
2025-04-24,Crude Oil,CL=F,62.790000915527344,62.790000915527344,63.310001373291016,61.9900016784668,62.34000015258789,264908
2025-04-25,Crude Oil,CL=F,63.02000045776367,63.02000045776367,63.40999984741211,61.79999923706055,62.86000061035156,283758
2025-04-28,Crude Oil,CL=F,62.04999923706055,62.04999923706055,63.91999816894531,61.47999954223633,63.4900016784668,276116
2025-04-29,Crude Oil,CL=F,60.41999816894531,60.41999816894531,62.06999969482422,60.119998931884766,61.869998931884766,312373
2025-04-30,Crude Oil,CL=F,58.209999084472656,58.209999084472656,60.43000030517578,57.90999984741211,60.15999984741211,419549
2025-05-01,Crude Oil,CL=F,59.2400016784668,59.2400016784668,59.5,56.38999938964844,58.15999984741211,364216
2025-05-02,Crude Oil,CL=F,58.290000915527344,58.290000915527344,59.869998931884766,57.7400016784668,58.9900016784668,322096
2025-05-05,Crude Oil,CL=F,57.130001068115234,57.130001068115234,57.70000076293945,55.29999923706055,56.7599983215332,308387
2025-05-06,Crude Oil,CL=F,59.09000015258789,59.09000015258789,59.84000015258789,57.029998779296875,57.25,343893
2025-05-07,Crude Oil,CL=F,58.06999969482422,58.06999969482422,60.2599983215332,57.810001373291016,58.97999954223633,295238
2025-05-08,Crude Oil,CL=F,59.90999984741211,59.90999984741211,60.290000915527344,57.7400016784668,57.93000030517578,281000
2025-05-09,Crude Oil,CL=F,61.02000045776367,61.02000045776367,61.45000076293945,59.88999938964844,60.25,239640
2025-05-12,Crude Oil,CL=F,61.95000076293945,61.95000076293945,63.61000061035156,61.02000045776367,61.38999938964844,325865
2025-05-13,Crude Oil,CL=F,63.66999816894531,63.66999816894531,63.900001525878906,61.650001525878906,62.0,258795
2025-05-14,Crude Oil,CL=F,63.150001525878906,63.150001525878906,63.68000030517578,62.75,63.619998931884766,225626
2025-05-15,Crude Oil,CL=F,61.619998931884766,61.619998931884766,62.90999984741211,60.470001220703125,62.880001068115234,258404
2025-05-16,Crude Oil,CL=F,62.4900016784668,62.4900016784668,62.709999084472656,61.25,61.70000076293945,121556
2025-05-19,Crude Oil,CL=F,62.689998626708984,62.689998626708984,63.400001525878906,61.56999969482422,62.75,95570
2025-05-20,Crude Oil,CL=F,62.560001373291016,62.560001373291016,63.16999816894531,62.189998626708984,62.68000030517578,250414
2025-05-21,Crude Oil,CL=F,61.56999969482422,61.56999969482422,64.19000244140625,61.279998779296875,62.27000045776367,302702
2025-05-22,Crude Oil,CL=F,61.20000076293945,61.20000076293945,61.75,60.25,61.33000183105469,258549
2025-05-23,Crude Oil,CL=F,61.529998779296875,61.529998779296875,61.880001068115234,60.02000045776367,60.810001373291016,273392
2025-05-27,Crude Oil,CL=F,60.88999938964844,60.88999938964844,62.13999938964844,60.2599983215332,61.70000076293945,291317
2025-05-28,Crude Oil,CL=F,61.84000015258789,61.84000015258789,62.540000915527344,60.849998474121094,61.040000915527344,260374
2025-05-29,Crude Oil,CL=F,60.939998626708984,60.939998626708984,63.06999969482422,60.54999923706055,61.83000183105469,299859
2025-05-30,Crude Oil,CL=F,60.790000915527344,60.790000915527344,61.720001220703125,59.7400016784668,60.939998626708984,384927
2025-06-02,Crude Oil,CL=F,62.52000045776367,62.52000045776367,63.880001068115234,61.060001373291016,61.11000061035156,403580
2025-06-03,Crude Oil,CL=F,63.40999984741211,63.40999984741211,63.88999938964844,62.400001525878906,63.02000045776367,291260
2025-06-04,Crude Oil,CL=F,62.849998474121094,62.849998474121094,63.959999084472656,62.16999816894531,63.36000061035156,321128
2025-06-05,Crude Oil,CL=F,63.369998931884766,63.369998931884766,63.97999954223633,62.5,62.7599983215332,232423
2025-06-06,Crude Oil,CL=F,64.58000183105469,64.58000183105469,64.80000305175781,62.81999969482422,63.33000183105469,310133
2025-06-09,Crude Oil,CL=F,65.29000091552734,65.29000091552734,65.43000030517578,64.19999694824219,64.80000305175781,235900
2025-06-10,Crude Oil,CL=F,64.9800033569336,64.9800033569336,66.27999877929688,64.56999969482422,65.45999908447266,279021
2025-06-11,Crude Oil,CL=F,68.1500015258789,68.1500015258789,68.37000274658203,64.5999984741211,64.76000213623047,378473
2025-06-12,Crude Oil,CL=F,68.04000091552734,68.04000091552734,69.29000091552734,66.72000122070312,69.02999877929688,379394
2025-06-13,Crude Oil,CL=F,72.9800033569336,72.9800033569336,77.62000274658203,68.48999786376953,68.9000015258789,715652
2025-06-16,Crude Oil,CL=F,71.7699966430664,71.7699966430664,77.48999786376953,69.37999725341797,76.54000091552734,367312
2025-06-17,Crude Oil,CL=F,74.83999633789062,74.83999633789062,75.54000091552734,71.0,71.11000061035156,154264
2025-06-18,Crude Oil,CL=F,75.13999938964844,75.13999938964844,76.06999969482422,72.94000244140625,75.61000061035156,0
2025-06-20,Crude Oil,CL=F,74.93000030517578,74.93000030517578,77.58000183105469,74.30000305175781,74.5999984741211,678377
2025-06-23,Crude Oil,CL=F,68.51000213623047,68.51000213623047,78.4000015258789,66.5999984741211,78.0,728868
2025-06-24,Crude Oil,CL=F,64.37000274658203,64.37000274658203,67.83000183105469,64.0,67.73999786376953,541475
2025-06-25,Crude Oil,CL=F,64.91999816894531,64.91999816894531,66.02999877929688,64.51000213623047,65.12000274658203,278504
2025-06-26,Crude Oil,CL=F,65.23999786376953,65.23999786376953,66.41999816894531,64.66000366210938,64.9800033569336,233771
2025-06-27,Crude Oil,CL=F,65.5199966430664,65.5199966430664,66.08999633789062,64.80000305175781,65.30000305175781,236284
2025-06-30,Crude Oil,CL=F,65.11000061035156,65.11000061035156,65.81999969482422,64.5,65.1500015258789,193289
2025-07-01,Crude Oil,CL=F,65.44999694824219,65.44999694824219,65.9800033569336,64.66999816894531,64.95999908447266,193162
2025-07-02,Crude Oil,CL=F,67.44999694824219,67.44999694824219,67.58000183105469,65.2300033569336,65.55999755859375,265200
2025-07-03,Crude Oil,CL=F,67.0,67.0,67.58000183105469,66.52999877929688,67.5,0
2025-07-04,Crude Oil,CL=F,66.5,66.5,67.18000030517578,66.04000091552734,67.12999725341797,0
2025-07-07,Crude Oil,CL=F,67.93000030517578,67.93000030517578,68.31999969482422,65.4000015258789,65.69999694824219,332949
2025-07-08,Crude Oil,CL=F,68.33000183105469,68.33000183105469,68.91000366210938,67.33000183105469,67.95999908447266,219882
2025-07-09,Crude Oil,CL=F,68.37999725341797,68.37999725341797,68.94000244140625,67.69999694824219,68.18000030517578,223945
2025-07-10,Crude Oil,CL=F,66.56999969482422,66.56999969482422,68.6500015258789,66.44999694824219,68.29000091552734,258654
2025-07-11,Crude Oil,CL=F,68.44999694824219,68.44999694824219,68.7699966430664,66.5,66.8499984741211,226297
2025-07-14,Crude Oil,CL=F,66.9800033569336,66.9800033569336,69.6500015258789,66.80000305175781,68.68000030517578,263877
2025-07-15,Crude Oil,CL=F,66.5199966430664,66.5199966430664,67.12999725341797,66.22000122070312,66.86000061035156,252724
2025-07-16,Crude Oil,CL=F,66.37999725341797,66.37999725341797,67.01000213623047,65.41999816894531,66.7300033569336,248346
2025-07-17,Crude Oil,CL=F,67.54000091552734,67.54000091552734,67.69000244140625,66.29000091552734,66.5999984741211,188802
2025-07-18,Crude Oil,CL=F,67.33999633789062,67.33999633789062,68.95999908447266,67.19999694824219,67.5999984741211,107628
2025-07-21,Crude Oil,CL=F,67.19999694824219,67.19999694824219,67.76000213623047,66.45999908447266,67.31999969482422,81194
2025-07-22,Crude Oil,CL=F,66.20999908447266,66.20999908447266,67.12999725341797,65.98999786376953,67.12000274658203,269991
2025-07-23,Crude Oil,CL=F,65.25,65.25,65.77999877929688,64.70999908447266,65.48999786376953,251825
2025-07-24,Crude Oil,CL=F,66.02999877929688,66.02999877929688,66.38999938964844,65.33000183105469,65.41999816894531,281209
2025-07-25,Crude Oil,CL=F,65.16000366210938,65.16000366210938,66.73999786376953,65.0,66.1500015258789,234283
2025-07-28,Crude Oil,CL=F,66.70999908447266,66.70999908447266,67.13999938964844,65.05000305175781,65.1500015258789,262038
2025-07-29,Crude Oil,CL=F,69.20999908447266,69.20999908447266,69.76000213623047,66.52999877929688,67.04000091552734,329112
2025-07-30,Crude Oil,CL=F,70.0,70.0,70.51000213623047,68.44999694824219,69.33999633789062,345336
2025-07-31,Crude Oil,CL=F,69.26000213623047,69.26000213623047,70.41000366210938,68.55999755859375,70.30000305175781,247031
2025-08-01,Crude Oil,CL=F,67.33000183105469,67.33000183105469,69.58000183105469,67.05000305175781,69.3499984741211,355819
2025-08-04,Crude Oil,CL=F,66.29000091552734,66.29000091552734,67.73999786376953,65.45999908447266,66.8499984741211,277375
2025-08-05,Crude Oil,CL=F,65.16000366210938,65.16000366210938,66.38999938964844,65.02999877929688,66.20999908447266,279030
2025-08-06,Crude Oil,CL=F,64.3499984741211,64.3499984741211,66.75,63.63999938964844,65.1500015258789,353827
2025-08-07,Crude Oil,CL=F,63.880001068115234,63.880001068115234,65.11000061035156,63.70000076293945,64.36000061035156,300518
2025-08-08,Crude Oil,CL=F,63.880001068115234,63.880001068115234,64.58000183105469,62.77000045776367,63.849998474121094,322939
2025-08-11,Crude Oil,CL=F,63.959999084472656,63.959999084472656,64.44000244140625,63.02000045776367,63.47999954223633,234807
2025-08-12,Crude Oil,CL=F,63.16999816894531,63.16999816894531,64.33999633789062,63.060001373291016,64.0,304441
2025-08-13,Crude Oil,CL=F,62.650001525878906,62.650001525878906,63.380001068115234,61.939998626708984,63.06999969482422,298939
2025-08-14,Crude Oil,CL=F,63.959999084472656,63.959999084472656,64.0999984741211,62.58000183105469,62.790000915527344,251652
2025-08-15,Crude Oil,CL=F,62.79999923706055,62.79999923706055,64.1500015258789,62.68000030517578,63.90999984741211,197390
2025-08-18,Crude Oil,CL=F,63.41999816894531,63.41999816894531,63.790000915527344,62.18000030517578,63.0,95113
2025-08-19,Crude Oil,CL=F,62.349998474121094,62.349998474121094,63.38999938964844,62.25,63.27000045776367,99484
2025-08-20,Crude Oil,CL=F,63.209999084472656,63.209999084472656,63.54999923706055,62.38999938964844,62.599998474121094,280663
2025-08-21,Crude Oil,CL=F,63.52000045776367,63.52000045776367,63.66999816894531,62.52000045776367,62.849998474121094,250166
2025-08-22,Crude Oil,CL=F,63.65999984741211,63.65999984741211,63.93000030517578,63.310001373291016,63.5,223169
2025-08-25,Crude Oil,CL=F,64.80000305175781,64.80000305175781,65.0999984741211,63.529998779296875,63.880001068115234,185270
2025-08-26,Crude Oil,CL=F,63.25,63.25,64.76000213623047,63.130001068115234,64.75,199101
2025-08-27,Crude Oil,CL=F,64.1500015258789,64.1500015258789,64.2300033569336,62.95000076293945,63.310001373291016,193476
2025-08-28,Crude Oil,CL=F,64.5999984741211,64.5999984741211,64.69999694824219,63.349998474121094,63.869998931884766,208931
2025-08-29,Crude Oil,CL=F,64.01000213623047,64.01000213623047,64.55000305175781,63.880001068115234,64.26000213623047,0
2025-09-02,Crude Oil,CL=F,65.58999633789062,65.58999633789062,66.02999877929688,63.65999984741211,63.95000076293945,320218
2025-09-03,Crude Oil,CL=F,63.970001220703125,63.970001220703125,65.72000122070312,63.720001220703125,65.62000274658203,298737
2025-09-04,Crude Oil,CL=F,63.47999954223633,63.47999954223633,63.84000015258789,62.720001220703125,63.81999969482422,251689
2025-09-05,Crude Oil,CL=F,61.869998931884766,61.869998931884766,63.4900016784668,61.45000076293945,63.33000183105469,294540
2025-09-08,Crude Oil,CL=F,62.2599983215332,62.2599983215332,63.34000015258789,61.849998474121094,62.0,237288
2025-09-09,Crude Oil,CL=F,62.630001068115234,62.630001068115234,63.66999816894531,62.369998931884766,62.43000030517578,268529
2025-09-10,Crude Oil,CL=F,63.66999816894531,63.66999816894531,64.08000183105469,62.720001220703125,62.7400016784668,260684
2025-09-11,Crude Oil,CL=F,62.369998931884766,62.369998931884766,63.79999923706055,62.209999084472656,63.79999923706055,222661
2025-09-12,Crude Oil,CL=F,62.689998626708984,62.689998626708984,63.97999954223633,61.689998626708984,62.27000045776367,313265
2025-09-15,Crude Oil,CL=F,63.29999923706055,63.29999923706055,63.66999816894531,62.52000045776367,62.970001220703125,205560
2025-09-16,Crude Oil,CL=F,64.5199966430664,64.5199966430664,64.76000213623047,62.88999938964844,63.310001373291016,234250
2025-09-17,Crude Oil,CL=F,64.05000305175781,64.05000305175781,64.66999816894531,63.689998626708984,64.58999633789062,165427
2025-09-18,Crude Oil,CL=F,63.56999969482422,63.56999969482422,64.55000305175781,63.33000183105469,63.9900016784668,82321
2025-09-19,Crude Oil,CL=F,62.68000030517578,62.68000030517578,63.650001525878906,62.599998474121094,63.59000015258789,87165
2025-09-22,Crude Oil,CL=F,62.63999938964844,62.63999938964844,63.18000030517578,61.97999954223633,62.7400016784668,223779
2025-09-23,Crude Oil,CL=F,63.40999984741211,63.40999984741211,63.88999938964844,61.849998474121094,62.33000183105469,265948
2025-09-24,Crude Oil,CL=F,64.98999786376953,64.98999786376953,65.05000305175781,63.25,63.63999938964844,282721
2025-09-25,Crude Oil,CL=F,64.9800033569336,64.9800033569336,65.33999633789062,64.05999755859375,64.80000305175781,258353
2025-09-26,Crude Oil,CL=F,65.72000122070312,65.72000122070312,66.41999816894531,64.66000366210938,65.19999694824219,284990
2025-09-29,Crude Oil,CL=F,63.45000076293945,63.45000076293945,65.4000015258789,62.97999954223633,65.06999969482422,294292
2025-09-30,Crude Oil,CL=F,62.369998931884766,62.369998931884766,63.2599983215332,62.029998779296875,63.13999938964844,271649
2025-10-01,Crude Oil,CL=F,61.779998779296875,61.779998779296875,62.88999938964844,61.400001525878906,62.459999084472656,274339
2025-10-02,Crude Oil,CL=F,60.47999954223633,60.47999954223633,62.540000915527344,60.400001525878906,61.779998779296875,290507
2025-10-03,Crude Oil,CL=F,60.880001068115234,60.880001068115234,61.380001068115234,60.54999923706055,60.70000076293945,240044
2025-10-06,Crude Oil,CL=F,61.689998626708984,61.689998626708984,62.119998931884766,61.040000915527344,61.13999938964844,224682
2025-10-07,Crude Oil,CL=F,61.72999954223633,61.72999954223633,62.11000061035156,60.720001220703125,61.72999954223633,245121
2025-10-08,Crude Oil,CL=F,62.54999923706055,62.54999923706055,62.91999816894531,62.04999923706055,62.04999923706055,273318
2025-10-09,Crude Oil,CL=F,61.5099983215332,61.5099983215332,62.869998931884766,61.25,62.310001373291016,259171
2025-10-10,Crude Oil,CL=F,58.900001525878906,58.900001525878906,61.66999816894531,58.220001220703125,61.4900016784668,339103
2025-10-13,Crude Oil,CL=F,59.4900016784668,59.4900016784668,60.16999816894531,59.0,59.0,339103
2025-10-14,Crude Oil,CL=F,58.70000076293945,58.70000076293945,59.81999969482422,57.68000030517578,59.58000183105469,259200
2025-10-15,Crude Oil,CL=F,58.27000045776367,58.27000045776367,59.41999816894531,58.20000076293945,58.599998474121094,224919
2025-10-16,Crude Oil,CL=F,57.459999084472656,57.459999084472656,59.11000061035156,57.2599983215332,58.77000045776367,203866
2025-10-17,Crude Oil,CL=F,57.540000915527344,57.540000915527344,57.720001220703125,56.599998474121094,57.5,108748
2025-10-20,Crude Oil,CL=F,57.52000045776367,57.52000045776367,57.810001373291016,56.349998474121094,57.72999954223633,108146
2025-10-21,Crude Oil,CL=F,57.81999969482422,57.81999969482422,58.279998779296875,56.9900016784668,57.369998931884766,314207
2025-10-22,Crude Oil,CL=F,58.5,58.5,59.83000183105469,57.34000015258789,57.59000015258789,378637
2025-10-23,Crude Oil,CL=F,61.790000915527344,61.790000915527344,62.20000076293945,59.63999938964844,59.939998626708984,735186
2025-10-24,Crude Oil,CL=F,61.5,61.5,62.59000015258789,61.209999084472656,61.790000915527344,373744
2025-10-27,Crude Oil,CL=F,61.310001373291016,61.310001373291016,62.16999816894531,60.66999816894531,61.81999969482422,272191
2025-10-28,Crude Oil,CL=F,60.150001525878906,60.150001525878906,61.5,59.7599983215332,61.5,307568
2025-10-29,Crude Oil,CL=F,60.47999954223633,60.47999954223633,61.02000045776367,59.70000076293945,60.18000030517578,276875
2025-10-30,Crude Oil,CL=F,60.56999969482422,60.56999969482422,60.790000915527344,59.63999938964844,60.38999938964844,247917
2025-10-31,Crude Oil,CL=F,60.97999954223633,60.97999954223633,61.380001068115234,59.9900016784668,60.29999923706055,278598
2025-11-03,Crude Oil,CL=F,61.04999923706055,61.04999923706055,61.5,60.5099983215332,61.400001525878906,0
2025-11-04,Crude Oil,CL=F,60.560001373291016,60.560001373291016,61.029998779296875,59.939998626708984,61.029998779296875,219300
2025-11-05,Crude Oil,CL=F,59.599998474121094,59.599998474121094,61.09000015258789,59.52000045776367,60.43000030517578,292518
2025-11-06,Crude Oil,CL=F,59.43000030517578,59.43000030517578,60.5099983215332,58.83000183105469,59.68000030517578,277768
2025-11-07,Crude Oil,CL=F,59.75,59.75,60.459999084472656,59.31999969482422,59.650001525878906,259446
2025-11-10,Crude Oil,CL=F,60.130001068115234,60.130001068115234,60.47999954223633,59.40999984741211,59.869998931884766,222879
2025-11-11,Crude Oil,CL=F,61.040000915527344,61.040000915527344,61.279998779296875,59.65999984741211,60.06999969482422,264427
2025-11-12,Crude Oil,CL=F,58.4900016784668,58.4900016784668,61.060001373291016,58.29999923706055,61.04999923706055,329517
2025-11-13,Crude Oil,CL=F,58.689998626708984,58.689998626708984,59.209999084472656,58.119998931884766,58.470001220703125,247349
2025-11-14,Crude Oil,CL=F,60.09000015258789,60.09000015258789,60.650001525878906,58.709999084472656,58.709999084472656,334116
2025-11-17,Crude Oil,CL=F,59.90999984741211,59.90999984741211,60.439998626708984,59.31999969482422,59.79999923706055,189638
2025-11-18,Crude Oil,CL=F,60.7400016784668,60.7400016784668,60.93000030517578,59.310001373291016,59.7400016784668,105325
2025-11-19,Crude Oil,CL=F,59.439998626708984,59.439998626708984,60.790000915527344,58.77000045776367,60.619998931884766,79622
2025-11-20,Crude Oil,CL=F,59.13999938964844,59.13999938964844,60.33000183105469,58.86000061035156,59.630001068115234,324282
2025-11-21,Crude Oil,CL=F,58.060001373291016,58.060001373291016,58.79999923706055,57.380001068115234,58.79999923706055,345014
2025-11-24,Crude Oil,CL=F,58.84000015258789,58.84000015258789,59.060001373291016,57.41999816894531,58.04999923706055,238138
2025-11-25,Crude Oil,CL=F,57.95000076293945,57.95000076293945,58.959999084472656,57.099998474121094,58.88999938964844,334442
2025-11-26,Crude Oil,CL=F,58.650001525878906,58.650001525878906,58.720001220703125,57.65999984741211,58.04999923706055,228285
2025-11-28,Crude Oil,CL=F,58.54999923706055,58.54999923706055,59.63999938964844,58.27000045776367,58.58000183105469,153758
2025-12-01,Crude Oil,CL=F,59.31999969482422,59.31999969482422,59.970001220703125,58.83000183105469,58.959999084472656,232770
2025-12-02,Crude Oil,CL=F,58.63999938964844,58.63999938964844,59.66999816894531,58.279998779296875,59.52000045776367,255513
2025-12-03,Crude Oil,CL=F,58.95000076293945,58.95000076293945,59.63999938964844,58.369998931884766,58.650001525878906,260974
2025-12-04,Crude Oil,CL=F,59.66999816894531,59.66999816894531,60.02000045776367,58.810001373291016,59.09000015258789,264993
2025-12-05,Crude Oil,CL=F,60.08000183105469,60.08000183105469,60.5,59.41999816894531,59.70000076293945,255075
2025-12-08,Crude Oil,CL=F,58.880001068115234,58.880001068115234,60.29999923706055,58.68000030517578,60.150001525878906,263009
2025-12-09,Crude Oil,CL=F,58.25,58.25,59.16999816894531,58.119998931884766,58.869998931884766,260206
2025-12-10,Crude Oil,CL=F,58.459999084472656,58.459999084472656,59.04999923706055,57.65999984741211,58.369998931884766,256508
2025-12-11,Crude Oil,CL=F,57.599998474121094,57.599998474121094,58.939998626708984,57.0099983215332,58.90999984741211,286808
2025-12-12,Crude Oil,CL=F,57.439998626708984,57.439998626708984,58.189998626708984,57.150001525878906,57.88999938964844,212806
2025-12-15,Crude Oil,CL=F,56.81999969482422,56.81999969482422,57.79999923706055,56.400001525878906,57.5,229310
2025-12-16,Crude Oil,CL=F,55.27000045776367,55.27000045776367,56.70000076293945,54.97999954223633,56.68000030517578,230933
2025-12-17,Crude Oil,CL=F,55.939998626708984,55.939998626708984,56.97999954223633,55.20000076293945,55.22999954223633,125608
2025-12-18,Crude Oil,CL=F,56.150001525878906,56.150001525878906,57.029998779296875,55.880001068115234,56.900001525878906,85735
2025-12-19,Crude Oil,CL=F,56.65999984741211,56.65999984741211,56.900001525878906,55.81999969482422,56.029998779296875,209264
2025-12-22,Crude Oil,CL=F,58.0099983215332,58.0099983215332,58.130001068115234,56.599998474121094,56.630001068115234,221576
2025-12-23,Crude Oil,CL=F,58.380001068115234,58.380001068115234,58.560001373291016,57.7400016784668,57.95000076293945,183633
2025-12-24,Crude Oil,CL=F,58.349998474121094,58.349998474121094,58.75,58.130001068115234,58.470001220703125,111762
2025-12-26,Crude Oil,CL=F,56.7400016784668,56.7400016784668,58.880001068115234,56.650001525878906,58.349998474121094,166669
2025-12-29,Crude Oil,CL=F,58.08000183105469,58.08000183105469,58.29999923706055,56.90999984741211,57.040000915527344,178590
2025-12-30,Crude Oil,CL=F,57.95000076293945,57.95000076293945,58.470001220703125,57.599998474121094,57.810001373291016,143802
2025-12-31,Crude Oil,CL=F,57.41999816894531,57.41999816894531,58.54999923706055,57.20000076293945,57.95000076293945,157160
2026-01-02,Crude Oil,CL=F,57.31999969482422,57.31999969482422,57.93000030517578,56.599998474121094,57.40999984741211,189503
2026-01-05,Crude Oil,CL=F,58.31999969482422,58.31999969482422,58.5099983215332,56.310001373291016,57.470001220703125,301483
2026-01-06,Crude Oil,CL=F,57.130001068115234,57.130001068115234,58.869998931884766,56.84000015258789,58.34000015258789,292067
2026-01-07,Crude Oil,CL=F,55.9900016784668,55.9900016784668,57.16999816894531,55.7599983215332,57.0,383128
2026-01-08,Crude Oil,CL=F,57.7599983215332,57.7599983215332,58.7400016784668,55.970001220703125,56.41999816894531,334134
2026-01-09,Crude Oil,CL=F,59.119998931884766,59.119998931884766,59.77000045776367,57.61000061035156,58.400001525878906,360309
2026-01-12,Crude Oil,CL=F,59.5,59.5,59.90999984741211,58.45000076293945,59.0,309700
2026-01-13,Crude Oil,CL=F,61.150001525878906,61.150001525878906,61.5,59.470001220703125,59.95000076293945,411190
2026-01-14,Crude Oil,CL=F,62.02000045776367,62.02000045776367,62.36000061035156,59.189998626708984,61.119998931884766,410261
2026-01-15,Crude Oil,CL=F,59.189998626708984,59.189998626708984,61.13999938964844,58.880001068115234,61.060001373291016,113642
2026-01-16,Crude Oil,CL=F,59.439998626708984,59.439998626708984,60.18000030517578,58.939998626708984,59.2599983215332,113794
2026-01-20,Crude Oil,CL=F,60.34000015258789,60.34000015258789,60.68000030517578,58.70000076293945,59.0099983215332,499595
2026-01-21,Crude Oil,CL=F,60.619998931884766,60.619998931884766,60.88999938964844,59.220001220703125,59.56999969482422,333062
2026-01-22,Crude Oil,CL=F,59.36000061035156,59.36000061035156,60.81999969482422,58.959999084472656,60.68000030517578,324349
2026-01-23,Crude Oil,CL=F,61.06999969482422,61.06999969482422,61.36000061035156,59.52000045776367,59.65999984741211,283419
2026-01-26,Crude Oil,CL=F,60.630001068115234,60.630001068115234,61.709999084472656,60.31999969482422,61.220001220703125,281062
2026-01-27,Crude Oil,CL=F,62.38999938964844,62.38999938964844,62.630001068115234,60.13999938964844,60.779998779296875,360208
2026-01-28,Crude Oil,CL=F,63.209999084472656,63.209999084472656,63.56999969482422,62.06999969482422,62.58000183105469,354864
2026-01-29,Crude Oil,CL=F,65.41999816894531,65.41999816894531,66.4800033569336,63.279998779296875,63.5,560007
2026-01-30,Crude Oil,CL=F,65.20999908447266,65.20999908447266,66.11000061035156,63.63999938964844,65.5199966430664,449325
2026-02-02,Crude Oil,CL=F,62.13999938964844,62.13999938964844,64.73999786376953,61.38999938964844,64.72000122070312,414083
2026-02-03,Crude Oil,CL=F,63.209999084472656,63.209999084472656,64.20999908447266,61.119998931884766,62.279998779296875,381144
2026-02-04,Crude Oil,CL=F,65.13999938964844,65.13999938964844,65.52999877929688,62.86000061035156,63.79999923706055,446588
2026-02-05,Crude Oil,CL=F,63.290000915527344,63.290000915527344,64.66999816894531,62.650001525878906,64.48999786376953,389763
2026-02-06,Crude Oil,CL=F,63.54999923706055,63.54999923706055,64.58000183105469,62.20000076293945,63.099998474121094,448924
2026-02-09,Crude Oil,CL=F,64.36000061035156,64.36000061035156,64.87999725341797,62.619998931884766,62.9900016784668,298005
2026-02-10,Crude Oil,CL=F,63.959999084472656,63.959999084472656,64.70999908447266,63.650001525878906,64.44000244140625,276292
2026-02-11,Crude Oil,CL=F,64.62999725341797,64.62999725341797,65.83000183105469,64.1500015258789,64.19999694824219,340194
2026-02-12,Crude Oil,CL=F,62.84000015258789,62.84000015258789,65.0999984741211,62.38999938964844,64.87000274658203,369303
2026-02-13,Crude Oil,CL=F,62.88999938964844,62.88999938964844,63.2599983215332,62.13999938964844,62.9900016784668,255793
2026-02-17,Crude Oil,CL=F,62.33000183105469,62.33000183105469,64.13999938964844,61.869998931884766,63.29999923706055,328727
2026-02-18,Crude Oil,CL=F,65.19000244140625,65.19000244140625,65.55999755859375,62.119998931884766,62.29999923706055,115379
2026-02-19,Crude Oil,CL=F,66.43000030517578,66.43000030517578,66.9000015258789,64.87999725341797,65.0999984741211,113408
2026-02-20,Crude Oil,CL=F,66.38999938964844,66.38999938964844,67.05000305175781,65.94000244140625,66.66999816894531,351351
2026-02-23,Crude Oil,CL=F,66.30999755859375,66.30999755859375,67.27999877929688,65.37999725341797,65.88999938964844,270365
2026-02-24,Crude Oil,CL=F,65.62999725341797,65.62999725341797,67.1500015258789,65.55000305175781,66.30999755859375,312124
2026-02-25,Crude Oil,CL=F,65.41999816894531,65.41999816894531,66.5999984741211,65.12000274658203,66.06999969482422,306780
2026-02-26,Crude Oil,CL=F,65.20999908447266,65.20999908447266,66.70999908447266,63.599998474121094,65.6500015258789,498542
2026-02-27,Crude Oil,CL=F,67.0199966430664,67.0199966430664,67.83000183105469,64.8499984741211,65.3499984741211,437053
2026-03-02,Crude Oil,CL=F,71.2300033569336,71.2300033569336,75.33000183105469,69.19999694824219,75.0,881329
2026-03-03,Crude Oil,CL=F,74.55999755859375,74.55999755859375,77.9800033569336,70.41000366210938,71.2300033569336,1009753
2026-03-04,Crude Oil,CL=F,74.66000366210938,74.66000366210938,77.2300033569336,73.27999877929688,74.73999786376953,617822
2026-03-05,Crude Oil,CL=F,81.01000213623047,81.01000213623047,82.16000366210938,74.97000122070312,76.1500015258789,707030
2026-03-06,Crude Oil,CL=F,90.9000015258789,90.9000015258789,92.61000061035156,78.23999786376953,79.08000183105469,996251
2026-03-09,Crude Oil,CL=F,94.7699966430664,94.7699966430664,119.4800033569336,81.19000244140625,98.0,1107193
2026-03-10,Crude Oil,CL=F,83.44999694824219,83.44999694824219,91.4800033569336,76.7300033569336,85.75,801564
2026-03-11,Crude Oil,CL=F,87.25,87.25,88.98999786376953,81.79000091552734,86.88999938964844,538020
2026-03-12,Crude Oil,CL=F,95.7300033569336,95.7300033569336,97.19000244140625,88.61000061035156,89.31999969482422,548999
2026-03-13,Crude Oil,CL=F,98.70999908447266,98.70999908447266,99.31999969482422,92.04000091552734,96.73999786376953,436700
2026-03-16,Crude Oil,CL=F,93.5,93.5,102.44000244140625,92.93000030517578,100.93000030517578,455454
2026-03-17,Crude Oil,CL=F,96.20999908447266,96.20999908447266,98.41999816894531,93.83000183105469,94.41000366210938,308425
2026-03-18,Crude Oil,CL=F,96.31999969482422,96.31999969482422,100.55000305175781,91.95999908447266,96.0,157222
2026-03-19,Crude Oil,CL=F,96.13999938964844,96.13999938964844,101.4800033569336,92.80000305175781,99.12999725341797,118719
2026-03-20,Crude Oil,CL=F,98.31999969482422,98.31999969482422,99.66999816894531,93.41999816894531,95.0,461845
2026-03-23,Crude Oil,CL=F,88.12999725341797,88.12999725341797,101.66999816894531,84.37000274658203,100.51000213623047,666790
2026-03-24,Crude Oil,CL=F,92.3499984741211,92.3499984741211,93.36000061035156,86.33999633789062,88.77999877929688,420067
2026-03-25,Crude Oil,CL=F,90.31999969482422,90.31999969482422,91.7300033569336,86.45999908447266,88.48999786376953,405170
2026-03-26,Crude Oil,CL=F,94.4800033569336,94.4800033569336,95.44000244140625,89.51000213623047,91.37999725341797,350768
2026-03-27,Crude Oil,CL=F,99.63999938964844,99.63999938964844,101.23999786376953,92.08000183105469,93.30999755859375,374920
2026-03-30,Crude Oil,CL=F,102.87999725341797,102.87999725341797,105.36000061035156,99.43000030517578,102.5999984741211,374075
2026-03-31,Crude Oil,CL=F,101.37999725341797,101.37999725341797,106.86000061035156,99.62000274658203,105.06999969482422,495395
2026-04-01,Crude Oil,CL=F,100.12000274658203,100.12000274658203,103.30999755859375,96.5,101.72000122070312,434561
2026-04-02,Crude Oil,CL=F,111.54000091552734,111.54000091552734,113.97000122070312,97.5,98.91999816894531,0
2026-04-06,Crude Oil,CL=F,112.41000366210938,112.41000366210938,115.4800033569336,108.88999938964844,112.95999908447266,271742
2026-04-07,Crude Oil,CL=F,112.94999694824219,112.94999694824219,117.62999725341797,109.19999694824219,112.62000274658203,429331
2026-04-08,Crude Oil,CL=F,94.41000366210938,94.41000366210938,109.19000244140625,91.05000305175781,108.73999786376953,599576
2026-04-09,Crude Oil,CL=F,97.87000274658203,97.87000274658203,102.69999694824219,95.25,96.77999877929688,427201
2026-04-10,Crude Oil,CL=F,96.56999969482422,96.56999969482422,100.41999816894531,95.51000213623047,98.2300033569336,314855
2026-04-13,Crude Oil,CL=F,99.08000183105469,99.08000183105469,105.62999725341797,97.02999877929688,102.0,344337
2026-04-14,Crude Oil,CL=F,91.27999877929688,91.27999877929688,98.0,91.05999755859375,97.98999786376953,315821
2026-04-15,Crude Oil,CL=F,91.29000091552734,91.29000091552734,93.30000305175781,86.95999908447266,92.0199966430664,240397
2026-04-16,Crude Oil,CL=F,94.69000244140625,94.69000244140625,95.44000244140625,90.5199966430664,91.47000122070312,194354
2026-04-17,Crude Oil,CL=F,83.8499984741211,83.8499984741211,94.04000091552734,80.55999755859375,93.18000030517578,116624
2026-04-20,Crude Oil,CL=F,89.61000061035156,89.61000061035156,91.19999694824219,87.0199966430664,89.0,115578
2026-04-21,Crude Oil,CL=F,92.12999725341797,92.12999725341797,94.44999694824219,87.76000213623047,87.88999938964844,383596
2026-04-22,Crude Oil,CL=F,92.95999908447266,92.95999908447266,93.7300033569336,87.63999938964844,90.0,299675
2026-04-23,Crude Oil,CL=F,95.8499984741211,95.8499984741211,98.38999938964844,92.30000305175781,92.9000015258789,365210
2026-04-24,Crude Oil,CL=F,94.4000015258789,94.4000015258789,97.8499984741211,92.68000030517578,96.62000274658203,330280
2026-04-27,Crude Oil,CL=F,96.37000274658203,96.37000274658203,97.66999816894531,94.58999633789062,95.5999984741211,219055
2026-04-28,Crude Oil,CL=F,99.93000030517578,99.93000030517578,101.8499984741211,96.23999786376953,96.66999816894531,281078
2026-04-29,Crude Oil,CL=F,106.87999725341797,106.87999725341797,108.5999984741211,98.41999816894531,99.70999908447266,318841
2026-04-30,Crude Oil,CL=F,105.06999969482422,105.06999969482422,110.93000030517578,103.33999633789062,109.06999969482422,341994
2026-05-01,Crude Oil,CL=F,101.94000244140625,101.94000244140625,106.6500015258789,99.30000305175781,105.13999938964844,268707
2026-05-04,Crude Oil,CL=F,106.41999816894531,106.41999816894531,107.45999908447266,99.11000061035156,99.7300033569336,342843
2026-05-05,Crude Oil,CL=F,102.2699966430664,102.2699966430664,105.4800033569336,101.08000183105469,104.93000030517578,241150
2026-05-06,Crude Oil,CL=F,95.08000183105469,95.08000183105469,102.69999694824219,88.66000366210938,102.69999694824219,423491
2026-05-07,Crude Oil,CL=F,94.80999755859375,94.80999755859375,97.98999786376953,89.8499984741211,96.30000305175781,392091
2026-05-08,Crude Oil,CL=F,95.41999816894531,95.41999816894531,98.63999938964844,93.81999969482422,98.25,243423
2026-05-11,Crude Oil,CL=F,98.06999969482422,98.06999969482422,100.37000274658203,96.12999725341797,98.19000244140625,256251
2026-05-12,Crude Oil,CL=F,102.18000030517578,102.18000030517578,102.72000122070312,98.0,98.38999938964844,231747
2026-05-13,Crude Oil,CL=F,101.0199966430664,101.0199966430664,103.66999816894531,100.55999755859375,102.16000366210938,212582
2026-05-14,Crude Oil,CL=F,101.16999816894531,101.16999816894531,102.3499984741211,99.38999938964844,101.0199966430664,173862
2026-05-15,Crude Oil,CL=F,105.41999816894531,105.41999816894531,106.0,101.4800033569336,102.05999755859375,96552
2026-05-18,Crude Oil,CL=F,108.66000366210938,108.66000366210938,109.47000122070312,102.6500015258789,106.0,117910
2026-05-19,Crude Oil,CL=F,107.7699966430664,107.7699966430664,109.23999786376953,106.76000213623047,107.11000061035156,206472
2026-05-20,Crude Oil,CL=F,98.26000213623047,98.26000213623047,104.44999694824219,96.94000244140625,104.12000274658203,320034
2026-05-21,Crude Oil,CL=F,96.3499984741211,96.3499984741211,102.66000366210938,95.76000213623047,98.94999694824219,345482
2026-05-22,Crude Oil,CL=F,96.5999984741211,96.5999984741211,99.43000030517578,94.7300033569336,98.0,261142
2026-05-26,Crude Oil,CL=F,93.88999938964844,93.88999938964844,94.69999694824219,89.41000366210938,93.87999725341797,358867
2026-05-27,Crude Oil,CL=F,88.68000030517578,88.68000030517578,93.69000244140625,87.7699966430664,93.38999938964844,290948
2026-05-28,Crude Oil,CL=F,88.9000015258789,88.9000015258789,92.5199966430664,87.11000061035156,89.11000061035156,235145
2026-05-29,Crude Oil,CL=F,87.36000061035156,87.36000061035156,89.0199966430664,86.3499984741211,88.55000305175781,267803
2026-06-01,Crude Oil,CL=F,92.16000366210938,92.16000366210938,94.77999877929688,88.44999694824219,88.5,322039
2026-06-02,Crude Oil,CL=F,93.76000213623047,93.76000213623047,94.0,90.12000274658203,92.44999694824219,238146
2026-06-03,Crude Oil,CL=F,96.0199966430664,96.0199966430664,97.0,93.44999694824219,93.44999694824219,260613
2026-06-04,Crude Oil,CL=F,93.04000091552734,93.04000091552734,95.91000366210938,91.91000366210938,95.75,219500
2026-06-05,Crude Oil,CL=F,90.54000091552734,90.54000091552734,93.62999725341797,89.68000030517578,92.81999969482422,252903
2026-06-08,Crude Oil,CL=F,91.30000305175781,91.30000305175781,95.47000122070312,90.38999938964844,93.0,278650
2026-06-09,Crude Oil,CL=F,88.19999694824219,88.19999694824219,91.55000305175781,85.94999694824219,91.27999877929688,306101
2026-06-10,Crude Oil,CL=F,90.02999877929688,90.02999877929688,91.87000274658203,87.38999938964844,89.4000015258789,291935
2026-06-11,Crude Oil,CL=F,87.70999908447266,87.70999908447266,93.63999938964844,85.73999786376953,92.25,317151
2026-06-12,Crude Oil,CL=F,84.87999725341797,84.87999725341797,87.2300033569336,83.19999694824219,86.63999938964844,233924
2026-06-15,Crude Oil,CL=F,80.75,80.75,82.41999816894531,79.69999694824219,81.4000015258789,208395
2026-06-16,Crude Oil,CL=F,76.05000305175781,76.05000305175781,81.58000183105469,75.5199966430664,81.0999984741211,205050
2026-06-17,Crude Oil,CL=F,76.79000091552734,76.79000091552734,80.02999877929688,74.58999633789062,76.58999633789062,100474
2026-06-18,Crude Oil,CL=F,76.5999984741211,76.5999984741211,76.98999786376953,73.58000183105469,75.52999877929688,97813
2026-06-22,Crude Oil,CL=F,74.81999969482422,74.81999969482422,78.95999908447266,74.44999694824219,78.93000030517578,315903
2026-06-23,Crude Oil,CL=F,73.20999908447266,73.20999908447266,74.44999694824219,72.4800033569336,74.13999938964844,203509
2026-06-24,Crude Oil,CL=F,70.33999633789062,70.33999633789062,73.18000030517578,69.62999725341797,73.12999725341797,251403
2026-06-25,Crude Oil,CL=F,71.91999816894531,71.91999816894531,72.5,68.9000015258789,69.94999694824219,228065
2026-06-26,Crude Oil,CL=F,69.2300033569336,69.2300033569336,71.86000061035156,68.55999755859375,71.44000244140625,249316
2026-06-29,Crude Oil,CL=F,70.75,70.75,71.1500015258789,69.31999969482422,70.5,170488
2026-06-30,Crude Oil,CL=F,69.5,69.5,71.5999984741211,69.22000122070312,70.43000030517578,194279
2026-07-01,Crude Oil,CL=F,68.58000183105469,68.58000183105469,70.19000244140625,67.91999816894531,69.9800033569336,200004
2026-07-02,Crude Oil,CL=F,68.69000244140625,68.69000244140625,68.80000305175781,67.04000091552734,68.02999877929688,183635
2026-07-06,Crude Oil,CL=F,68.55000305175781,68.55000305175781,69.20999908447266,67.81999969482422,68.68000030517578,229909
2026-07-07,Crude Oil,CL=F,70.44000244140625,70.44000244140625,72.51000213623047,68.58000183105469,68.58000183105469,264072
2026-07-08,Crude Oil,CL=F,73.5199966430664,73.5199966430664,76.08000183105469,71.75,72.37999725341797,445251
2026-07-09,Crude Oil,CL=F,72.08000183105469,72.08000183105469,75.12999725341797,71.41999816894531,74.94999694824219,264009
2026-07-10,Crude Oil,CL=F,71.41000366210938,71.41000366210938,73.16000366210938,70.7699966430664,71.86000061035156,219817
2026-07-13,Crude Oil,CL=F,78.13999938964844,78.13999938964844,78.58000183105469,72.61000061035156,73.69000244140625,327411
2026-07-14,Crude Oil,CL=F,79.33999633789062,79.33999633789062,81.2699966430664,77.83999633789062,78.04000091552734,409973
2026-07-15,Crude Oil,CL=F,79.5999984741211,79.5999984741211,80.93000030517578,78.19000244140625,79.73999786376953,239855
2026-07-16,Crude Oil,CL=F,78.94999694824219,78.94999694824219,80.87000274658203,78.58000183105469,80.0,188731
2026-07-17,Crude Oil,CL=F,82.48999786376953,82.48999786376953,82.76000213623047,78.61000061035156,79.56999969482422,96003
2026-07-20,Crude Oil,CL=F,83.2300033569336,83.2300033569336,85.38999938964844,80.2699966430664,83.76000213623047,99783
2026-07-21,Crude Oil,CL=F,84.91000366210938,84.91000366210938,85.80000305175781,82.25,83.4800033569336,298109
2026-07-22,Crude Oil,CL=F,86.83000183105469,86.83000183105469,88.61000061035156,84.44000244140625,84.69000244140625,358021
2026-07-23,Crude Oil,CL=F,92.19000244140625,92.19000244140625,93.5,87.31999969482422,87.72000122070312,401934
2026-07-24,Crude Oil,CL=F,89.30999755859375,89.30999755859375,92.83000183105469,87.68000030517578,92.55000305175781,365438
2026-07-27,Crude Oil,CL=F,82.61000061035156,82.61000061035156,86.19999694824219,81.62999725341797,86.12000274658203,365438
2026-07-28,Crude Oil,CL=F,82.04000091552734,82.04000091552734,82.43000030517578,80.5999984741211,82.0,30446
2023-07-28,Silver,SI=F,24.3700008392334,24.3700008392334,24.3700008392334,24.21500015258789,24.229999542236328,78
2023-07-31,Silver,SI=F,24.854000091552734,24.854000091552734,24.854000091552734,24.209999084472656,24.209999084472656,169
2023-08-01,Silver,SI=F,24.20800018310547,24.20800018310547,24.579999923706055,24.184999465942383,24.579999923706055,11
2023-08-02,Silver,SI=F,23.753999710083008,23.753999710083008,24.149999618530273,23.753999710083008,24.149999618530273,8
2023-08-03,Silver,SI=F,23.586000442504883,23.586000442504883,23.610000610351562,23.43000030517578,23.584999084472656,56
2023-08-04,Silver,SI=F,23.617000579833984,23.617000579833984,23.625,23.375,23.600000381469727,62
2023-08-07,Silver,SI=F,23.142000198364258,23.142000198364258,23.475000381469727,23.06999969482422,23.475000381469727,50
2023-08-08,Silver,SI=F,22.716999053955078,22.716999053955078,22.96500015258789,22.716999053955078,22.959999084472656,5
2023-08-09,Silver,SI=F,22.649999618530273,22.649999618530273,22.649999618530273,22.649999618530273,22.649999618530273,5
2023-08-10,Silver,SI=F,22.746000289916992,22.746000289916992,22.746000289916992,22.746000289916992,22.746000289916992,5
2023-08-11,Silver,SI=F,22.673999786376953,22.673999786376953,22.673999786376953,22.673999786376953,22.673999786376953,5
2023-08-14,Silver,SI=F,22.643999099731445,22.643999099731445,22.643999099731445,22.405000686645508,22.405000686645508,21
2023-08-15,Silver,SI=F,22.594999313354492,22.594999313354492,22.594999313354492,22.454999923706055,22.454999923706055,11
2023-08-16,Silver,SI=F,22.479999542236328,22.479999542236328,22.655000686645508,22.479999542236328,22.655000686645508,7
2023-08-17,Silver,SI=F,22.670000076293945,22.670000076293945,22.954999923706055,22.600000381469727,22.600000381469727,27
2023-08-18,Silver,SI=F,22.69499969482422,22.69499969482422,22.69499969482422,22.69499969482422,22.69499969482422,0
2023-08-21,Silver,SI=F,23.304000854492188,23.304000854492188,23.304000854492188,22.78499984741211,22.78499984741211,3
2023-08-22,Silver,SI=F,23.420000076293945,23.420000076293945,23.420000076293945,23.344999313354492,23.344999313354492,2
2023-08-23,Silver,SI=F,24.363000869750977,24.363000869750977,24.363000869750977,24.363000869750977,24.363000869750977,2
2023-08-24,Silver,SI=F,24.211000442504883,24.211000442504883,24.309999465942383,24.211000442504883,24.28499984741211,6
2023-08-25,Silver,SI=F,24.219999313354492,24.219999313354492,24.219999313354492,24.079999923706055,24.079999923706055,11
2023-08-28,Silver,SI=F,24.238000869750977,24.238000869750977,24.238000869750977,24.238000869750977,24.238000869750977,11
2023-08-29,Silver,SI=F,24.777000427246094,24.777000427246094,24.777000427246094,24.777000427246094,24.777000427246094,52924
2023-08-30,Silver,SI=F,24.733999252319336,24.733999252319336,25.059999465942383,24.56999969482422,24.780000686645508,7105
2023-08-31,Silver,SI=F,24.472000122070312,24.472000122070312,24.700000762939453,24.450000762939453,24.665000915527344,738
2023-09-01,Silver,SI=F,24.23200035095215,24.23200035095215,24.84000015258789,24.204999923706055,24.489999771118164,229
2023-09-05,Silver,SI=F,23.558000564575195,23.558000564575195,24.325000762939453,23.53499984741211,24.204999923706055,150
2023-09-06,Silver,SI=F,23.20599937438965,23.20599937438965,23.6200008392334,23.135000228881836,23.514999389648438,357
2023-09-07,Silver,SI=F,22.950000762939453,22.950000762939453,23.125,22.905000686645508,23.09000015258789,97
2023-09-08,Silver,SI=F,22.892000198364258,22.892000198364258,23.145000457763672,22.892000198364258,23.104999542236328,28
2023-09-11,Silver,SI=F,23.10300064086914,23.10300064086914,23.139999389648438,22.924999237060547,22.924999237060547,138
2023-09-12,Silver,SI=F,23.12700080871582,23.12700080871582,23.12700080871582,22.93000030517578,22.94499969482422,59
2023-09-13,Silver,SI=F,22.91200065612793,22.91200065612793,22.915000915527344,22.81999969482422,22.825000762939453,10
2023-09-14,Silver,SI=F,22.74799919128418,22.74799919128418,22.74799919128418,22.579999923706055,22.614999771118164,42
2023-09-15,Silver,SI=F,23.125999450683594,23.125999450683594,23.184999465942383,22.709999084472656,22.709999084472656,34
2023-09-18,Silver,SI=F,23.23200035095215,23.23200035095215,23.23200035095215,23.23200035095215,23.23200035095215,8
2023-09-19,Silver,SI=F,23.194000244140625,23.194000244140625,23.194000244140625,23.194000244140625,23.194000244140625,0
2023-09-20,Silver,SI=F,23.57900047302246,23.57900047302246,23.57900047302246,23.350000381469727,23.350000381469727,1
2023-09-21,Silver,SI=F,23.444000244140625,23.444000244140625,23.444000244140625,23.030000686645508,23.030000686645508,64
2023-09-22,Silver,SI=F,23.59600067138672,23.59600067138672,23.700000762939453,23.59600067138672,23.700000762939453,28
2023-09-25,Silver,SI=F,23.145000457763672,23.145000457763672,23.610000610351562,23.145000457763672,23.59000015258789,66
2023-09-26,Silver,SI=F,22.950000762939453,22.950000762939453,22.950000762939453,22.950000762939453,22.950000762939453,1
2023-09-27,Silver,SI=F,22.476999282836914,22.476999282836914,22.476999282836914,22.476999282836914,22.476999282836914,421
2023-09-28,Silver,SI=F,22.514999389648438,22.514999389648438,22.614999771118164,22.399999618530273,22.549999237060547,120
2023-09-29,Silver,SI=F,22.236000061035156,22.236000061035156,23.459999084472656,22.236000061035156,22.774999618530273,120
2023-10-02,Silver,SI=F,21.218000411987305,21.218000411987305,22.174999237060547,21.218000411987305,22.165000915527344,131
2023-10-03,Silver,SI=F,21.17799949645996,21.17799949645996,21.17799949645996,20.78499984741211,20.979999542236328,34
2023-10-04,Silver,SI=F,20.95599937438965,20.95599937438965,21.184999465942383,20.760000228881836,21.184999465942383,30
2023-10-05,Silver,SI=F,20.847999572753906,20.847999572753906,21.075000762939453,20.847999572753906,21.075000762939453,117
2023-10-06,Silver,SI=F,21.540000915527344,21.540000915527344,21.540000915527344,20.924999237060547,20.985000610351562,15
2023-10-09,Silver,SI=F,21.740999221801758,21.740999221801758,21.740999221801758,21.740999221801758,21.740999221801758,0
2023-10-10,Silver,SI=F,21.775999069213867,21.775999069213867,21.860000610351562,21.71500015258789,21.850000381469727,12
2023-10-11,Silver,SI=F,21.957000732421875,21.957000732421875,21.957000732421875,21.957000732421875,21.957000732421875,3
2023-10-12,Silver,SI=F,21.79199981689453,21.79199981689453,22.19499969482422,21.79199981689453,22.06999969482422,20
2023-10-13,Silver,SI=F,22.726999282836914,22.726999282836914,22.726999282836914,22.475000381469727,22.475000381469727,13
2023-10-16,Silver,SI=F,22.610000610351562,22.610000610351562,22.610000610351562,22.604999542236328,22.604999542236328,2
2023-10-17,Silver,SI=F,22.863000869750977,22.863000869750977,22.863000869750977,22.649999618530273,22.700000762939453,22
2023-10-18,Silver,SI=F,22.944000244140625,22.944000244140625,22.944000244140625,22.764999389648438,22.790000915527344,8
2023-10-19,Silver,SI=F,22.886999130249023,22.886999130249023,22.886999130249023,22.770000457763672,22.770000457763672,9
2023-10-20,Silver,SI=F,23.35099983215332,23.35099983215332,23.6299991607666,23.35099983215332,23.559999465942383,7
2023-10-23,Silver,SI=F,23.07200050354004,23.07200050354004,23.239999771118164,23.07200050354004,23.225000381469727,5
2023-10-24,Silver,SI=F,22.979999542236328,22.979999542236328,22.979999542236328,22.850000381469727,22.850000381469727,2
2023-10-25,Silver,SI=F,22.87700080871582,22.87700080871582,22.87700080871582,22.579999923706055,22.780000686645508,6
2023-10-26,Silver,SI=F,22.78700065612793,22.78700065612793,22.989999771118164,22.78700065612793,22.975000381469727,14
2023-10-27,Silver,SI=F,22.770000457763672,22.770000457763672,22.770000457763672,22.770000457763672,22.770000457763672,68
2023-10-30,Silver,SI=F,23.281999588012695,23.281999588012695,23.565000534057617,23.094999313354492,23.15999984741211,208
2023-10-31,Silver,SI=F,22.840999603271484,22.840999603271484,23.30500030517578,22.840999603271484,23.295000076293945,85
2023-11-01,Silver,SI=F,22.684999465942383,22.684999465942383,23.010000228881836,22.639999389648438,22.645000457763672,68
2023-11-02,Silver,SI=F,22.750999450683594,22.750999450683594,22.750999450683594,22.750999450683594,22.750999450683594,31
2023-11-03,Silver,SI=F,23.201000213623047,23.201000213623047,23.201000213623047,23.201000213623047,23.201000213623047,16
2023-11-06,Silver,SI=F,23.14900016784668,23.14900016784668,23.14900016784668,23.14900016784668,23.14900016784668,5
2023-11-07,Silver,SI=F,22.507999420166016,22.507999420166016,22.774999618530273,22.5049991607666,22.774999618530273,42
2023-11-08,Silver,SI=F,22.64699935913086,22.64699935913086,22.739999771118164,22.329999923706055,22.329999923706055,95
2023-11-09,Silver,SI=F,22.83099937438965,22.83099937438965,22.924999237060547,22.5049991607666,22.520000457763672,73
2023-11-10,Silver,SI=F,22.21500015258789,22.21500015258789,22.6200008392334,22.21500015258789,22.6200008392334,33
2023-11-13,Silver,SI=F,22.298999786376953,22.298999786376953,22.298999786376953,22.010000228881836,22.084999084472656,4
2023-11-14,Silver,SI=F,23.07900047302246,23.07900047302246,23.165000915527344,22.260000228881836,22.334999084472656,282
2023-11-15,Silver,SI=F,23.485000610351562,23.485000610351562,23.485000610351562,23.485000610351562,23.485000610351562,0
2023-11-16,Silver,SI=F,23.892000198364258,23.892000198364258,23.895000457763672,23.575000762939453,23.575000762939453,7
2023-11-17,Silver,SI=F,23.80900001525879,23.80900001525879,24.155000686645508,23.80900001525879,23.905000686645508,37
2023-11-20,Silver,SI=F,23.57900047302246,23.57900047302246,23.57900047302246,23.459999084472656,23.459999084472656,2
2023-11-21,Silver,SI=F,23.843000411987305,23.843000411987305,23.843000411987305,23.764999389648438,23.764999389648438,11
2023-11-22,Silver,SI=F,23.672000885009766,23.672000885009766,23.672000885009766,23.672000885009766,23.672000885009766,37
2023-11-24,Silver,SI=F,24.32900047302246,24.32900047302246,24.32900047302246,24.260000228881836,24.315000534057617,4
2023-11-27,Silver,SI=F,24.672000885009766,24.672000885009766,24.850000381469727,24.672000885009766,24.80500030517578,14
2023-11-28,Silver,SI=F,24.93000030517578,24.93000030517578,24.93000030517578,24.93000030517578,24.93000030517578,59633
2023-11-29,Silver,SI=F,25.07200050354004,25.07200050354004,25.30500030517578,24.850000381469727,25.049999237060547,5716
2023-11-30,Silver,SI=F,25.292999267578125,25.292999267578125,25.325000762939453,24.96500015258789,25.03499984741211,882
2023-12-01,Silver,SI=F,25.499000549316406,25.499000549316406,25.565000534057617,25.155000686645508,25.399999618530273,491
2023-12-04,Silver,SI=F,24.55500030517578,24.55500030517578,25.934999465942383,24.450000762939453,25.59000015258789,194
2023-12-05,Silver,SI=F,24.201000213623047,24.201000213623047,24.655000686645508,24.0,24.55500030517578,369
2023-12-06,Silver,SI=F,23.888999938964844,23.888999938964844,24.354999542236328,23.888999938964844,24.18000030517578,76
2023-12-07,Silver,SI=F,23.73200035095215,23.73200035095215,23.934999465942383,23.73200035095215,23.920000076293945,107
2023-12-08,Silver,SI=F,22.97100067138672,22.97100067138672,23.815000534057617,22.969999313354492,23.815000534057617,164
2023-12-11,Silver,SI=F,22.773000717163086,22.773000717163086,23.049999237060547,22.7549991607666,23.049999237060547,54
2023-12-12,Silver,SI=F,22.72800064086914,22.72800064086914,22.78499984741211,22.72800064086914,22.78499984741211,3
2023-12-13,Silver,SI=F,22.638999938964844,22.638999938964844,23.665000915527344,22.524999618530273,22.809999465942383,89
2023-12-14,Silver,SI=F,24.09600067138672,24.09600067138672,24.204999923706055,23.764999389648438,23.764999389648438,125
2023-12-15,Silver,SI=F,23.8700008392334,23.8700008392334,24.010000228881836,23.8700008392334,24.0049991607666,4
2023-12-18,Silver,SI=F,23.83099937438965,23.83099937438965,23.83099937438965,23.81999969482422,23.83099937438965,76
2023-12-19,Silver,SI=F,24.040000915527344,24.040000915527344,24.065000534057617,23.959999084472656,23.96500015258789,32
2023-12-20,Silver,SI=F,24.347000122070312,24.347000122070312,24.385000228881836,23.96500015258789,24.079999923706055,928
2023-12-21,Silver,SI=F,24.30699920654297,24.30699920654297,24.3700008392334,24.30699920654297,24.329999923706055,89
2023-12-22,Silver,SI=F,24.290000915527344,24.290000915527344,24.575000762939453,24.165000915527344,24.520000457763672,81
2023-12-26,Silver,SI=F,24.143999099731445,24.143999099731445,24.28499984741211,24.09000015258789,24.28499984741211,227
2023-12-27,Silver,SI=F,24.375,24.375,24.375,24.149999618530273,24.235000610351562,540
2023-12-28,Silver,SI=F,24.134000778198242,24.134000778198242,24.420000076293945,24.0,24.34000015258789,203
2023-12-29,Silver,SI=F,23.85300064086914,23.85300064086914,23.885000228881836,23.55500030517578,23.885000228881836,20
2024-01-02,Silver,SI=F,23.732999801635742,23.732999801635742,24.06999969482422,23.732999801635742,23.844999313354492,20
2024-01-03,Silver,SI=F,22.945999145507812,22.945999145507812,23.264999389648438,22.93000030517578,23.264999389648438,458
2024-01-04,Silver,SI=F,22.98900032043457,22.98900032043457,23.045000076293945,22.704999923706055,22.93000030517578,24
2024-01-05,Silver,SI=F,23.121999740600586,23.121999740600586,23.121999740600586,22.864999771118164,23.065000534057617,5
2024-01-08,Silver,SI=F,23.1200008392334,23.1200008392334,23.1200008392334,22.834999084472656,22.989999771118164,53
2024-01-09,Silver,SI=F,22.90399932861328,22.90399932861328,23.139999389648438,22.90399932861328,23.139999389648438,19
2024-01-10,Silver,SI=F,22.884000778198242,22.884000778198242,23.0,22.799999237060547,23.0,10
2024-01-11,Silver,SI=F,22.53700065612793,22.53700065612793,23.084999084472656,22.53499984741211,22.959999084472656,109
2024-01-12,Silver,SI=F,23.16200065612793,23.16200065612793,23.3799991607666,22.825000762939453,22.825000762939453,44
2024-01-16,Silver,SI=F,22.933000564575195,22.933000564575195,22.933000564575195,22.933000564575195,22.933000564575195,0
2024-01-17,Silver,SI=F,22.516000747680664,22.516000747680664,22.90999984741211,22.510000228881836,22.90999984741211,17
2024-01-18,Silver,SI=F,22.66699981689453,22.66699981689453,22.66699981689453,22.59000015258789,22.639999389648438,5
2024-01-19,Silver,SI=F,22.570999145507812,22.570999145507812,22.570999145507812,22.514999389648438,22.514999389648438,2
2024-01-22,Silver,SI=F,22.163000106811523,22.163000106811523,22.163000106811523,21.924999237060547,22.0049991607666,28
2024-01-23,Silver,SI=F,22.333999633789062,22.333999633789062,22.333999633789062,22.333999633789062,22.333999633789062,0
2024-01-24,Silver,SI=F,22.7549991607666,22.7549991607666,22.90999984741211,22.7549991607666,22.854999542236328,46
2024-01-25,Silver,SI=F,22.808000564575195,22.808000564575195,22.8700008392334,22.808000564575195,22.8700008392334,48
2024-01-26,Silver,SI=F,22.7549991607666,22.7549991607666,22.84000015258789,22.7549991607666,22.760000228881836,111
2024-01-29,Silver,SI=F,23.13800048828125,23.13800048828125,23.204999923706055,23.094999313354492,23.094999313354492,333
2024-01-30,Silver,SI=F,23.10700035095215,23.10700035095215,23.274999618530273,23.065000534057617,23.204999923706055,78
2024-01-31,Silver,SI=F,23.051000595092773,23.051000595092773,23.051000595092773,23.051000595092773,23.051000595092773,0
2024-02-01,Silver,SI=F,23.1299991607666,23.1299991607666,23.1299991607666,22.549999237060547,22.875,12
2024-02-02,Silver,SI=F,22.701000213623047,22.701000213623047,23.155000686645508,22.55500030517578,23.125,20
2024-02-05,Silver,SI=F,22.334999084472656,22.334999084472656,22.489999771118164,22.28499984741211,22.489999771118164,36
2024-02-06,Silver,SI=F,22.39299964904785,22.39299964904785,22.454999923706055,22.334999084472656,22.454999923706055,405
2024-02-07,Silver,SI=F,22.277999877929688,22.277999877929688,22.405000686645508,22.277999877929688,22.34000015258789,69
2024-02-08,Silver,SI=F,22.565000534057617,22.565000534057617,22.565000534057617,22.299999237060547,22.489999771118164,154
2024-02-09,Silver,SI=F,22.527999877929688,22.527999877929688,22.565000534057617,22.405000686645508,22.405000686645508,7
2024-02-12,Silver,SI=F,22.708999633789062,22.708999633789062,22.725000381469727,22.649999618530273,22.649999618530273,8
2024-02-13,Silver,SI=F,22.09600067138672,22.09600067138672,22.09600067138672,22.09600067138672,22.09600067138672,0
2024-02-14,Silver,SI=F,22.33099937438965,22.33099937438965,22.33099937438965,22.0049991607666,22.03499984741211,8
2024-02-15,Silver,SI=F,22.91200065612793,22.91200065612793,22.920000076293945,22.610000610351562,22.610000610351562,6
2024-02-16,Silver,SI=F,23.43899917602539,23.43899917602539,23.43899917602539,23.43899917602539,23.43899917602539,0
2024-02-20,Silver,SI=F,23.106000900268555,23.106000900268555,23.149999618530273,23.106000900268555,23.149999618530273,6
2024-02-21,Silver,SI=F,22.85099983215332,22.85099983215332,23.19499969482422,22.85099983215332,23.190000534057617,8
2024-02-22,Silver,SI=F,22.764999389648438,22.764999389648438,22.764999389648438,22.764999389648438,22.764999389648438,0
2024-02-23,Silver,SI=F,22.9689998626709,22.9689998626709,22.9689998626709,22.9689998626709,22.9689998626709,39
2024-02-26,Silver,SI=F,22.517000198364258,22.517000198364258,22.594999313354492,22.517000198364258,22.594999313354492,10
2024-02-27,Silver,SI=F,22.523000717163086,22.523000717163086,22.523000717163086,22.523000717163086,22.523000717163086,38667
2024-02-28,Silver,SI=F,22.40999984741211,22.40999984741211,22.5,22.2450008392334,22.44499969482422,5854
2024-02-29,Silver,SI=F,22.666000366210938,22.666000366210938,22.774999618530273,22.295000076293945,22.440000534057617,517
2024-03-01,Silver,SI=F,23.149999618530273,23.149999618530273,23.25,22.56999969482422,22.655000686645508,964
2024-03-04,Silver,SI=F,23.77899932861328,23.77899932861328,23.93000030517578,23.06999969482422,23.155000686645508,996
2024-03-05,Silver,SI=F,23.76300048828125,23.76300048828125,24.200000762939453,23.665000915527344,23.704999923706055,559
2024-03-06,Silver,SI=F,24.27199935913086,24.27199935913086,24.27199935913086,23.594999313354492,23.635000228881836,129
2024-03-07,Silver,SI=F,24.3700008392334,24.3700008392334,24.514999389648438,24.139999389648438,24.165000915527344,187
2024-03-08,Silver,SI=F,24.339000701904297,24.339000701904297,24.5049991607666,24.299999237060547,24.5049991607666,115
2024-03-11,Silver,SI=F,24.511999130249023,24.511999130249023,24.511999130249023,24.3700008392334,24.385000228881836,172
2024-03-12,Silver,SI=F,24.194000244140625,24.194000244140625,24.5049991607666,24.194000244140625,24.46500015258789,42
2024-03-13,Silver,SI=F,24.958999633789062,24.958999633789062,24.958999633789062,24.21500015258789,24.21500015258789,37
2024-03-14,Silver,SI=F,24.874000549316406,24.874000549316406,24.979999542236328,24.874000549316406,24.875,20
2024-03-15,Silver,SI=F,25.200000762939453,25.200000762939453,25.420000076293945,24.825000762939453,24.834999084472656,48
2024-03-18,Silver,SI=F,25.090999603271484,25.090999603271484,25.2450008392334,25.090999603271484,25.15999984741211,26
2024-03-19,Silver,SI=F,24.964000701904297,24.964000701904297,25.170000076293945,24.94499969482422,25.170000076293945,20
2024-03-20,Silver,SI=F,24.933000564575195,24.933000564575195,24.933000564575195,24.933000564575195,24.933000564575195,75
2024-03-21,Silver,SI=F,24.849000930786133,24.849000930786133,25.735000610351562,24.849000930786133,25.625,69
2024-03-22,Silver,SI=F,24.691999435424805,24.691999435424805,24.75,24.65999984741211,24.75,20
2024-03-25,Silver,SI=F,24.7450008392334,24.7450008392334,24.844999313354492,24.719999313354492,24.815000534057617,69
2024-03-26,Silver,SI=F,24.482999801635742,24.482999801635742,24.649999618530273,24.482999801635742,24.639999389648438,663
2024-03-27,Silver,SI=F,24.625,24.625,24.625,24.424999237060547,24.424999237060547,215
2024-03-28,Silver,SI=F,24.797000885009766,24.797000885009766,24.90999984741211,24.684999465942383,24.684999465942383,20
2024-04-01,Silver,SI=F,24.95400047302246,24.95400047302246,25.344999313354492,24.809999465942383,25.25,44
2024-04-02,Silver,SI=F,25.804000854492188,25.804000854492188,25.854999542236328,25.270000457763672,25.299999237060547,59
2024-04-03,Silver,SI=F,26.94499969482422,26.94499969482422,27.065000534057617,26.209999084472656,26.2549991607666,104
2024-04-04,Silver,SI=F,27.139999389648438,27.139999389648438,27.270000457763672,26.790000915527344,27.229999542236328,23
2024-04-05,Silver,SI=F,27.399999618530273,27.399999618530273,27.40999984741211,26.489999771118164,26.489999771118164,39
2024-04-08,Silver,SI=F,27.711999893188477,27.711999893188477,27.93000030517578,27.711999893188477,27.80500030517578,6
2024-04-09,Silver,SI=F,27.891000747680664,27.891000747680664,28.1200008392334,27.891000747680664,28.1200008392334,66
2024-04-10,Silver,SI=F,27.961000442504883,27.961000442504883,27.985000610351562,27.764999389648438,27.764999389648438,5
2024-04-11,Silver,SI=F,28.176000595092773,28.176000595092773,28.514999389648438,28.0,28.1299991607666,536
2024-04-12,Silver,SI=F,28.2549991607666,28.2549991607666,29.80500030517578,28.2549991607666,28.510000228881836,354
2024-04-15,Silver,SI=F,28.650999069213867,28.650999069213867,28.650999069213867,27.770000457763672,28.25,61
2024-04-16,Silver,SI=F,28.31800079345703,28.31800079345703,28.354999542236328,28.235000610351562,28.354999542236328,76
2024-04-17,Silver,SI=F,28.34600067138672,28.34600067138672,28.510000228881836,28.309999465942383,28.510000228881836,9
2024-04-18,Silver,SI=F,28.32900047302246,28.32900047302246,28.32900047302246,28.32900047302246,28.32900047302246,0
2024-04-19,Silver,SI=F,28.808000564575195,28.808000564575195,28.808000564575195,28.21500015258789,28.5049991607666,15
2024-04-22,Silver,SI=F,27.21299934387207,27.21299934387207,27.21299934387207,27.21299934387207,27.21299934387207,0
2024-04-23,Silver,SI=F,27.33099937438965,27.33099937438965,27.40999984741211,27.135000228881836,27.135000228881836,15
2024-04-24,Silver,SI=F,27.323999404907227,27.323999404907227,27.323999404907227,27.1299991607666,27.139999389648438,4
2024-04-25,Silver,SI=F,27.341999053955078,27.341999053955078,27.341999053955078,27.341999053955078,27.341999053955078,29
2024-04-26,Silver,SI=F,27.240999221801758,27.240999221801758,27.240999221801758,27.240999221801758,27.240999221801758,68254
2024-04-29,Silver,SI=F,27.37299919128418,27.37299919128418,27.440000534057617,26.959999084472656,27.200000762939453,11787
2024-04-30,Silver,SI=F,26.391000747680664,26.391000747680664,27.165000915527344,26.299999237060547,27.155000686645508,1881
2024-05-01,Silver,SI=F,26.48900032043457,26.48900032043457,26.94499969482422,26.28499984741211,26.28499984741211,387
2024-05-02,Silver,SI=F,26.58300018310547,26.58300018310547,26.795000076293945,26.03499984741211,26.71500015258789,277
2024-05-03,Silver,SI=F,26.44499969482422,26.44499969482422,26.78499984741211,26.15999984741211,26.6299991607666,194
2024-05-06,Silver,SI=F,27.368999481201172,27.368999481201172,27.389999389648438,26.950000762939453,26.950000762939453,48
2024-05-07,Silver,SI=F,27.30299949645996,27.30299949645996,27.44499969482422,27.280000686645508,27.299999237060547,74
2024-05-08,Silver,SI=F,27.361000061035156,27.361000061035156,27.420000076293945,27.264999389648438,27.264999389648438,123
2024-05-09,Silver,SI=F,28.131999969482422,28.131999969482422,28.200000762939453,27.600000381469727,27.604999542236328,333
2024-05-10,Silver,SI=F,28.274999618530273,28.274999618530273,28.594999313354492,28.229999542236328,28.594999313354492,75
2024-05-13,Silver,SI=F,28.22100067138672,28.22100067138672,28.344999313354492,28.03499984741211,28.059999465942383,253
2024-05-14,Silver,SI=F,28.485000610351562,28.485000610351562,28.610000610351562,28.110000610351562,28.270000457763672,212
2024-05-15,Silver,SI=F,29.513999938964844,29.513999938964844,29.513999938964844,28.610000610351562,28.610000610351562,31
2024-05-16,Silver,SI=F,29.665000915527344,29.665000915527344,29.8799991607666,29.5,29.8799991607666,29
2024-05-17,Silver,SI=F,31.047000885009766,31.047000885009766,31.604999542236328,29.760000228881836,29.760000228881836,118
2024-05-20,Silver,SI=F,32.20500183105469,32.20500183105469,32.20500183105469,30.9950008392334,30.9950008392334,83
2024-05-21,Silver,SI=F,31.868000030517578,31.868000030517578,32.5,31.405000686645508,32.494998931884766,55
2024-05-22,Silver,SI=F,31.295000076293945,31.295000076293945,32.029998779296875,31.15999984741211,32.029998779296875,31
2024-05-23,Silver,SI=F,30.284000396728516,30.284000396728516,30.709999084472656,30.1299991607666,30.344999313354492,104
2024-05-24,Silver,SI=F,30.329999923706055,30.329999923706055,30.3700008392334,30.329999923706055,30.3700008392334,10
2024-05-28,Silver,SI=F,31.97100067138672,31.97100067138672,32.1150016784668,31.5049991607666,31.540000915527344,45
2024-05-29,Silver,SI=F,32.202999114990234,32.202999114990234,32.202999114990234,32.202999114990234,32.202999114990234,932
2024-05-30,Silver,SI=F,31.38800048828125,31.38800048828125,32.04999923706055,31.110000610351562,32.0,257
2024-05-31,Silver,SI=F,30.297000885009766,30.297000885009766,30.489999771118164,30.297000885009766,30.424999237060547,44
2024-06-03,Silver,SI=F,30.641000747680664,30.641000747680664,30.641000747680664,29.850000381469727,30.440000534057617,209
2024-06-04,Silver,SI=F,29.488000869750977,29.488000869750977,29.9950008392334,29.469999313354492,29.7549991607666,39
2024-06-05,Silver,SI=F,29.947999954223633,29.947999954223633,29.969999313354492,29.549999237060547,29.549999237060547,16
2024-06-06,Silver,SI=F,31.246999740600586,31.246999740600586,31.31999969482422,30.559999465942383,30.559999465942383,282
2024-06-07,Silver,SI=F,29.334999084472656,29.334999084472656,31.524999618530273,29.299999237060547,31.524999618530273,10
2024-06-10,Silver,SI=F,29.768999099731445,29.768999099731445,29.768999099731445,29.479999542236328,29.59000015258789,32
2024-06-11,Silver,SI=F,29.132999420166016,29.132999420166016,29.5049991607666,29.132999420166016,29.155000686645508,3
2024-06-12,Silver,SI=F,30.176000595092773,30.176000595092773,30.176000595092773,29.75,30.176000595092773,8
2024-06-13,Silver,SI=F,28.989999771118164,28.989999771118164,29.325000762939453,28.815000534057617,29.125,21
2024-06-14,Silver,SI=F,29.402000427246094,29.402000427246094,29.540000915527344,29.385000228881836,29.385000228881836,16
2024-06-17,Silver,SI=F,29.325000762939453,29.325000762939453,29.325000762939453,29.325000762939453,29.325000762939453,0
2024-06-18,Silver,SI=F,29.5049991607666,29.5049991607666,29.5049991607666,28.954999923706055,29.0049991607666,66
2024-06-20,Silver,SI=F,30.775999069213867,30.775999069213867,30.775999069213867,29.5,29.5,20
2024-06-21,Silver,SI=F,29.572999954223633,29.572999954223633,30.510000228881836,29.572999954223633,30.5,20
2024-06-24,Silver,SI=F,29.48900032043457,29.48900032043457,29.5,29.48900032043457,29.5,5
2024-06-25,Silver,SI=F,28.836999893188477,28.836999893188477,29.5,28.836999893188477,29.5,5
2024-06-26,Silver,SI=F,28.909000396728516,28.909000396728516,28.909000396728516,28.909000396728516,28.909000396728516,52023
2024-06-27,Silver,SI=F,28.917999267578125,28.917999267578125,29.225000381469727,28.665000915527344,28.770000457763672,14649
2024-06-28,Silver,SI=F,29.23699951171875,29.23699951171875,29.579999923706055,28.81999969482422,28.940000534057617,538
2024-07-01,Silver,SI=F,29.299999237060547,29.299999237060547,29.440000534057617,29.0,29.100000381469727,664
2024-07-02,Silver,SI=F,29.35300064086914,29.35300064086914,29.6200008392334,29.225000381469727,29.309999465942383,153
2024-07-03,Silver,SI=F,30.54800033569336,30.54800033569336,30.549999237060547,29.540000915527344,29.594999313354492,261
2024-07-05,Silver,SI=F,31.38800048828125,31.38800048828125,31.469999313354492,30.165000915527344,30.264999389648438,451
2024-07-08,Silver,SI=F,30.618000030517578,30.618000030517578,31.200000762939453,30.618000030517578,31.200000762939453,171
2024-07-09,Silver,SI=F,30.77199935913086,30.77199935913086,30.77199935913086,30.77199935913086,30.77199935913086,6
2024-07-10,Silver,SI=F,30.726999282836914,30.726999282836914,30.770000457763672,30.726999282836914,30.770000457763672,121
2024-07-11,Silver,SI=F,31.393999099731445,31.393999099731445,31.704999923706055,30.905000686645508,30.940000534057617,257
2024-07-12,Silver,SI=F,30.88599967956543,30.88599967956543,31.364999771118164,30.459999084472656,31.364999771118164,41
2024-07-15,Silver,SI=F,30.672000885009766,30.672000885009766,31.0049991607666,30.594999313354492,30.690000534057617,43
2024-07-16,Silver,SI=F,31.19499969482422,31.19499969482422,31.30500030517578,30.780000686645508,30.809999465942383,8
2024-07-17,Silver,SI=F,30.136999130249023,30.136999130249023,31.28499984741211,30.136999130249023,31.204999923706055,69
2024-07-18,Silver,SI=F,29.9950008392334,29.9950008392334,30.5049991607666,29.989999771118164,30.5049991607666,4
2024-07-19,Silver,SI=F,29.08799934387207,29.08799934387207,29.75,28.899999618530273,29.75,73
2024-07-22,Silver,SI=F,29.124000549316406,29.124000549316406,29.170000076293945,28.780000686645508,29.170000076293945,27
2024-07-23,Silver,SI=F,29.131999969482422,29.131999969482422,29.131999969482422,28.799999237060547,29.0,21
2024-07-24,Silver,SI=F,29.115999221801758,29.115999221801758,29.115999221801758,28.985000610351562,29.115999221801758,9
2024-07-25,Silver,SI=F,27.80699920654297,27.80699920654297,28.700000762939453,27.549999237060547,28.700000762939453,157
2024-07-26,Silver,SI=F,27.860000610351562,27.860000610351562,28.010000228881836,27.739999771118164,28.010000228881836,75
2024-07-29,Silver,SI=F,27.702999114990234,27.702999114990234,28.049999237060547,27.702999114990234,28.049999237060547,819
2024-07-30,Silver,SI=F,28.364999771118164,28.364999771118164,28.364999771118164,27.799999237060547,27.825000762939453,320
2024-07-31,Silver,SI=F,28.777999877929688,28.777999877929688,28.885000228881836,28.71500015258789,28.71500015258789,17
2024-08-01,Silver,SI=F,28.33099937438965,28.33099937438965,28.94499969482422,28.33099937438965,28.94499969482422,16
2024-08-02,Silver,SI=F,28.246000289916992,28.246000289916992,28.93000030517578,28.246000289916992,28.899999618530273,101
2024-08-05,Silver,SI=F,27.076000213623047,27.076000213623047,28.559999465942383,26.84000015258789,28.165000915527344,38
2024-08-06,Silver,SI=F,27.09600067138672,27.09600067138672,27.229999542236328,27.09600067138672,27.21500015258789,110
2024-08-07,Silver,SI=F,26.829999923706055,26.829999923706055,26.915000915527344,26.69499969482422,26.915000915527344,7
2024-08-08,Silver,SI=F,27.5,27.5,27.5049991607666,27.05500030517578,27.05500030517578,36
2024-08-09,Silver,SI=F,27.48699951171875,27.48699951171875,27.48699951171875,27.48699951171875,27.48699951171875,2
2024-08-12,Silver,SI=F,27.91699981689453,27.91699981689453,27.924999237060547,27.780000686645508,27.84000015258789,11
2024-08-13,Silver,SI=F,27.69499969482422,27.69499969482422,27.69499969482422,27.69499969482422,27.69499969482422,4
2024-08-14,Silver,SI=F,27.253999710083008,27.253999710083008,27.253999710083008,27.253999710083008,27.253999710083008,30
2024-08-15,Silver,SI=F,28.341999053955078,28.341999053955078,28.341999053955078,28.145000457763672,28.145000457763672,41
2024-08-16,Silver,SI=F,28.777999877929688,28.777999877929688,28.777999877929688,28.777999877929688,28.777999877929688,15
2024-08-19,Silver,SI=F,29.239999771118164,29.239999771118164,29.239999771118164,29.239999771118164,29.239999771118164,18
2024-08-20,Silver,SI=F,29.454999923706055,29.454999923706055,29.954999923706055,29.454999923706055,29.854999542236328,15
2024-08-21,Silver,SI=F,29.47599983215332,29.47599983215332,29.47599983215332,29.47599983215332,29.47599983215332,1
2024-08-22,Silver,SI=F,29.006000518798828,29.006000518798828,29.450000762939453,29.0,29.44499969482422,4
2024-08-23,Silver,SI=F,29.785999298095703,29.785999298095703,29.785999298095703,29.785999298095703,29.785999298095703,8
2024-08-26,Silver,SI=F,29.976999282836914,29.976999282836914,30.104999542236328,29.905000686645508,30.104999542236328,53
2024-08-27,Silver,SI=F,29.951000213623047,29.951000213623047,29.985000610351562,29.951000213623047,29.951000213623047,78
2024-08-28,Silver,SI=F,29.176000595092773,29.176000595092773,29.176000595092773,29.176000595092773,29.176000595092773,42397
2024-08-29,Silver,SI=F,29.55699920654297,29.55699920654297,29.655000686645508,29.110000610351562,29.110000610351562,7849
2024-08-30,Silver,SI=F,28.731000900268555,28.731000900268555,29.55500030517578,28.709999084472656,29.3799991607666,488
2024-09-03,Silver,SI=F,27.951000213623047,27.951000213623047,28.565000534057617,27.69499969482422,28.354999542236328,292
2024-09-04,Silver,SI=F,28.16699981689453,28.16699981689453,28.21500015258789,27.885000228881836,27.885000228881836,237
2024-09-05,Silver,SI=F,28.719999313354492,28.719999313354492,28.770000457763672,28.19499969482422,28.19499969482422,299
2024-09-06,Silver,SI=F,27.808000564575195,27.808000564575195,28.584999084472656,27.808000564575195,28.584999084472656,72
2024-09-09,Silver,SI=F,28.291000366210938,28.291000366210938,28.34000015258789,28.049999237060547,28.084999084472656,72
2024-09-10,Silver,SI=F,28.256999969482422,28.256999969482422,28.256999969482422,28.204999923706055,28.2450008392334,20
2024-09-11,Silver,SI=F,28.562999725341797,28.562999725341797,28.68000030517578,28.4950008392334,28.4950008392334,18
2024-09-12,Silver,SI=F,29.743000030517578,29.743000030517578,29.799999237060547,28.790000915527344,28.80500030517578,33
2024-09-13,Silver,SI=F,30.698999404907227,30.698999404907227,30.770000457763672,29.979999542236328,29.979999542236328,66
2024-09-16,Silver,SI=F,30.770999908447266,30.770999908447266,31.014999389648438,30.764999389648438,30.885000228881836,116
2024-09-17,Silver,SI=F,30.618999481201172,30.618999481201172,30.700000762939453,30.618999481201172,30.618999481201172,52
2024-09-18,Silver,SI=F,30.340999603271484,30.340999603271484,30.729999542236328,30.299999237060547,30.65999984741211,86
2024-09-19,Silver,SI=F,31.0939998626709,31.0939998626709,31.0939998626709,30.049999237060547,30.049999237060547,26
2024-09-20,Silver,SI=F,31.176000595092773,31.176000595092773,31.200000762939453,31.065000534057617,31.065000534057617,3
2024-09-23,Silver,SI=F,30.767000198364258,30.767000198364258,30.864999771118164,30.6299991607666,30.6299991607666,70
2024-09-24,Silver,SI=F,32.111000061035156,32.111000061035156,32.111000061035156,30.825000762939453,30.860000610351562,35
2024-09-25,Silver,SI=F,31.697999954223633,31.697999954223633,31.989999771118164,31.697999954223633,31.80500030517578,38
2024-09-26,Silver,SI=F,32.025001525878906,32.025001525878906,32.25,32.025001525878906,32.23500061035156,301
2024-09-27,Silver,SI=F,31.518999099731445,31.518999099731445,32.13999938964844,31.44499969482422,31.815000534057617,120
2024-09-30,Silver,SI=F,31.163999557495117,31.163999557495117,31.604999542236328,31.1200008392334,31.604999542236328,73
2024-10-01,Silver,SI=F,31.44499969482422,31.44499969482422,31.594999313354492,31.309999465942383,31.350000381469727,86
2024-10-02,Silver,SI=F,31.628000259399414,31.628000259399414,31.700000762939453,31.05500030517578,31.05500030517578,24
2024-10-03,Silver,SI=F,32.18899917602539,32.18899917602539,32.18899917602539,31.440000534057617,31.459999084472656,146
2024-10-04,Silver,SI=F,32.12799835205078,32.12799835205078,32.86000061035156,31.610000610351562,32.095001220703125,156
2024-10-07,Silver,SI=F,31.7450008392334,31.7450008392334,31.7450008392334,31.59000015258789,31.59000015258789,1
2024-10-08,Silver,SI=F,30.354999542236328,30.354999542236328,31.385000228881836,30.354999542236328,31.385000228881836,21
2024-10-09,Silver,SI=F,30.424999237060547,30.424999237060547,30.485000610351562,30.424999237060547,30.485000610351562,2
2024-10-10,Silver,SI=F,31.0049991607666,31.0049991607666,31.0049991607666,31.0049991607666,31.0049991607666,4
2024-10-11,Silver,SI=F,31.520000457763672,31.520000457763672,31.53499984741211,31.520000457763672,31.53499984741211,15
2024-10-14,Silver,SI=F,31.08300018310547,31.08300018310547,31.200000762939453,31.08300018310547,31.08300018310547,2
2024-10-15,Silver,SI=F,31.527000427246094,31.527000427246094,31.527000427246094,31.527000427246094,31.527000427246094,0
2024-10-16,Silver,SI=F,31.760000228881836,31.760000228881836,31.760000228881836,31.645000457763672,31.649999618530273,25
2024-10-17,Silver,SI=F,31.572999954223633,31.572999954223633,31.854999542236328,31.572999954223633,31.68000030517578,26
2024-10-18,Silver,SI=F,33.03200149536133,33.03200149536133,33.68000030517578,33.03200149536133,33.03200149536133,33
2024-10-21,Silver,SI=F,33.86899948120117,33.86899948120117,34.255001068115234,33.8650016784668,33.8650016784668,58
2024-10-22,Silver,SI=F,34.83100128173828,34.83100128173828,34.834999084472656,34.42499923706055,34.474998474121094,80
2024-10-23,Silver,SI=F,33.63999938964844,33.63999938964844,34.55500030517578,33.63999938964844,34.55500030517578,6
2024-10-24,Silver,SI=F,33.611000061035156,33.611000061035156,34.13999938964844,33.611000061035156,34.13999938964844,24
2024-10-25,Silver,SI=F,33.60300064086914,33.60300064086914,33.70500183105469,33.25,33.25,22
2024-10-28,Silver,SI=F,33.83000183105469,33.83000183105469,33.83000183105469,33.77000045776367,33.77000045776367,3
2024-10-29,Silver,SI=F,34.26900100708008,34.26900100708008,34.26900100708008,34.26900100708008,34.26900100708008,133
2024-10-30,Silver,SI=F,33.91400146484375,33.91400146484375,34.16999816894531,33.540000915527344,34.119998931884766,79
2024-10-31,Silver,SI=F,32.65299987792969,32.65299987792969,33.525001525878906,32.59000015258789,33.525001525878906,37
2024-11-01,Silver,SI=F,32.54199981689453,32.54199981689453,32.54199981689453,32.400001525878906,32.54199981689453,98
2024-11-04,Silver,SI=F,32.47999954223633,32.47999954223633,32.47999954223633,32.47999954223633,32.47999954223633,0
2024-11-05,Silver,SI=F,32.654998779296875,32.654998779296875,32.654998779296875,32.654998779296875,32.654998779296875,6
2024-11-06,Silver,SI=F,31.22100067138672,31.22100067138672,32.040000915527344,31.0,32.040000915527344,6
2024-11-07,Silver,SI=F,31.764999389648438,31.764999389648438,31.764999389648438,31.44499969482422,31.44499969482422,222
2024-11-08,Silver,SI=F,31.358999252319336,31.358999252319336,31.4950008392334,31.344999313354492,31.4950008392334,3
2024-11-11,Silver,SI=F,30.540000915527344,30.540000915527344,31.114999771118164,30.5,31.114999771118164,69
2024-11-12,Silver,SI=F,30.68600082397461,30.68600082397461,30.68600082397461,30.309999465942383,30.309999465942383,5
2024-11-13,Silver,SI=F,30.59000015258789,30.59000015258789,30.969999313354492,30.43000030517578,30.969999313354492,5
2024-11-14,Silver,SI=F,30.507999420166016,30.507999420166016,30.56999969482422,29.735000610351562,30.170000076293945,38
2024-11-15,Silver,SI=F,30.371000289916992,30.371000289916992,30.371000289916992,30.2450008392334,30.31999969482422,2
2024-11-18,Silver,SI=F,31.163000106811523,31.163000106811523,31.163000106811523,31.163000106811523,31.163000106811523,6
2024-11-19,Silver,SI=F,31.20800018310547,31.20800018310547,31.475000381469727,31.149999618530273,31.454999923706055,10
2024-11-20,Silver,SI=F,30.95599937438965,30.95599937438965,31.18000030517578,30.95599937438965,31.18000030517578,7
2024-11-21,Silver,SI=F,30.91200065612793,30.91200065612793,30.94499969482422,30.75,30.94499969482422,30
2024-11-22,Silver,SI=F,31.30900001525879,31.30900001525879,31.30900001525879,31.260000228881836,31.299999237060547,5
2024-11-25,Silver,SI=F,30.209999084472656,30.209999084472656,30.815000534057617,30.209999084472656,30.815000534057617,12
2024-11-26,Silver,SI=F,30.38800048828125,30.38800048828125,30.38800048828125,30.38800048828125,30.38800048828125,55215
2024-11-27,Silver,SI=F,30.111000061035156,30.111000061035156,30.75,29.989999771118164,30.489999771118164,19729
2024-11-29,Silver,SI=F,30.684999465942383,30.684999465942383,30.950000762939453,29.655000686645508,30.135000228881836,2230
2024-12-02,Silver,SI=F,30.448999404907227,30.448999404907227,30.670000076293945,30.170000076293945,30.510000228881836,158
2024-12-03,Silver,SI=F,31.07699966430664,31.07699966430664,31.110000610351562,30.8700008392334,30.934999465942383,211
2024-12-04,Silver,SI=F,31.5049991607666,31.5049991607666,31.5049991607666,30.920000076293945,31.155000686645508,504
2024-12-05,Silver,SI=F,31.134000778198242,31.134000778198242,31.475000381469727,31.134000778198242,31.290000915527344,211
2024-12-06,Silver,SI=F,31.18600082397461,31.18600082397461,31.334999084472656,31.079999923706055,31.299999237060547,35
2024-12-09,Silver,SI=F,32.215999603271484,32.215999603271484,32.51499938964844,31.440000534057617,31.440000534057617,642
2024-12-10,Silver,SI=F,32.362998962402344,32.362998962402344,32.362998962402344,32.03499984741211,32.10499954223633,689
2024-12-11,Silver,SI=F,32.5620002746582,32.5620002746582,32.5620002746582,32.20500183105469,32.34000015258789,484
2024-12-12,Silver,SI=F,31.22800064086914,31.22800064086914,32.77000045776367,31.225000381469727,32.529998779296875,108
2024-12-13,Silver,SI=F,30.655000686645508,30.655000686645508,31.0,30.559999465942383,31.0,47
2024-12-16,Silver,SI=F,30.69700050354004,30.69700050354004,30.815000534057617,30.68000030517578,30.815000534057617,36
2024-12-17,Silver,SI=F,30.572999954223633,30.572999954223633,30.572999954223633,30.290000915527344,30.344999313354492,365
2024-12-18,Silver,SI=F,30.40999984741211,30.40999984741211,30.440000534057617,29.8799991607666,30.440000534057617,290
2024-12-19,Silver,SI=F,29.0939998626709,29.0939998626709,29.614999771118164,28.854999542236328,29.604999542236328,81
2024-12-20,Silver,SI=F,29.65999984741211,29.65999984741211,29.844999313354492,29.104999542236328,29.165000915527344,61
2024-12-23,Silver,SI=F,29.88800048828125,29.88800048828125,29.989999771118164,29.88800048828125,29.895000457763672,54
2024-12-24,Silver,SI=F,29.974000930786133,29.974000930786133,29.974000930786133,29.974000930786133,29.974000930786133,66
2024-12-26,Silver,SI=F,30.047000885009766,30.047000885009766,30.114999771118164,29.979999542236328,30.014999389648438,109
2024-12-27,Silver,SI=F,29.655000686645508,29.655000686645508,29.934999465942383,29.604999542236328,29.934999465942383,502
2024-12-30,Silver,SI=F,29.106000900268555,29.106000900268555,29.719999313354492,28.989999771118164,29.65999984741211,200
2024-12-31,Silver,SI=F,28.940000534057617,28.940000534057617,29.170000076293945,28.940000534057617,29.135000228881836,172
2025-01-02,Silver,SI=F,29.621999740600586,29.621999740600586,29.71500015258789,29.260000228881836,29.260000228881836,307
2025-01-03,Silver,SI=F,29.805999755859375,29.805999755859375,30.079999923706055,29.805999755859375,30.079999923706055,91
2025-01-06,Silver,SI=F,30.341999053955078,30.341999053955078,30.459999084472656,29.959999084472656,30.3700008392334,186
2025-01-07,Silver,SI=F,30.44700050354004,30.44700050354004,30.44700050354004,30.44700050354004,30.44700050354004,6
2025-01-08,Silver,SI=F,30.45199966430664,30.45199966430664,30.649999618530273,30.280000686645508,30.524999618530273,46
2025-01-09,Silver,SI=F,30.791000366210938,30.791000366210938,30.96500015258789,30.735000610351562,30.96500015258789,192
2025-01-10,Silver,SI=F,31.090999603271484,31.090999603271484,31.53499984741211,31.09000015258789,31.53499984741211,60
2025-01-13,Silver,SI=F,30.090999603271484,30.090999603271484,30.274999618530273,30.090999603271484,30.274999618530273,2
2025-01-14,Silver,SI=F,30.131999969482422,30.131999969482422,30.19499969482422,30.131999969482422,30.19499969482422,66
2025-01-15,Silver,SI=F,31.319000244140625,31.319000244140625,31.350000381469727,30.875,30.8799991607666,21
2025-01-16,Silver,SI=F,31.523000717163086,31.523000717163086,31.674999237060547,31.329999923706055,31.385000228881836,109
2025-01-17,Silver,SI=F,30.951000213623047,30.951000213623047,31.209999084472656,30.951000213623047,31.200000762939453,5
2025-01-21,Silver,SI=F,31.31100082397461,31.31100082397461,31.31100082397461,30.774999618530273,30.799999237060547,215
2025-01-22,Silver,SI=F,31.23900032043457,31.23900032043457,31.23900032043457,30.9950008392334,30.9950008392334,7
2025-01-23,Silver,SI=F,30.67300033569336,30.67300033569336,30.67300033569336,30.399999618530273,30.399999618530273,2
2025-01-24,Silver,SI=F,31.023000717163086,31.023000717163086,31.075000762939453,30.989999771118164,31.075000762939453,112
2025-01-27,Silver,SI=F,30.253999710083008,30.253999710083008,30.253999710083008,30.253999710083008,30.253999710083008,111
2025-01-28,Silver,SI=F,30.726999282836914,30.726999282836914,30.726999282836914,30.364999771118164,30.364999771118164,132
2025-01-29,Silver,SI=F,31.238000869750977,31.238000869750977,31.238000869750977,31.238000869750977,31.238000869750977,263
2025-01-30,Silver,SI=F,32.36399841308594,32.36399841308594,32.599998474121094,31.469999313354492,31.479999542236328,557
2025-01-31,Silver,SI=F,32.12799835205078,32.12799835205078,32.7599983215332,32.11000061035156,32.67499923706055,162
2025-02-03,Silver,SI=F,32.391998291015625,32.391998291015625,32.459999084472656,31.6299991607666,32.14500045776367,444
2025-02-04,Silver,SI=F,32.88800048828125,32.88800048828125,32.88800048828125,32.1150016784668,32.209999084472656,744
2025-02-05,Silver,SI=F,32.856998443603516,32.856998443603516,32.856998443603516,32.6349983215332,32.80500030517578,42
2025-02-06,Silver,SI=F,32.518001556396484,32.518001556396484,32.518001556396484,32.3849983215332,32.5,651
2025-02-07,Silver,SI=F,32.334999084472656,32.334999084472656,32.7400016784668,32.11000061035156,32.7400016784668,172
2025-02-10,Silver,SI=F,32.391998291015625,32.391998291015625,32.391998291015625,32.310001373291016,32.310001373291016,456
2025-02-11,Silver,SI=F,32.23099899291992,32.23099899291992,32.2599983215332,31.635000228881836,32.11000061035156,23
2025-02-12,Silver,SI=F,32.69499969482422,32.69499969482422,32.755001068115234,31.96500015258789,31.96500015258789,80
2025-02-13,Silver,SI=F,32.650001525878906,32.650001525878906,32.880001068115234,32.53499984741211,32.834999084472656,119
2025-02-14,Silver,SI=F,32.80099868774414,32.80099868774414,34.08000183105469,32.75,33.744998931884766,153
2025-02-18,Silver,SI=F,33.31700134277344,33.31700134277344,33.36000061035156,32.7599983215332,32.7599983215332,201
2025-02-19,Silver,SI=F,32.99300003051758,32.99300003051758,33.560001373291016,32.99300003051758,33.560001373291016,21
2025-02-20,Silver,SI=F,33.444000244140625,33.444000244140625,33.444000244140625,33.444000244140625,33.444000244140625,0
2025-02-21,Silver,SI=F,32.97600173950195,32.97600173950195,33.32500076293945,32.97600173950195,33.32500076293945,96
2025-02-24,Silver,SI=F,32.57500076293945,32.57500076293945,32.85499954223633,32.57500076293945,32.834999084472656,115
2025-02-25,Silver,SI=F,31.801000595092773,31.801000595092773,32.439998626708984,31.801000595092773,32.125,72
2025-02-26,Silver,SI=F,32.25299835205078,32.25299835205078,32.25299835205078,32.25299835205078,32.25299835205078,36515
2025-02-27,Silver,SI=F,31.801000595092773,31.801000595092773,32.290000915527344,31.469999313354492,32.23500061035156,10140
2025-02-28,Silver,SI=F,31.2189998626709,31.2189998626709,31.645000457763672,31.084999084472656,31.575000762939453,1641
2025-03-03,Silver,SI=F,32.03200149536133,32.03200149536133,32.209999084472656,31.375,31.434999465942383,872
2025-03-04,Silver,SI=F,32.108001708984375,32.108001708984375,32.290000915527344,31.770000457763672,31.84000015258789,762
2025-03-05,Silver,SI=F,32.858001708984375,32.858001708984375,33.0,32.16999816894531,32.16999816894531,912
2025-03-06,Silver,SI=F,33.0629997253418,33.0629997253418,33.0629997253418,32.630001068115234,32.97999954223633,370
2025-03-07,Silver,SI=F,32.54800033569336,32.54800033569336,32.93000030517578,32.404998779296875,32.93000030517578,926
2025-03-10,Silver,SI=F,32.275001525878906,32.275001525878906,32.76499938964844,32.10499954223633,32.76499938964844,300
2025-03-11,Silver,SI=F,32.88800048828125,32.88800048828125,33.1349983215332,32.27000045776367,32.29499816894531,243
2025-03-12,Silver,SI=F,33.48400115966797,33.48400115966797,33.5,33.189998626708984,33.244998931884766,689
2025-03-13,Silver,SI=F,34.05099868774414,34.05099868774414,34.404998779296875,33.349998474121094,33.3849983215332,345
2025-03-14,Silver,SI=F,34.1870002746582,34.1870002746582,34.55500030517578,34.05500030517578,34.244998931884766,191
2025-03-17,Silver,SI=F,34.07400131225586,34.07400131225586,34.1150016784668,33.96500015258789,34.040000915527344,333
2025-03-18,Silver,SI=F,34.57899856567383,34.57899856567383,34.57899856567383,34.404998779296875,34.5,15
2025-03-19,Silver,SI=F,33.974998474121094,33.974998474121094,34.39500045776367,33.974998474121094,34.39500045776367,193
2025-03-20,Silver,SI=F,33.7859992980957,33.7859992980957,33.810001373291016,33.689998626708984,33.689998626708984,257
2025-03-21,Silver,SI=F,33.290000915527344,33.290000915527344,33.290000915527344,33.290000915527344,33.290000915527344,189
2025-03-24,Silver,SI=F,33.26499938964844,33.26499938964844,33.47999954223633,33.26499938964844,33.474998474121094,88
2025-03-25,Silver,SI=F,34.00199890136719,34.00199890136719,34.09000015258789,33.459999084472656,33.459999084472656,14
2025-03-26,Silver,SI=F,34.03300094604492,34.03300094604492,34.30500030517578,33.994998931884766,34.30500030517578,134
2025-03-27,Silver,SI=F,34.89699935913086,34.89699935913086,34.89699935913086,34.89699935913086,34.89699935913086,1017
2025-03-28,Silver,SI=F,34.64400100708008,34.64400100708008,35.26499938964844,34.560001373291016,35.26499938964844,316
2025-03-31,Silver,SI=F,34.457000732421875,34.457000732421875,35.0,34.400001525878906,34.7599983215332,97
2025-04-01,Silver,SI=F,34.15800094604492,34.15800094604492,34.665000915527344,34.15800094604492,34.599998474121094,97
2025-04-02,Silver,SI=F,34.499000549316406,34.499000549316406,34.85499954223633,34.499000549316406,34.499000549316406,558
2025-04-03,Silver,SI=F,31.8439998626709,31.8439998626709,34.1349983215332,31.625,34.1349983215332,63
2025-04-04,Silver,SI=F,29.115999221801758,29.115999221801758,31.5,29.115999221801758,31.440000534057617,61
2025-04-07,Silver,SI=F,29.510000228881836,29.510000228881836,30.459999084472656,28.309999465942383,28.450000762939453,310
2025-04-08,Silver,SI=F,29.591999053955078,29.591999053955078,30.31999969482422,29.591999053955078,29.764999389648438,64
2025-04-09,Silver,SI=F,30.322999954223633,30.322999954223633,30.322999954223633,29.2549991607666,29.350000381469727,137
2025-04-10,Silver,SI=F,30.67099952697754,30.67099952697754,31.049999237060547,30.67099952697754,31.030000686645508,4
2025-04-11,Silver,SI=F,31.823999404907227,31.823999404907227,31.823999404907227,31.114999771118164,31.114999771118164,24
2025-04-14,Silver,SI=F,32.09199905395508,32.09199905395508,32.09199905395508,31.799999237060547,31.799999237060547,17
2025-04-15,Silver,SI=F,32.22700119018555,32.22700119018555,32.22700119018555,32.22700119018555,32.22700119018555,45
2025-04-16,Silver,SI=F,32.92599868774414,32.92599868774414,33.025001525878906,32.755001068115234,33.025001525878906,97
2025-04-17,Silver,SI=F,32.41999816894531,32.41999816894531,32.58000183105469,32.09000015258789,32.334999084472656,168
2025-04-21,Silver,SI=F,32.49599838256836,32.49599838256836,32.78499984741211,32.49599838256836,32.650001525878906,56
2025-04-22,Silver,SI=F,32.880001068115234,32.880001068115234,32.880001068115234,32.880001068115234,32.880001068115234,1
2025-04-23,Silver,SI=F,33.518001556396484,33.518001556396484,33.54999923706055,33.518001556396484,33.54999923706055,52
2025-04-24,Silver,SI=F,33.481998443603516,33.481998443603516,33.481998443603516,33.32500076293945,33.32500076293945,93
2025-04-25,Silver,SI=F,32.98899841308594,32.98899841308594,32.98899841308594,32.98899841308594,32.98899841308594,93
2025-04-28,Silver,SI=F,32.9900016784668,32.9900016784668,32.9900016784668,32.9900016784668,32.9900016784668,38963
2025-04-29,Silver,SI=F,33.275001525878906,33.275001525878906,33.51499938964844,32.81999969482422,33.095001220703125,9484
2025-04-30,Silver,SI=F,32.53099822998047,32.53099822998047,32.9900016784668,32.1349983215332,32.88999938964844,622
2025-05-01,Silver,SI=F,32.18899917602539,32.18899917602539,32.55500030517578,31.684999465942383,32.54499816894531,556
2025-05-02,Silver,SI=F,31.98900032043457,31.98900032043457,32.67499923706055,31.90999984741211,32.3849983215332,74
2025-05-05,Silver,SI=F,32.20500183105469,32.20500183105469,32.47999954223633,31.915000915527344,31.920000076293945,224
2025-05-06,Silver,SI=F,33.112998962402344,33.112998962402344,33.189998626708984,32.650001525878906,32.650001525878906,227
2025-05-07,Silver,SI=F,32.53099822998047,32.53099822998047,32.80500030517578,32.19499969482422,32.80500030517578,253
2025-05-08,Silver,SI=F,32.37799835205078,32.37799835205078,32.44499969482422,32.275001525878906,32.275001525878906,526
2025-05-09,Silver,SI=F,32.67599868774414,32.67599868774414,32.72999954223633,32.67599868774414,32.67599868774414,7
2025-05-12,Silver,SI=F,32.38800048828125,32.38800048828125,32.8650016784668,31.93000030517578,32.584999084472656,90
2025-05-13,Silver,SI=F,32.86800003051758,32.86800003051758,33.20500183105469,32.80500030517578,33.20000076293945,28
2025-05-14,Silver,SI=F,32.22600173950195,32.22600173950195,32.255001068115234,32.084999084472656,32.2400016784668,57
2025-05-15,Silver,SI=F,32.48099899291992,32.48099899291992,32.48099899291992,32.48099899291992,32.48099899291992,2
2025-05-16,Silver,SI=F,32.15800094604492,32.15800094604492,32.2400016784668,31.90999984741211,32.19499969482422,100
2025-05-19,Silver,SI=F,32.3129997253418,32.3129997253418,32.56999969482422,32.209999084472656,32.439998626708984,217
2025-05-20,Silver,SI=F,32.97999954223633,32.97999954223633,33.064998626708984,32.06999969482422,32.119998931884766,35
2025-05-21,Silver,SI=F,33.4630012512207,33.4630012512207,33.57500076293945,33.04499816894531,33.04499816894531,217
2025-05-22,Silver,SI=F,33.047000885009766,33.047000885009766,33.57500076293945,32.84000015258789,33.57500076293945,16
2025-05-23,Silver,SI=F,33.44200134277344,33.44200134277344,33.53499984741211,33.099998474121094,33.099998474121094,44
2025-05-27,Silver,SI=F,33.145999908447266,33.145999908447266,33.22999954223633,32.94499969482422,33.22999954223633,203
2025-05-28,Silver,SI=F,33.0,33.0,33.14500045776367,32.95500183105469,33.14500045776367,656
2025-05-29,Silver,SI=F,33.28300094604492,33.28300094604492,33.439998626708984,32.65999984741211,32.90999984741211,686
2025-05-30,Silver,SI=F,32.891998291015625,32.891998291015625,32.974998474121094,32.891998291015625,32.974998474121094,380
2025-06-02,Silver,SI=F,34.5629997253418,34.5629997253418,34.790000915527344,33.45000076293945,33.45000076293945,188
2025-06-03,Silver,SI=F,34.50299835205078,34.50299835205078,34.50299835205078,34.314998626708984,34.314998626708984,14
2025-06-04,Silver,SI=F,34.51900100708008,34.51900100708008,34.51900100708008,34.38999938964844,34.38999938964844,164
2025-06-05,Silver,SI=F,35.68899917602539,35.68899917602539,36.025001525878906,35.29999923706055,35.30500030517578,55
2025-06-06,Silver,SI=F,36.025001525878906,36.025001525878906,36.35499954223633,35.6349983215332,35.654998779296875,367
2025-06-09,Silver,SI=F,36.6879997253418,36.6879997253418,36.6879997253418,36.6879997253418,36.6879997253418,28
2025-06-10,Silver,SI=F,36.54199981689453,36.54199981689453,36.54199981689453,36.45000076293945,36.459999084472656,133
2025-06-11,Silver,SI=F,36.16600036621094,36.16600036621094,36.27000045776367,36.09000015258789,36.09000015258789,33
2025-06-12,Silver,SI=F,36.2130012512207,36.2130012512207,36.2130012512207,35.7599983215332,35.7599983215332,51
2025-06-13,Silver,SI=F,36.28099822998047,36.28099822998047,36.314998626708984,36.20000076293945,36.20500183105469,90
2025-06-16,Silver,SI=F,36.37900161743164,36.37900161743164,36.37900161743164,36.25,36.25,6
2025-06-17,Silver,SI=F,37.09000015258789,37.09000015258789,37.255001068115234,36.810001373291016,36.810001373291016,60
2025-06-18,Silver,SI=F,36.86600112915039,36.86600112915039,37.17499923706055,36.86600112915039,37.17499923706055,0
2025-06-20,Silver,SI=F,35.97600173950195,35.97600173950195,35.97600173950195,35.775001525878906,35.775001525878906,2
2025-06-23,Silver,SI=F,36.15299987792969,36.15299987792969,36.165000915527344,36.15299987792969,36.15999984741211,7
2025-06-24,Silver,SI=F,35.70100021362305,35.70100021362305,35.83000183105469,35.599998474121094,35.83000183105469,10
2025-06-25,Silver,SI=F,36.084999084472656,36.084999084472656,36.084999084472656,36.084999084472656,36.084999084472656,2
2025-06-26,Silver,SI=F,36.58599853515625,36.58599853515625,36.58599853515625,36.310001373291016,36.310001373291016,43116
2025-06-27,Silver,SI=F,36.0369987487793,36.0369987487793,36.63999938964844,35.6349983215332,36.560001373291016,7734
2025-06-30,Silver,SI=F,35.85200119018555,35.85200119018555,36.119998931884766,35.27000045776367,35.89500045776367,191
2025-07-01,Silver,SI=F,36.082000732421875,36.082000732421875,36.5,35.845001220703125,36.060001373291016,74
2025-07-02,Silver,SI=F,36.42599868774414,36.42599868774414,36.45000076293945,35.97999954223633,35.97999954223633,512
2025-07-03,Silver,SI=F,36.784000396728516,36.784000396728516,36.939998626708984,36.349998474121094,36.40999984741211,0
2025-07-04,Silver,SI=F,36.775001525878906,36.775001525878906,36.775001525878906,36.775001525878906,36.775001525878906,0
2025-07-07,Silver,SI=F,36.6150016784668,36.6150016784668,37.09000015258789,36.125,37.09000015258789,362
2025-07-08,Silver,SI=F,36.47200012207031,36.47200012207031,36.685001373291016,36.2599983215332,36.685001373291016,463
2025-07-09,Silver,SI=F,36.35100173950195,36.35100173950195,36.3849983215332,36.27000045776367,36.3849983215332,34
2025-07-10,Silver,SI=F,37.03799819946289,37.03799819946289,37.40999984741211,36.63999938964844,36.63999938964844,746
2025-07-11,Silver,SI=F,38.67599868774414,38.67599868774414,38.93000030517578,37.45000076293945,37.45000076293945,687
2025-07-14,Silver,SI=F,38.46200180053711,38.46200180053711,39.13999938964844,38.36000061035156,39.099998474121094,103
2025-07-15,Silver,SI=F,37.83399963378906,37.83399963378906,38.33000183105469,37.67499923706055,38.279998779296875,183
2025-07-16,Silver,SI=F,37.85300064086914,37.85300064086914,38.05500030517578,37.790000915527344,37.970001220703125,218
2025-07-17,Silver,SI=F,38.055999755859375,38.055999755859375,38.19499969482422,37.84000015258789,37.84000015258789,147
2025-07-18,Silver,SI=F,38.222999572753906,38.222999572753906,38.51499938964844,38.222999572753906,38.51499938964844,52
2025-07-21,Silver,SI=F,39.10100173950195,39.10100173950195,39.125,38.994998931884766,38.994998931884766,73
2025-07-22,Silver,SI=F,39.31999969482422,39.31999969482422,39.35499954223633,38.915000915527344,38.915000915527344,67
2025-07-23,Silver,SI=F,39.27799987792969,39.27799987792969,39.40999984741211,39.220001220703125,39.40999984741211,51
2025-07-24,Silver,SI=F,39.020999908447266,39.020999908447266,39.130001068115234,38.84000015258789,39.060001373291016,59
2025-07-25,Silver,SI=F,38.16699981689453,38.16699981689453,38.93000030517578,38.040000915527344,38.93000030517578,7
2025-07-28,Silver,SI=F,38.0260009765625,38.0260009765625,38.189998626708984,38.02000045776367,38.130001068115234,154
2025-07-29,Silver,SI=F,38.08399963378906,38.08399963378906,38.130001068115234,38.060001373291016,38.130001068115234,1109
2025-07-30,Silver,SI=F,37.566001892089844,37.566001892089844,38.165000915527344,36.775001525878906,38.165000915527344,352
2025-07-31,Silver,SI=F,36.551998138427734,36.551998138427734,36.84000015258789,36.551998138427734,36.84000015258789,89
2025-08-01,Silver,SI=F,36.7869987487793,36.7869987487793,36.7869987487793,36.345001220703125,36.345001220703125,95
2025-08-04,Silver,SI=F,37.19200134277344,37.19200134277344,37.29999923706055,37.14500045776367,37.14500045776367,488
2025-08-05,Silver,SI=F,37.6870002746582,37.6870002746582,37.6870002746582,37.60499954223633,37.60499954223633,3
2025-08-06,Silver,SI=F,37.76599884033203,37.76599884033203,37.76599884033203,37.7599983215332,37.7599983215332,6
2025-08-07,Silver,SI=F,38.15800094604492,38.15800094604492,38.375,38.15800094604492,38.33000183105469,130
2025-08-08,Silver,SI=F,38.41699981689453,38.41699981689453,38.619998931884766,38.38999938964844,38.48500061035156,54
2025-08-11,Silver,SI=F,37.6619987487793,37.6619987487793,38.040000915527344,37.6619987487793,38.040000915527344,35
2025-08-12,Silver,SI=F,37.89899826049805,37.89899826049805,37.89899826049805,37.55500030517578,37.55500030517578,19
2025-08-13,Silver,SI=F,38.499000549316406,38.499000549316406,38.505001068115234,38.45000076293945,38.45000076293945,8
2025-08-14,Silver,SI=F,37.981998443603516,37.981998443603516,37.981998443603516,37.981998443603516,37.981998443603516,5
2025-08-15,Silver,SI=F,37.89400100708008,37.89400100708008,37.89400100708008,37.880001068115234,37.880001068115234,2
2025-08-18,Silver,SI=F,37.95100021362305,37.95100021362305,37.95100021362305,37.95100021362305,37.95100021362305,3
2025-08-19,Silver,SI=F,37.26100158691406,37.26100158691406,37.30500030517578,37.20500183105469,37.30500030517578,10
2025-08-20,Silver,SI=F,37.70500183105469,37.70500183105469,37.744998931884766,37.70500183105469,37.744998931884766,2
2025-08-21,Silver,SI=F,38.027000427246094,38.027000427246094,38.027000427246094,38.027000427246094,38.027000427246094,28
2025-08-22,Silver,SI=F,39.00299835205078,39.00299835205078,39.00299835205078,39.00299835205078,39.00299835205078,2
2025-08-25,Silver,SI=F,38.676998138427734,38.676998138427734,38.790000915527344,38.5099983215332,38.76499938964844,344
2025-08-26,Silver,SI=F,38.582000732421875,38.582000732421875,38.582000732421875,38.525001525878906,38.525001525878906,78
2025-08-27,Silver,SI=F,38.68899917602539,38.68899917602539,38.68899917602539,38.68899917602539,38.68899917602539,38378
2025-08-28,Silver,SI=F,39.189998626708984,39.189998626708984,39.334999084472656,38.68000030517578,38.689998626708984,5603
2025-08-29,Silver,SI=F,40.20000076293945,40.20000076293945,40.30500030517578,38.904998779296875,39.154998779296875,0
2025-09-02,Silver,SI=F,41.07099914550781,41.07099914550781,41.34000015258789,40.185001373291016,40.185001373291016,820
2025-09-03,Silver,SI=F,41.54199981689453,41.54199981689453,41.71500015258789,41.01499938964844,41.150001525878906,409
2025-09-04,Silver,SI=F,40.9109992980957,40.9109992980957,41.05500030517578,40.79999923706055,41.029998779296875,249
2025-09-05,Silver,SI=F,41.07400131225586,41.07400131225586,41.53499984741211,40.869998931884766,40.959999084472656,835
2025-09-08,Silver,SI=F,41.42599868774414,41.42599868774414,41.779998779296875,41.150001525878906,41.150001525878906,531
2025-09-09,Silver,SI=F,40.87799835205078,40.87799835205078,41.56999969482422,40.87799835205078,41.56999969482422,359
2025-09-10,Silver,SI=F,41.132999420166016,41.132999420166016,41.132999420166016,41.132999420166016,41.132999420166016,350
2025-09-11,Silver,SI=F,41.696998596191406,41.696998596191406,41.7400016784668,41.349998474121094,41.35499954223633,538
2025-09-12,Silver,SI=F,42.387001037597656,42.387001037597656,42.387001037597656,41.599998474121094,41.599998474121094,18
2025-09-15,Silver,SI=F,42.516998291015625,42.516998291015625,42.58000183105469,42.209999084472656,42.209999084472656,48
2025-09-16,Silver,SI=F,42.47100067138672,42.47100067138672,42.47100067138672,42.435001373291016,42.47100067138672,894
2025-09-17,Silver,SI=F,41.72200012207031,41.72200012207031,41.935001373291016,41.72200012207031,41.88999938964844,311
2025-09-18,Silver,SI=F,41.707000732421875,41.707000732421875,41.709999084472656,41.494998931884766,41.70000076293945,156
2025-09-19,Silver,SI=F,42.5359992980957,42.5359992980957,42.8650016784668,41.814998626708984,41.915000915527344,625
2025-09-22,Silver,SI=F,43.79899978637695,43.79899978637695,43.91999816894531,43.29999923706055,43.66999816894531,179
2025-09-23,Silver,SI=F,44.19200134277344,44.19200134277344,44.29999923706055,43.70000076293945,43.900001525878906,400
2025-09-24,Silver,SI=F,43.777000427246094,43.777000427246094,44.185001373291016,43.70000076293945,44.11000061035156,174
2025-09-25,Silver,SI=F,44.696998596191406,44.696998596191406,45.0,43.78499984741211,43.790000915527344,199
2025-09-26,Silver,SI=F,46.22100067138672,46.22100067138672,46.22100067138672,44.869998931884766,44.875,556
2025-09-29,Silver,SI=F,46.61199951171875,46.61199951171875,46.875,46.09000015258789,46.13999938964844,622
2025-09-30,Silver,SI=F,46.25299835205078,46.25299835205078,46.959999084472656,45.96500015258789,46.935001373291016,338
2025-10-01,Silver,SI=F,47.290000915527344,47.290000915527344,47.5099983215332,46.790000915527344,47.345001220703125,125
2025-10-02,Silver,SI=F,46.0,46.0,47.244998931884766,45.3849983215332,46.970001220703125,509
2025-10-03,Silver,SI=F,47.59700012207031,47.59700012207031,47.59700012207031,47.59700012207031,47.59700012207031,53
2025-10-06,Silver,SI=F,48.082000732421875,48.082000732421875,48.082000732421875,47.89500045776367,47.89500045776367,60
2025-10-07,Silver,SI=F,47.17900085449219,47.17900085449219,47.849998474121094,47.029998779296875,47.41999816894531,708
2025-10-08,Silver,SI=F,48.65599822998047,48.65599822998047,48.65599822998047,47.88999938964844,47.88999938964844,149
2025-10-09,Silver,SI=F,46.849998474121094,46.849998474121094,49.4900016784668,46.73500061035156,47.92499923706055,1568
2025-10-10,Silver,SI=F,46.9379997253418,46.9379997253418,48.290000915527344,46.93000030517578,46.93000030517578,453
2025-10-13,Silver,SI=F,50.130001068115234,50.130001068115234,50.494998931884766,49.34000015258789,49.34000015258789,453
2025-10-14,Silver,SI=F,50.31399917602539,50.31399917602539,51.98500061035156,48.53499984741211,51.2599983215332,249
2025-10-15,Silver,SI=F,51.073001861572266,51.073001861572266,51.57500076293945,50.845001220703125,50.939998626708984,102
2025-10-16,Silver,SI=F,53.02299880981445,53.02299880981445,53.10499954223633,51.78499984741211,52.5099983215332,356
2025-10-17,Silver,SI=F,49.86399841308594,49.86399841308594,53.34000015258789,49.64500045776367,53.21500015258789,400
2025-10-20,Silver,SI=F,51.11899948120117,51.11899948120117,51.43000030517578,50.13999938964844,50.415000915527344,652
2025-10-21,Silver,SI=F,47.45000076293945,47.45000076293945,50.80500030517578,47.415000915527344,50.80500030517578,329
2025-10-22,Silver,SI=F,47.46099853515625,47.46099853515625,48.1150016784668,47.220001220703125,47.88999938964844,347
2025-10-23,Silver,SI=F,48.481998443603516,48.481998443603516,48.90999984741211,48.459999084472656,48.470001220703125,507
2025-10-24,Silver,SI=F,48.37699890136719,48.37699890136719,48.43000030517578,47.42499923706055,47.42499923706055,270
2025-10-27,Silver,SI=F,46.5620002746582,46.5620002746582,47.810001373291016,45.845001220703125,47.810001373291016,161
2025-10-28,Silver,SI=F,47.125,47.125,47.125,46.32500076293945,46.32500076293945,59
2025-10-29,Silver,SI=F,47.72100067138672,47.72100067138672,47.72100067138672,47.72100067138672,47.72100067138672,545
2025-10-30,Silver,SI=F,48.428001403808594,48.428001403808594,48.61000061035156,47.1349983215332,47.540000915527344,370
2025-10-31,Silver,SI=F,47.99399948120117,47.99399948120117,48.68000030517578,47.99399948120117,48.439998626708984,484
2025-11-03,Silver,SI=F,47.88800048828125,47.88800048828125,48.349998474121094,47.82500076293945,47.82500076293945,0
2025-11-04,Silver,SI=F,47.130001068115234,47.130001068115234,47.130001068115234,46.80500030517578,46.92499923706055,115
2025-11-05,Silver,SI=F,47.862998962402344,47.862998962402344,47.880001068115234,47.560001373291016,47.560001373291016,23
2025-11-06,Silver,SI=F,47.79399871826172,47.79399871826172,47.79399871826172,47.79399871826172,47.79399871826172,86
2025-11-07,Silver,SI=F,48.016998291015625,48.016998291015625,48.040000915527344,48.01499938964844,48.029998779296875,23
2025-11-10,Silver,SI=F,50.176998138427734,50.176998138427734,50.176998138427734,49.5,49.5,91
2025-11-11,Silver,SI=F,50.61800003051758,50.61800003051758,50.85499954223633,50.43000030517578,50.43000030517578,106
2025-11-12,Silver,SI=F,53.332000732421875,53.332000732421875,53.5,51.25,51.25,20
2025-11-13,Silver,SI=F,53.07400131225586,53.07400131225586,54.20000076293945,52.65999984741211,52.93000030517578,264
2025-11-14,Silver,SI=F,50.59000015258789,50.59000015258789,53.099998474121094,50.244998931884766,53.099998474121094,73
2025-11-17,Silver,SI=F,50.625,50.625,50.75,49.665000915527344,50.75,71
2025-11-18,Silver,SI=F,50.45000076293945,50.45000076293945,50.91999816894531,49.23500061035156,49.33000183105469,384
2025-11-19,Silver,SI=F,50.790000915527344,50.790000915527344,51.75,50.42499923706055,51.599998474121094,72
2025-11-20,Silver,SI=F,50.24700164794922,50.24700164794922,50.349998474121094,50.005001068115234,50.349998474121094,10
2025-11-21,Silver,SI=F,49.87300109863281,49.87300109863281,49.94499969482422,48.125,49.849998474121094,22
2025-11-24,Silver,SI=F,50.29499816894531,50.29499816894531,50.29499816894531,49.595001220703125,49.595001220703125,35
2025-11-25,Silver,SI=F,50.933998107910156,50.933998107910156,51.130001068115234,50.814998626708984,50.845001220703125,49588
2025-11-26,Silver,SI=F,52.91600036621094,52.91600036621094,53.095001220703125,50.959999084472656,51.10499954223633,14378
2025-11-28,Silver,SI=F,56.44599914550781,56.44599914550781,56.45500183105469,52.54999923706055,53.07500076293945,2541
2025-12-01,Silver,SI=F,58.417999267578125,58.417999267578125,58.474998474121094,56.13999938964844,56.220001220703125,994
2025-12-02,Silver,SI=F,57.983001708984375,57.983001708984375,58.459999084472656,56.58000183105469,57.66999816894531,392
2025-12-03,Silver,SI=F,57.92100143432617,57.92100143432617,58.900001525878906,57.650001525878906,58.78499984741211,264
2025-12-04,Silver,SI=F,56.84700012207031,56.84700012207031,58.29999923706055,56.29999923706055,58.29999923706055,335
2025-12-05,Silver,SI=F,58.422000885009766,58.422000885009766,58.470001220703125,56.834999084472656,56.834999084472656,284
2025-12-08,Silver,SI=F,57.77899932861328,57.77899932861328,58.34000015258789,57.52000045776367,58.209999084472656,518
2025-12-09,Silver,SI=F,60.16899871826172,60.16899871826172,60.52000045776367,57.6150016784668,57.6150016784668,324
2025-12-10,Silver,SI=F,60.37900161743164,60.37900161743164,61.529998779296875,60.1150016784668,60.56999969482422,462
2025-12-11,Silver,SI=F,63.92900085449219,63.92900085449219,63.92900085449219,61.875,61.974998474121094,408
2025-12-12,Silver,SI=F,61.36199951171875,61.36199951171875,63.55500030517578,60.665000915527344,63.06999969482422,435
2025-12-15,Silver,SI=F,62.939998626708984,62.939998626708984,62.95000076293945,61.22999954223633,61.22999954223633,387
2025-12-16,Silver,SI=F,62.70000076293945,62.70000076293945,63.0,62.540000915527344,62.665000915527344,70
2025-12-17,Silver,SI=F,66.23699951171875,66.23699951171875,66.4749984741211,65.08999633789062,65.27999877929688,233
2025-12-18,Silver,SI=F,64.59200286865234,64.59200286865234,65.7750015258789,64.27999877929688,65.7750015258789,118
2025-12-19,Silver,SI=F,66.84500122070312,66.84500122070312,66.84500122070312,66.48500061035156,66.49500274658203,144
2025-12-22,Silver,SI=F,67.90599822998047,67.90599822998047,68.86499786376953,67.00499725341797,67.00499725341797,130
2025-12-23,Silver,SI=F,70.48500061035156,70.48500061035156,70.57499694824219,69.07499694824219,69.08000183105469,40
2025-12-24,Silver,SI=F,71.03099822998047,71.03099822998047,71.51499938964844,71.0,71.51499938964844,35
2025-12-26,Silver,SI=F,76.48600006103516,76.48600006103516,78.83999633789062,73.73500061035156,74.5,140
2025-12-29,Silver,SI=F,69.85600280761719,69.85600280761719,79.69999694824219,69.85600280761719,79.69999694824219,1608
2025-12-30,Silver,SI=F,77.3740005493164,77.3740005493164,77.41000366210938,70.5,71.33000183105469,992
2025-12-31,Silver,SI=F,70.13400268554688,70.13400268554688,74.625,70.13400268554688,74.6050033569336,343
2026-01-02,Silver,SI=F,70.55599975585938,70.55599975585938,73.58999633789062,70.55599975585938,71.375,602
2026-01-05,Silver,SI=F,76.16400146484375,76.16400146484375,76.81999969482422,73.90499877929688,74.17500305175781,883
2026-01-06,Silver,SI=F,80.52999877929688,80.52999877929688,80.8550033569336,75.93000030517578,75.93000030517578,580
2026-01-07,Silver,SI=F,77.13500213623047,77.13500213623047,80.9000015258789,75.875,80.9000015258789,2093
2026-01-08,Silver,SI=F,74.71600341796875,74.71600341796875,76.56999969482422,73.16500091552734,76.56999969482422,1447
2026-01-09,Silver,SI=F,78.88400268554688,78.88400268554688,79.9749984741211,76.69999694824219,76.69999694824219,254
2026-01-12,Silver,SI=F,84.61000061035156,84.61000061035156,85.82499694824219,82.0,82.0,575
2026-01-13,Silver,SI=F,85.87699890136719,85.87699890136719,88.61000061035156,84.58999633789062,84.90499877929688,341
2026-01-14,Silver,SI=F,90.86900329589844,90.86900329589844,93.0,88.70500183105469,89.3499984741211,470
2026-01-15,Silver,SI=F,91.8759994506836,91.8759994506836,92.41999816894531,86.12999725341797,90.82499694824219,390
2026-01-16,Silver,SI=F,88.09100341796875,88.09100341796875,90.92500305175781,86.19499969482422,90.44000244140625,685
2026-01-20,Silver,SI=F,94.20600128173828,94.20600128173828,94.98999786376953,92.05999755859375,92.31999969482422,543
2026-01-21,Silver,SI=F,92.20999908447266,92.20999908447266,94.52999877929688,91.58999633789062,93.88500213623047,231
2026-01-22,Silver,SI=F,95.97599792480469,95.97599792480469,95.9800033569336,92.4800033569336,92.83499908447266,548
2026-01-23,Silver,SI=F,100.92500305175781,100.92500305175781,102.92500305175781,97.7300033569336,98.2699966430664,283
2026-01-26,Silver,SI=F,115.08000183105469,115.08000183105469,117.19499969482422,103.22000122070312,105.04499816894531,537
2026-01-27,Silver,SI=F,105.52300262451172,105.52300262451172,110.5199966430664,103.0999984741211,104.4000015258789,131
2026-01-28,Silver,SI=F,113.11100006103516,113.11100006103516,114.57499694824219,112.73500061035156,114.57499694824219,1436
2026-01-29,Silver,SI=F,114.03700256347656,114.03700256347656,121.30000305175781,107.97000122070312,116.88999938964844,1261
2026-01-30,Silver,SI=F,78.29000091552734,78.29000091552734,117.79000091552734,76.0250015258789,116.86499786376953,841
2026-02-02,Silver,SI=F,76.77799987792969,76.77799987792969,84.38999938964844,73.36000061035156,81.0,388
2026-02-03,Silver,SI=F,83.04199981689453,83.04199981689453,88.19499969482422,80.0,80.125,840
2026-02-04,Silver,SI=F,84.16500091552734,84.16500091552734,90.9749984741211,83.625,87.11000061035156,158
2026-02-05,Silver,SI=F,76.52899932861328,76.52899932861328,88.44000244140625,71.08000183105469,88.44000244140625,422
2026-02-06,Silver,SI=F,76.73500061035156,76.73500061035156,77.31999969482422,68.70999908447266,70.40499877929688,118
2026-02-09,Silver,SI=F,82.06500244140625,82.06500244140625,82.06500244140625,79.9800033569336,80.50499725341797,443
2026-02-10,Silver,SI=F,80.21800231933594,80.21800231933594,81.67500305175781,79.83999633789062,81.67500305175781,112
2026-02-11,Silver,SI=F,83.75399780273438,83.75399780273438,84.47000122070312,80.98500061035156,80.99500274658203,11
2026-02-12,Silver,SI=F,75.5459976196289,75.5459976196289,82.69499969482422,75.5459976196289,82.68499755859375,78
2026-02-13,Silver,SI=F,77.85099792480469,77.85099792480469,78.47000122070312,74.83000183105469,75.11000061035156,63
2026-02-17,Silver,SI=F,73.4469985961914,73.4469985961914,75.3499984741211,72.0,75.3499984741211,61
2026-02-18,Silver,SI=F,77.50900268554688,77.50900268554688,77.50900268554688,75.69999694824219,75.69999694824219,18
2026-02-19,Silver,SI=F,77.56500244140625,77.56500244140625,78.94000244140625,76.94000244140625,76.94000244140625,208
2026-02-20,Silver,SI=F,82.28299713134766,82.28299713134766,84.41500091552734,80.45999908447266,80.45999908447266,30
2026-02-23,Silver,SI=F,86.52300262451172,86.52300262451172,87.91500091552734,86.49500274658203,86.49500274658203,41
2026-02-24,Silver,SI=F,87.45700073242188,87.45700073242188,87.45700073242188,86.29000091552734,86.29000091552734,268
2026-02-25,Silver,SI=F,90.93900299072266,90.93900299072266,90.93900299072266,90.93900299072266,90.93900299072266,36156
2026-02-26,Silver,SI=F,86.99800109863281,86.99800109863281,90.25499725341797,84.9800033569336,88.92500305175781,6626
2026-02-27,Silver,SI=F,92.68199920654297,92.68199920654297,93.87999725341797,87.81999969482422,88.06500244140625,1134
2026-03-02,Silver,SI=F,88.28399658203125,88.28399658203125,95.86000061035156,86.22000122070312,95.86000061035156,1338
2026-03-03,Silver,SI=F,82.9229965209961,82.9229965209961,90.80000305175781,79.0,89.58999633789062,1600
2026-03-04,Silver,SI=F,82.63300323486328,82.63300323486328,85.01499938964844,82.63300323486328,83.08499908447266,502
2026-03-05,Silver,SI=F,81.68699645996094,81.68699645996094,84.1500015258789,80.95500183105469,84.09500122070312,597
2026-03-06,Silver,SI=F,83.81600189208984,83.81600189208984,84.33499908447266,81.42500305175781,82.91999816894531,282
2026-03-09,Silver,SI=F,84.03199768066406,84.03199768066406,86.51000213623047,79.5,82.49500274658203,497
2026-03-10,Silver,SI=F,89.08300018310547,89.08300018310547,89.58999633789062,87.0,87.12000274658203,106
2026-03-11,Silver,SI=F,85.06500244140625,85.06500244140625,88.68000030517578,84.5250015258789,88.54499816894531,1455
2026-03-12,Silver,SI=F,84.66999816894531,84.66999816894531,87.16000366210938,84.66999816894531,86.56500244140625,284
2026-03-13,Silver,SI=F,80.91400146484375,80.91400146484375,83.81500244140625,79.44999694824219,82.0,856
2026-03-16,Silver,SI=F,80.26300048828125,80.26300048828125,80.90499877929688,79.0,79.0,91
2026-03-17,Silver,SI=F,79.52999877929688,79.52999877929688,82.23999786376953,78.58000183105469,80.43000030517578,248
2026-03-18,Silver,SI=F,77.23799896240234,77.23799896240234,77.73500061035156,74.80000305175781,76.5,340
2026-03-19,Silver,SI=F,70.9020004272461,70.9020004272461,76.1050033569336,67.0,75.70500183105469,138
2026-03-20,Silver,SI=F,69.36000061035156,69.36000061035156,71.92500305175781,69.36000061035156,71.91999816894531,45
2026-03-23,Silver,SI=F,69.04900360107422,69.04900360107422,69.51000213623047,61.09000015258789,64.73999786376953,271
2026-03-24,Silver,SI=F,69.27400207519531,69.27400207519531,71.18499755859375,68.55000305175781,69.08999633789062,122
2026-03-25,Silver,SI=F,72.36100006103516,72.36100006103516,73.16999816894531,71.2249984741211,71.38999938964844,211
2026-03-26,Silver,SI=F,67.6709976196289,67.6709976196289,70.1050033569336,67.2300033569336,70.1050033569336,31
2026-03-27,Silver,SI=F,69.54499816894531,69.54499816894531,69.54499816894531,67.54000091552734,67.55000305175781,391
2026-03-30,Silver,SI=F,70.3239974975586,70.3239974975586,70.9800033569336,67.81999969482422,67.90499877929688,482
2026-03-31,Silver,SI=F,74.69000244140625,74.69000244140625,75.16999816894531,72.55500030517578,72.55500030517578,98
2026-04-01,Silver,SI=F,75.86699676513672,75.86699676513672,75.86699676513672,73.9000015258789,74.34500122070312,81
2026-04-02,Silver,SI=F,72.73500061035156,72.73500061035156,73.71499633789062,69.83499908447266,73.71499633789062,0
2026-04-06,Silver,SI=F,72.66100311279297,72.66100311279297,72.66100311279297,71.8499984741211,71.8499984741211,1
2026-04-07,Silver,SI=F,71.82599639892578,71.82599639892578,71.8949966430664,70.0,71.8949966430664,91
2026-04-08,Silver,SI=F,75.2239990234375,75.2239990234375,77.44999694824219,75.2239990234375,76.16999816894531,34
2026-04-09,Silver,SI=F,76.2770004272461,76.2770004272461,76.2770004272461,73.77999877929688,73.77999877929688,4
2026-04-10,Silver,SI=F,76.3239974975586,76.3239974975586,76.6500015258789,75.30500030517578,75.30500030517578,175
2026-04-13,Silver,SI=F,75.52300262451172,75.52300262451172,75.52300262451172,72.79499816894531,72.80000305175781,13
2026-04-14,Silver,SI=F,79.39099884033203,79.39099884033203,79.58999633789062,76.81500244140625,76.81500244140625,590
2026-04-15,Silver,SI=F,79.49099731445312,79.49099731445312,80.3499984741211,79.30000305175781,80.25,473
2026-04-16,Silver,SI=F,78.60600280761719,78.60600280761719,79.17500305175781,78.60600280761719,79.17500305175781,504
2026-04-17,Silver,SI=F,81.73799896240234,81.73799896240234,82.83000183105469,81.73799896240234,82.37999725341797,38
2026-04-20,Silver,SI=F,79.95099639892578,79.95099639892578,79.95099639892578,79.50499725341797,79.5250015258789,24
2026-04-21,Silver,SI=F,76.41100311279297,76.41100311279297,78.94999694824219,76.41100311279297,78.94999694824219,34
2026-04-22,Silver,SI=F,77.89299774169922,77.89299774169922,77.89299774169922,76.875,76.875,9
2026-04-23,Silver,SI=F,75.46499633789062,75.46499633789062,76.32499694824219,75.46499633789062,76.30500030517578,21
2026-04-24,Silver,SI=F,76.38300323486328,76.38300323486328,76.38300323486328,76.38300323486328,76.38300323486328,31
2026-04-27,Silver,SI=F,75.00299835205078,75.00299835205078,75.33499908447266,74.75499725341797,75.26499938964844,7
2026-04-28,Silver,SI=F,73.20500183105469,73.20500183105469,73.20500183105469,73.20500183105469,73.20500183105469,28613
2026-04-29,Silver,SI=F,71.56900024414062,71.56900024414062,73.81500244140625,70.88500213623047,72.98500061035156,4128
2026-04-30,Silver,SI=F,73.53399658203125,73.53399658203125,73.8499984741211,71.38500213623047,71.38500213623047,498
2026-05-01,Silver,SI=F,75.95099639892578,75.95099639892578,76.87999725341797,73.11000061035156,74.41999816894531,598
2026-05-04,Silver,SI=F,73.0719985961914,73.0719985961914,75.4000015258789,72.5,75.4000015258789,591
2026-05-05,Silver,SI=F,73.10800170898438,73.10800170898438,73.94499969482422,72.66999816894531,72.66999816894531,194
2026-05-06,Silver,SI=F,76.81099700927734,76.81099700927734,77.83499908447266,73.7750015258789,73.88999938964844,235
2026-05-07,Silver,SI=F,79.70099639892578,79.70099639892578,82.17500305175781,77.87000274658203,77.87000274658203,301
2026-05-08,Silver,SI=F,80.3949966430664,80.3949966430664,81.5999984741211,80.05999755859375,80.81500244140625,14
2026-05-11,Silver,SI=F,85.48500061035156,85.48500061035156,86.25,85.0,85.6050033569336,408
2026-05-12,Silver,SI=F,85.12999725341797,85.12999725341797,86.91000366210938,83.75,86.49500274658203,418
2026-05-13,Silver,SI=F,88.88800048828125,88.88800048828125,88.88800048828125,86.93000030517578,86.93000030517578,137
2026-05-14,Silver,SI=F,84.91200256347656,84.91200256347656,87.07499694824219,84.9000015258789,87.07499694824219,91
2026-05-15,Silver,SI=F,77.16100311279297,77.16100311279297,80.61000061035156,76.00499725341797,80.61000061035156,53
2026-05-18,Silver,SI=F,77.072998046875,77.072998046875,78.05500030517578,74.74500274658203,75.34500122070312,211
2026-05-19,Silver,SI=F,74.8280029296875,74.8280029296875,78.46499633789062,73.79000091552734,78.46499633789062,50
2026-05-20,Silver,SI=F,75.85099792480469,75.85099792480469,76.42500305175781,75.16999816894531,75.58999633789062,249
2026-05-21,Silver,SI=F,76.41400146484375,76.41400146484375,76.87000274658203,74.95999908447266,74.95999908447266,4
2026-05-22,Silver,SI=F,75.89299774169922,75.89299774169922,76.04000091552734,75.89299774169922,76.0199966430664,20
2026-05-26,Silver,SI=F,76.30500030517578,76.30500030517578,77.50499725341797,76.09500122070312,77.50499725341797,110
2026-05-27,Silver,SI=F,74.5989990234375,74.5989990234375,74.75,74.31999969482422,74.56999969482422,863
2026-05-28,Silver,SI=F,75.6449966430664,75.6449966430664,76.0,71.97000122070312,73.6500015258789,280
2026-05-29,Silver,SI=F,75.61599731445312,75.61599731445312,75.61599731445312,75.11499786376953,75.5199966430664,23
2026-06-01,Silver,SI=F,75.00700378417969,75.00700378417969,75.6449966430664,74.375,74.375,82
2026-06-02,Silver,SI=F,75.31099700927734,75.31099700927734,76.0250015258789,75.31099700927734,75.6500015258789,58
2026-06-03,Silver,SI=F,73.47599792480469,73.47599792480469,73.47599792480469,73.20999908447266,73.47599792480469,13
2026-06-04,Silver,SI=F,73.77899932861328,73.77899932861328,74.19999694824219,73.08999633789062,73.08999633789062,138
2026-06-05,Silver,SI=F,68.94300079345703,68.94300079345703,72.7300033569336,68.6500015258789,72.57499694824219,62
2026-06-08,Silver,SI=F,68.42500305175781,68.42500305175781,68.80999755859375,66.87000274658203,67.44999694824219,22
2026-06-09,Silver,SI=F,65.09400177001953,65.09400177001953,68.81500244140625,65.0,68.2249984741211,81
2026-06-10,Silver,SI=F,64.5989990234375,64.5989990234375,64.5989990234375,63.744998931884766,63.81999969482422,4
2026-06-11,Silver,SI=F,63.8849983215332,63.8849983215332,63.98500061035156,63.8849983215332,63.95500183105469,22
2026-06-12,Silver,SI=F,67.85900115966797,67.85900115966797,68.08000183105469,67.0199966430664,67.04499816894531,11
2026-06-15,Silver,SI=F,70.06600189208984,70.06600189208984,70.06600189208984,70.06600189208984,70.06600189208984,0
2026-06-16,Silver,SI=F,69.89900207519531,69.89900207519531,69.89900207519531,69.89900207519531,69.89900207519531,2
2026-06-17,Silver,SI=F,70.69599914550781,70.69599914550781,70.94999694824219,68.76000213623047,70.30999755859375,22
2026-06-18,Silver,SI=F,66.25499725341797,66.25499725341797,66.25499725341797,66.25499725341797,66.25499725341797,0
2026-06-22,Silver,SI=F,65.5270004272461,65.5270004272461,65.5270004272461,65.5270004272461,65.5270004272461,16
2026-06-23,Silver,SI=F,62.02000045776367,62.02000045776367,62.02000045776367,61.95000076293945,61.95000076293945,56
2026-06-24,Silver,SI=F,58.051998138427734,58.051998138427734,59.51499938964844,57.25,59.38999938964844,79
2026-06-25,Silver,SI=F,58.347999572753906,58.347999572753906,58.3849983215332,58.347999572753906,58.3849983215332,148
2026-06-26,Silver,SI=F,59.21699905395508,59.21699905395508,59.21699905395508,59.189998626708984,59.189998626708984,25322
2026-06-29,Silver,SI=F,58.17499923706055,58.17499923706055,59.125,57.540000915527344,58.68000030517578,3617
2026-06-30,Silver,SI=F,59.47700119018555,59.47700119018555,60.400001525878906,57.03499984741211,58.34000015258789,1886
2026-07-01,Silver,SI=F,60.084999084472656,60.084999084472656,60.41999816894531,57.32500076293945,58.8650016784668,367
2026-07-02,Silver,SI=F,60.643001556396484,60.643001556396484,61.595001220703125,59.46500015258789,59.470001220703125,197
2026-07-06,Silver,SI=F,61.91999816894531,61.91999816894531,62.619998931884766,61.6349983215332,62.619998931884766,69
2026-07-07,Silver,SI=F,60.930999755859375,60.930999755859375,61.369998931884766,60.20500183105469,61.20500183105469,124
2026-07-08,Silver,SI=F,58.16400146484375,58.16400146484375,60.904998779296875,57.7599983215332,60.904998779296875,326
2026-07-09,Silver,SI=F,60.37799835205078,60.37799835205078,60.5,58.900001525878906,59.220001220703125,192
2026-07-10,Silver,SI=F,59.808998107910156,59.808998107910156,60.345001220703125,59.720001220703125,59.97999954223633,73
2026-07-13,Silver,SI=F,57.63399887084961,57.63399887084961,59.04499816894531,57.5099983215332,58.935001373291016,589
2026-07-14,Silver,SI=F,58.77199935913086,58.77199935913086,59.60499954223633,57.51499938964844,57.650001525878906,131
2026-07-15,Silver,SI=F,57.11000061035156,57.11000061035156,58.69499969482422,56.900001525878906,58.69499969482422,568
2026-07-16,Silver,SI=F,55.89799880981445,55.89799880981445,56.084999084472656,55.89799880981445,55.915000915527344,1809
2026-07-17,Silver,SI=F,56.03799819946289,56.03799819946289,56.03799819946289,55.01499938964844,55.54999923706055,427
2026-07-20,Silver,SI=F,56.801998138427734,56.801998138427734,57.10499954223633,55.654998779296875,55.654998779296875,1714
2026-07-21,Silver,SI=F,58.834999084472656,58.834999084472656,59.025001525878906,56.334999084472656,56.334999084472656,124
2026-07-22,Silver,SI=F,60.01900100708008,60.01900100708008,60.01900100708008,59.3849983215332,59.3849983215332,358
2026-07-23,Silver,SI=F,57.79800033569336,57.79800033569336,58.65999984741211,57.79800033569336,58.65999984741211,28
2026-07-24,Silver,SI=F,58.65599822998047,58.65599822998047,58.65599822998047,58.65599822998047,58.65599822998047,5
2026-07-27,Silver,SI=F,58.47200012207031,58.47200012207031,58.47200012207031,58.47200012207031,58.47200012207031,5
2026-07-28,Silver,SI=F,57.54499816894531,57.54499816894531,58.82500076293945,56.900001525878906,58.744998931884766,8471
